month,season,is_highway,roadType,class,lat,lon
-0.018897789261874142,-0.021984903190618073,0.0,0.008370013522659321,-0.06862122944311776,-0.005602396066339853,-0.014522792272083897
-0.07341579294944395,-0.032896710722235344,0.0,-0.012386560408526892,-0.20821805428645557,-0.0964815730174843,0.2531869283138121
-0.015150702142792197,-0.02360101267121902,0.0,-0.016986973182677487,0.06394007782719205,-0.20729614564824084,0.03876439172975977
-0.03212780596654387,-0.021680167654085616,0.0,0.0038530641877247466,-0.08987621946897979,-0.08476408710625508,0.05230992072534673
-0.046323329531165164,-0.032093030154229554,0.0,0.01150693739282978,-0.26468217803627775,-0.05092810164035414,0.2188466863379611
-0.07448577968331888,-0.03208692692424164,0.0,0.011696588923298,-0.26175075762003847,-0.09923114314864706,0.2838638053849286
-0.017221629057259703,-0.01598343589090149,0.0,0.029838775266101222,-0.053620906895688394,-0.03686470451832223,-0.059573640661610576
-0.03451169511652668,-0.021779825174646546,0.0,0.23199899444362723,0.2083019599166557,-1.7370335065668991,2.269749829467802
-0.0173317034684835,-0.019422682962010232,0.0,0.05442851829063868,0.08113505699764145,-0.2029331204199811,-0.013910633763043022
-0.0198122621857047,-0.02211973621355264,0.0,0.0037492638794561577,-0.1005928397384226,0.008404099681164944,-0.02576043886687096
-0.01323192937777999,-0.010353635664819153,0.0,-0.10227684839921636,1.0667117783861637,-0.7145865778718932,-0.4153418429853615
-0.01571352015118431,-0.018248047894946735,0.0,0.009571948315053718,-0.05699872211327377,-0.06157709936685289,-0.016422930318109215
-0.01930105375138229,-0.020685161074182397,0.0,-0.23176951958705866,1.0279082006482714,-0.19716537235742204,-0.37938419459747513
-0.019829756700779428,-0.01871499668319404,0.0,0.05040415527255686,0.06692407390843225,-0.2010886492018629,-0.047772783615505174
-0.01794515989527333,-0.01740152916105365,0.0,0.04826877853572669,-0.20273389628899346,0.049335206363899514,0.003869256975571608
-0.017659216068620514,-0.018891420858617045,0.0,0.008188528920327382,-0.06891415259316537,-0.018995803915877314,-0.037045530949507514
-0.03325219999309041,-0.029266406965536895,0.0,0.011303679471655314,-0.22869598137277075,-0.035095266331151724,0.15258517760408777
-0.019829756700779428,-0.01871499668319404,0.0,0.05040415527255686,0.06692407390843225,-0.2010886492018629,-0.047772783615505174
-0.01062264212238462,-0.018905783296090696,0.0,-1.6324310596777096,4.559568378132989,-2.8808178087046263,2.2238180677567945
-0.017659216068620514,-0.01912596385168385,0.0,0.008188528920327382,-0.06891415259316537,-0.017644248864724096,-0.03706427768930828
-0.046323329531165164,-0.03204143749541641,0.0,0.011283505414175067,-0.264105098464563,-0.049981939784217395,0.21579345581185252
-0.01749616121547245,-0.018751172782913612,0.0,1.0285025216375274,-0.15341281833674775,-0.972702165956162,-0.019407509396041595
-0.046293906138126006,-0.02209631932752154,0.0,0.009571206659296496,-0.13069525637859775,-0.020517262687938454,0.03972094549001533
-0.03451169511652668,-0.021779825174646546,0.0,0.09128216983761057,0.054159412221389716,-1.8660186741338585,1.8743389460024156
-0.018248670479681733,-0.016953900381406848,0.0,0.2378232103532321,-0.5834741942035416,2.4492227967724323,-2.241590571813504
-0.018604663385270483,-0.01727279184511604,0.0,-0.2369927271938486,1.0366836807257218,-0.42049748024652084,-0.34584363378472555
-0.017050305795971627,-0.01911354282969484,0.0,-1.46890783633215e-05,-0.10442751017304557,-0.009950859096840802,-0.02384268765141353
-0.018604663385270483,-0.01727279184511604,0.0,-0.23542039997715533,1.0349342058770046,-0.3861765718353024,-0.35504248044568215
-0.01154994315907416,-0.013707562172465198,0.0,0.14458094611908584,1.2851776920606808,-0.9559972802974076,-0.12120418579724636
-0.01571352015118431,-0.018248047894946735,0.0,0.009571948315053718,-0.05699872211327377,-0.06157709936685289,-0.016422930318109215
-0.01723117881451158,-0.021369932466108424,0.0,-0.0019502051822370562,-0.07615303939265124,-0.03200311992221853,-0.03756948009952663
-0.018604663385270483,-0.01727279184511604,0.0,-0.2317425014549435,1.0361383961426678,-0.24298768577150598,-0.3832553454291774
-0.028200774924160777,-0.021889093831145075,0.0,0.005743655696084403,-0.021164662869859234,-0.19585717953565032,0.06018622855539976
-0.011757572375153942,-0.016351948638385575,0.0,0.17310453038164933,-0.5535300994968575,2.493475599628176,-2.264739149379477
-0.018228042630064466,-0.019087854030192655,0.0,-0.008522844980578155,-0.11545951978331408,0.017209798645614872,-0.02591288467702838
-0.007713490657375906,-0.01188013850616312,0.0,0.17216246451148623,1.1340961665152582,-1.040552852148034,-0.35083862663557275
-0.01930105375138229,-0.01727279184511604,0.0,-0.2324143670609399,1.0284860444049648,-0.20226576241776137,-0.38194843076413926
-0.03422970019404724,-0.020820616741103203,0.0,0.015554988603506096,-0.14358847412054448,-0.006602633894268649,0.014613164330666504
-0.018604663385270483,-0.017331982716640857,0.0,-0.22533635511435662,1.048139659840691,-0.3910094939113631,-0.3813590310269212
-0.00935367166237484,-0.019422682962010232,0.0,-0.010960687835957463,-0.03416359959080913,-0.039607647169066874,-0.040104302333906924
-0.017666204594300676,-0.018859064112584274,0.0,-0.0015753111357356888,-0.08162737860387025,-0.037848498891805846,0.004706791924747678
-0.016385370713753376,-0.01673352780558294,0.0,0.04389686612414539,-0.10524612132496153,-0.03104598876018707,-0.07206025035036596
-0.032178817537220857,-0.02419228492989219,0.0,-0.0004520554968047929,-0.15746272194761007,-0.05713751472584212,0.09997626424791327
-0.012196817263414407,-0.011830819221587895,0.0,-0.31437230650869347,1.0392086976141852,-0.44274423235270816,-0.31293315787808146
-0.07341579294944395,-0.032896710722235344,0.0,-0.011786940590216104,-0.2010115928726352,-0.10981222857441592,0.25320090852369137
-0.07448577968331888,-0.03287215960853734,0.0,0.011904714750970961,-0.26174450167492297,-0.10249032151279194,0.2898585756495418
-0.010061408476015474,0.0016938275954130476,0.0,-0.11965268011916742,1.256212040504901,-0.9016216071340247,-0.07335748371534985
-0.012422290901546356,-0.021959999091704985,0.0,-0.02114062946072814,-0.055254549480831756,0.015061961590205142,-0.03740370743754597
-0.016078457458585355,-0.01598343589090149,0.0,0.029039978459767253,-0.050989037107208646,-0.04435578816454036,-0.05763621955738334
-0.016322430423833197,-0.018136421132508067,0.0,0.01984753929669711,-0.026603429881998066,-0.08146964041327819,-0.03549995696266551
-0.045251644936292926,-0.030490734393755853,0.0,-0.010132709612023724,-0.19462396927498302,-0.07557906541254887,0.18371345587472912
-0.017487218807104285,-0.016940569671239882,0.0,0.038033212333432306,-0.09442038337311383,-0.007216071925670711,-0.008030496843511523
-0.01863452535161186,-0.02195569665408112,0.0,-0.0022322199419687366,-0.10320653809941388,0.006530791336652489,-0.025664276485951473
-0.0198122621857047,-0.02211973621355264,0.0,0.0037492638794561577,-0.1005928397384226,0.0014206338938784532,-0.02576043886687096
-0.01596306857672667,-0.018370964125574873,0.0,0.01984753929669711,-0.026603429881998066,-0.08767896467634433,-0.03414222288387192
-0.017659216068620514,-0.019101059752770762,0.0,0.004978109961988263,-0.06565566373233024,-0.025884091384739467,-0.03750770063852437
-0.017050305795971627,-0.01911354282969484,0.0,-1.46890783633215e-05,-0.10442751017304557,-0.009950859096840802,-0.02384268765141353
-0.014740727931060307,-0.01764266267556594,0.0,0.8235953892061895,-0.1352480186715879,-0.44347111728184024,-0.2291926689622812
-0.058301155558638046,-0.03834699506216368,0.0,0.011432963501219818,-0.24358015604443564,-0.06363540759602891,0.22192903168210912
-0.007266453744538808,-0.013203183579701868,0.0,0.08770504839004378,1.1285300110740608,-0.9574978560502175,-0.3823179614033355
-0.01863452535161186,-0.021981385453583305,0.0,-0.0004118352000623555,-0.08648921478402814,-0.013321569556069423,-0.024350961364616442
-0.04524994707529561,-0.030503695666795283,0.0,-0.008631240869197249,-0.19335705366911568,-0.07685428027000016,0.18488571599732936
-0.03777568770881086,-0.026050868737305725,0.0,0.03560374442416535,-0.1258181883295364,-0.15283573173324932,0.19626701935807478
-0.032180515398218174,-0.02749294803586055,0.0,-0.010654998628622115,-0.16742863170045874,-0.04629995767528406,0.11837379096447286
-0.015039271688719156,-0.016854614178303078,0.0,0.012193401814356413,-0.11466240162538238,-0.021519834809071495,-0.05924586683530001
-0.017221629057259703,-0.01598343589090149,0.0,0.02938859414440983,-0.05361035813174788,-0.03756260521957254,-0.060670375768681166
-0.04632163167016785,-0.03208692692424164,0.0,0.011222125774267093,-0.2543896114369518,-0.06931162600991164,0.22429885862069562
-0.010497196850867412,-0.01873965742380735,0.0,0.005542383675863334,-0.05311200718591271,-0.027021947488515198,-0.06132335950369819
-0.018474269007141466,-0.017820900245953564,0.0,0.05594258103675579,-0.38865752830117684,1.2045931067668185,-0.9907672102059736
-0.03325219999309041,-0.029043651137521123,0.0,0.011142955733491835,-0.2215472333284802,-0.045056854853062066,0.1485334999585495
-0.009364597196362298,-0.013753503253105068,0.0,0.1931606423412296,1.4152986510814887,-1.326831481093111,0.013325439997796493
-0.018228042630064466,-0.019251893589664174,0.0,0.0033657004006440337,-0.11316216142893679,0.0020818537009359844,-0.025376865372017582
-0.017659216068620514,-0.018891420858617045,0.0,0.00874588286247533,-0.06477876676920886,-0.031038000602006472,-0.03267024861128941
-0.045251644936292926,-0.030490734393755853,0.0,-0.011264261382278939,-0.19423811668490254,-0.0755588039414077,0.18371265516657256
-0.05083507711465367,-0.03076379827457662,0.0,0.014598191626521567,-0.1516306207623111,0.00034065754794292515,0.053821205694517454
-0.0173317034684835,-0.019422682962010232,0.0,0.05442851829063868,0.08113505699764145,-0.2029331204199811,-0.013910633763043022
-0.012418398278804447,-0.014436833356587781,0.0,0.1067008660402017,1.1849118752618082,-0.8882676758975676,-0.31878340642956515
-0.011485724475474881,-0.013691593668979183,0.0,0.13618112129897994,1.2619302278118816,-0.9867494631161348,-0.21078216977809777
-0.017477304070200865,-0.018136421132508067,0.0,0.01607915181404598,-0.02856578594229896,-0.08095523785799133,-0.04134326529620629
-0.007713490657375906,-0.01188013850616312,0.0,0.17053190569701018,1.1340124294996459,-1.0389705472172577,-0.3521239333017493
-0.018604663385270483,-0.01727279184511604,0.0,-0.22141465631407403,1.029302431459984,-0.22735905028980977,-0.3616205207277915
-0.017659216068620514,-0.01912596385168385,0.0,0.006868911919636622,-0.0664155834450839,-0.019102073311837147,-0.032937655408025485
-0.03278235610041727,-0.02728011771434746,0.0,0.004624662123893623,-0.09203771212627015,-0.06396176229165042,0.06836889795585618
-0.010021415210069617,-0.016249168537793426,0.0,0.04002227338766206,-0.09245914453715066,0.008025818798879548,-0.05728477168720758
-0.0744874775443162,-0.034445109536484046,0.0,0.012401742768628045,-0.2648378621994085,-0.09795009494332674,0.28603331320761066
-0.019257151108980665,-0.021984903190618073,0.0,0.010257329932126153,-0.06610314983952231,-0.0025508771056090736,-0.010068076044210138
-0.03325219999309041,-0.029043651137521123,0.0,0.011903294242370141,-0.22165439323798097,-0.04727681451632366,0.1510969073205788
-0.017212394236886995,-0.017874162489059243,0.0,0.02810943315432923,-0.025670007176782424,-0.059324184320369254,-0.06279330345244227
-0.017659216068620514,-0.018891420858617045,0.0,0.008188528920327382,-0.06891415259316537,-0.018995803915877314,-0.037045530949507514
-0.032178817537220857,-0.027484860866251414,0.0,-0.010102187234872547,-0.15920647436677246,-0.0589078702167104,0.11900292717357626
-0.017659216068620514,-0.01912596385168385,0.0,0.006868911919636622,-0.0664155834450839,-0.019102073311837147,-0.032937655408025485
-0.007306596166380315,-0.012646244215797986,0.0,-0.04648062112557098,1.0874699779510706,-0.7701307313585881,-0.36569887612557256
-0.01392870314499925,-0.01718139821921873,0.0,0.045790519317312,-0.11165663305178197,0.03362437077842798,-0.05615250671378772
-0.017477304070200865,-0.018136421132508067,0.0,0.015725453951898734,-0.031399479014840255,-0.07179314476397852,-0.04553250006088105
-0.010095675661879355,-0.017980431618153363,0.0,1.0692276664999345,-0.12717014747079844,-1.036793595611241,-0.05301369712169246
-0.017330828281724688,-0.018081561457973263,0.0,1.0456121519799026,-0.08148167242901595,-1.0442422642541278,-0.04013711819823838
-0.01930105375138229,-0.020615433589835825,0.0,-0.22737329929482825,0.9796994098351376,-0.10777476290991181,-0.5745137111859285
-0.02375580801805397,-0.02122357436896206,0.0,0.043831549760805014,-0.08570301223124321,-0.03626510113364571,-0.062017424203772493
-0.016322430423833197,-0.018136421132508067,0.0,0.01984753929669711,-0.026603429881998066,-0.08146964041327819,-0.03549995696266551
-0.018604663385270483,-0.01727279184511604,0.0,-0.2318014080676722,1.0501350528745235,-0.24059496044146214,-0.3759584334034043
-0.02756711700317631,-0.02823266438401888,0.0,0.08281249192545515,0.23621434069384292,-0.1611452055266818,0.1311160263284872
-0.01809855736116346,-0.018440416748245713,0.0,0.012156404467032847,-0.049702475428413995,-0.009132450217322586,-0.05244894920830271
-0.018604663385270483,-0.01727279184511604,0.0,-0.23114921794696477,1.0336349916067795,-0.24287974223064157,-0.3566178299278872
-0.017752395253950136,-0.01819774433786144,0.0,0.006079161052261245,-0.25054117943804166,0.8456048273809708,-0.727613219753396
-0.04524994707529561,-0.030482647224146717,0.0,-0.010122356244756839,-0.19445071817953413,-0.07494365104153579,0.18371345587472912
-0.01782458142834593,-0.025375097544386608,0.0,0.005829409077491621,-0.15423819769774463,0.07255015094676054,-0.054347060398210974
-0.01840169173093484,-0.017418255858813174,0.0,0.042144187948464716,-0.13422977944739287,0.005648490392632831,-0.02354379591808179
-0.03212610810554655,-0.021693128927125046,0.0,0.004982817321584792,-0.08900700579539968,-0.08409487800199425,0.05235033362219578
-0.058301155558638046,-0.03834699506216368,0.0,0.011611574698862768,-0.2435801048055681,-0.05973720496048781,0.2165281806916584
-0.007492936354061703,-0.013166818734153443,0.0,-0.03607778357553312,1.1523084599339117,-0.5843192520054046,-0.4014612772797277
-0.02651418110663375,-0.021610472916389872,0.0,0.007605310385004962,-0.13492845337868617,-0.05623615912102723,0.0641168160306396
-0.02037180872868916,-0.020274448628164358,0.0,0.005454404201582504,-0.07908285918543265,-0.054955592844210074,-0.00034923573610387906
-0.01915741873197649,-0.0223193188370418,0.0,0.01082610595845464,-0.1474585785177016,-0.02970958945463946,0.036587132650984115
-0.04632163167016785,-0.032035334265428504,0.0,0.011386079441185406,-0.253806224681254,-0.06772643988237867,0.22124562809458706
-0.026001473007520287,-0.01964188785797499,0.0,0.007485179901446085,-0.13560495588545265,-0.04284264833229609,0.053019839880834245
-0.025936141997471726,-0.024624664452633806,0.0,0.02593078984675865,-0.070867972093188,-0.0025769478681045414,-0.050369909912497894
-0.01729985422151399,-0.01912596385168385,0.0,0.008188528920327382,-0.06891415259316537,-0.02520512817894344,-0.035687796870713925
-0.017221629057259703,-0.01598343589090149,0.0,0.02938859414440983,-0.05361035813174788,-0.03756260521957254,-0.060670375768681166
-0.01863452535161186,-0.021981385453583305,0.0,-0.00041238321715861964,-0.09375984218153387,-0.0033957383501909823,-0.023049655277733234
-0.017050305795971627,-0.01911354282969484,0.0,-1.46890783633215e-05,-0.10442751017304557,-0.009950859096840802,-0.02384268765141353
-0.01729985422151399,-0.019371969642212696,0.0,0.012754538431160251,-0.07855608519132708,-0.011957865516691209,-0.021891552023201314
-0.019137972056790235,-0.02280923100887733,0.0,0.024896528677892542,-0.04387428409200781,-0.03281525889805508,-0.04631580136878688
-0.01750258021487579,-0.01701864108877235,0.0,0.05124553188530885,-0.09073848093386364,0.006002804826046085,-0.053095574043984475
-0.017666204594300676,-0.018859064112584274,0.0,-0.003445793415785334,-0.07104552663877706,-0.05197417003036659,0.0003400713665379458
-0.018604663385270483,-0.017203064360769467,0.0,-0.22560409395051542,0.9829141203468631,-0.18656710421160788,-0.5866043150906736
-0.04997199391438589,-0.015037310344391796,0.0,0.0002382746373288445,-0.07060317990670394,-0.04498160997920718,0.013598727992315162
-0.05083507711465367,-0.03076379827457662,0.0,0.014598191626521567,-0.1516306207623111,0.00034065754794292515,0.053821205694517454
-0.00935367166237484,-0.019422682962010232,0.0,-0.01655770420207641,-0.037594648252365644,-0.030157513722499488,-0.06222199096432477
-0.01670507146582739,-0.01583098143544064,0.0,0.014310618920609633,-0.10512174939283318,0.018889200665278782,-0.05752935924411933
-0.028200774924160777,-0.021889093831145075,0.0,0.005418477715807687,-0.022388880599401192,-0.1880095343687992,0.06132029584476742
-0.018604663385270483,-0.01727279184511604,0.0,-0.2317425014549435,1.0361383961426678,-0.24298768577150598,-0.3832553454291774
-0.012116124503775557,-0.013311790645720812,0.0,-0.4566075547085123,1.0120810254807182,-0.3452993283844824,-0.3085166137484498
-0.00744842657434001,-0.013166818734153443,0.0,-0.012297919883873173,1.2248447860594502,-0.5679230365418799,-0.30034818010292097
-0.006947234319273789,-0.01257942231984001,0.0,-0.017867642935377223,1.0892677924653227,-0.7395013994634472,-0.4004151492293056
-0.016905764470748416,-0.01939284825272351,0.0,0.048251534104407204,0.11133659164262806,-0.26576428586110007,0.005955204292136709
-0.008959522055588401,-0.013293764798301638,0.0,0.19488092776778213,1.3614397094313238,-1.4357253044298526,-0.0039610119753422015
-0.07341409508844662,-0.030536544170371722,0.0,-0.010644369058793512,-0.20122324621226978,-0.10932345770277967,0.2509948603267612
-0.016078457458585355,-0.01598343589090149,0.0,0.029490159581458647,-0.05099958587114916,-0.04365788746329005,-0.05653948445031275
-0.014865437975756174,-0.021957077385706774,0.0,0.00977893684190556,-0.0634735011579737,0.03232050147368698,-0.083435533659677
-0.01723117881451158,-0.02145371934536205,0.0,0.013537607722427451,-0.13029501767133556,0.02816609104574944,-0.02967270002511396
-0.01582917002270262,-0.01944758706092332,0.0,0.005278075470038168,-0.027991908638506355,-0.09135039123181087,0.006719698787777968
-0.01930105375138229,-0.020615433589835825,0.0,-0.23007076491330156,0.992730834385151,-0.09033804017243052,-0.5155281069361813
-0.07448577968331888,-0.03287215960853734,0.0,0.011517329105397925,-0.261750808858906,-0.10312934578418817,0.2898585756495418
-0.018604663385270483,-0.01727279184511604,0.0,-0.2369927271938486,1.0366836807257218,-0.42049748024652084,-0.34584363378472555
-0.016078457458585355,-0.01598343589090149,0.0,0.029039978459767253,-0.050989037107208646,-0.04435578816454036,-0.05763621955738334
-0.01930105375138229,-0.020615433589835825,0.0,-0.22878366272772,0.9933639866373302,-0.09450191654355933,-0.5542115456035683
-0.020430152863428797,-0.014727935151681347,0.0,0.04536424033485078,-0.1930397359217728,0.04489249924636762,0.09934690565722452
-0.018157711809724496,-0.017660737057957215,0.0,0.019315014326979525,-0.17582167204494045,0.022783536826540097,0.018365085175711886
-0.01392870314499925,-0.01718139821921873,0.0,0.045953241247747065,-0.11159827332972294,0.0329032287512492,-0.05733924271090825
-0.018604663385270483,-0.017203064360769467,0.0,-0.22568319281116458,0.9788523907619907,-0.16213834894717902,-0.5877833917279159
-0.016188531869809147,-0.019422682962010232,0.0,0.0011200707021544343,-0.03646153440120703,-0.05218511506902665,-0.05810628667244976
-0.020281143655464583,-0.024750393364993455,0.0,0.06874667187913813,0.09169757136039718,-0.18400500588364296,-0.08091917307124041
-0.033250502132093095,-0.024860485607802775,0.0,0.0001753861152973335,-0.17857479046111846,-0.04311818231305963,0.11178498889488135
-0.025936141997471726,-0.024624664452633806,0.0,0.02593078984675865,-0.070867972093188,-0.0025769478681045414,-0.050369909912497894
-0.015039271688719156,-0.016854614178303078,0.0,0.013781207835224669,-0.09356865588380828,-0.019038976699453217,-0.07401653745667323
-0.032180515398218174,-0.02749294803586055,0.0,-0.011244092372394647,-0.1589938728721409,-0.05952302311658232,0.11900212646541973
-0.01723117881451158,-0.021369932466108424,0.0,-0.014071399237588645,-0.2511692870962,0.1550993460630034,0.1663121143030755
-0.01930105375138229,-0.01727279184511604,0.0,-0.2324143670609399,1.0284860444049648,-0.20226576241776137,-0.38194843076413926
-0.015756383312356268,-0.017093749393811624,0.0,-0.038779338195328694,0.05537013353000726,-0.14635253458526087,-0.005443463359058648
-0.017627156318749705,-0.017203064360769467,0.0,-0.1935488968508972,0.9485714546865504,-0.2261017916452439,-0.5740021221894277
-0.017627156318749705,-0.017203064360769467,0.0,-0.19795229981756401,0.9518815990495059,-0.05126324026698381,-0.5383544299697695
-0.022131083674985962,-0.023503388470580665,0.0,0.024423261169151354,-0.070867972093188,-0.007241406577608088,-0.037227105436871584
-0.01747892314064708,-0.019647991087962904,0.0,0.051091861119305595,-0.2584074581743231,0.6428059576252627,-0.561749518468037
-0.01930105375138229,-0.01727279184511604,0.0,-0.22872950427732675,1.0298131415708627,-0.21402565926105022,-0.39264290182463263
-0.007266453744538808,-0.013203183579701868,0.0,0.07547308562419779,1.1170010513268311,-0.8647977628021767,-0.3846865249296586
-0.01863452535161186,-0.021981385453583305,0.0,-0.0004118352000623555,-0.08648921478402814,-0.013321569556069423,-0.024350961364616442
-0.016322430423833197,-0.018136421132508067,0.0,0.01984753929669711,-0.026603429881998066,-0.08146964041327819,-0.03549995696266551
-0.032147898132020035,-0.021760890197691684,0.0,0.01574431587628759,-0.25645392574129605,0.4483769747151765,-0.23900840222747696
-0.03325219999309041,-0.029043651137521123,0.0,0.011903294242370141,-0.22165439323798097,-0.04727681451632366,0.1510969073205788
-0.03325219999309041,-0.029043651137521123,0.0,0.011303674424059358,-0.22886085465180134,-0.033946158959391994,0.15108292711069954
-0.017659216068620514,-0.01912596385168385,0.0,0.008392185000328099,-0.06761245984175014,-0.020524352456840433,-0.037386201942893146
-0.018604663385270483,-0.01727279184511604,0.0,-0.2317425014549435,1.0361383961426678,-0.24298768577150598,-0.3832553454291774
-0.015144286748816104,-0.016953900381406848,0.0,0.297582358499825,-0.5284104898436928,2.190002086592888,-2.074709159292952
-0.03325219999309041,-0.02486735482874048,0.0,0.00028244735892896426,-0.18885716365736926,-0.02846315641213751,0.11084266261977513
-0.00744842657434001,-0.013166818734153443,0.0,-0.031074982908361432,1.1441546508685814,-0.5999500370212324,-0.40301776511467136
-0.009150106944923896,-0.013203183579701868,0.0,0.13506766967910422,1.200544452746416,-1.2984269168756002,-0.20425806475278782
-0.017752395253950136,-0.01819774433786144,0.0,0.006079161052261245,-0.25054117943804166,0.8456048273809708,-0.727613219753396
-0.017602539681659927,-0.019647991087962904,0.0,0.01408931268831006,-0.14328908659400344,-0.03308648960183584,0.0298471325647777
-0.07341579294944395,-0.031329864024276545,0.0,-0.011786922816572745,-0.2010106447176382,-0.10993861060265157,0.25158797889276724
-0.007266453744538808,-0.013203183579701868,0.0,0.08770504839004378,1.1285300110740608,-0.9574978560502175,-0.3823179614033355
-0.03325219999309041,-0.029043651137521123,0.0,0.010543335915181038,-0.22875369474230056,-0.03172619929613041,0.14851951974867025
-0.04629560399912332,-0.022102422557509455,0.0,0.00985601827785919,-0.14098782297792367,-0.0021337383183810694,0.034268773207280806
-0.009354944855540441,-0.019163475065106662,0.0,-0.008946289692261104,-0.04267436544347661,-0.04838783411522037,-0.06364120028188966
-0.07341409508844662,-0.030536544170371722,0.0,-0.010644369058793512,-0.20122324621226978,-0.10932345770277967,0.2509948603267612
-0.01930105375138229,-0.020615433589835825,0.0,-0.22737329929482825,0.9796994098351376,-0.10777476290991181,-0.5745137111859285
-0.012196817263414407,-0.011830819221587895,0.0,-0.31223029228107607,1.0108309164391518,-0.48672038692581954,-0.3504091362263072
-0.011485724475474881,-0.013691593668979183,0.0,0.14456868412288298,1.2810037490698192,-0.9783355247475916,-0.1439235739017179
-0.016322430423833197,-0.018616969916103718,0.0,0.019214424894855826,-0.025805846457713544,-0.09119155550237097,-0.032472095374386556
-0.017337704564467694,-0.0254295642719668,0.0,0.007299753251217572,-0.1543223426204258,0.07295568650957678,-0.05200458942237777
-0.030695628694052218,-0.021779825174646546,0.0,0.07634423703351706,-0.03262000048084278,-1.9810064562431184,1.8465452721457092
-0.034982841583815406,-0.030503695666795283,0.0,-0.008187671576532702,-0.18742985735962883,-0.05722213232557119,0.14850374965285423
-0.05371160529590835,-0.03208692692424164,0.0,0.011222054106314367,-0.25339211324527355,-0.06920123247933224,0.22529248653969303
-0.018474269007141466,-0.017826491682828037,0.0,-0.5488085268966758,-0.46498188053716477,1.8518125410173452,-0.9756773499672055
-0.032180515398218174,-0.02749294803586055,0.0,-0.011843712190705437,-0.16620033428596118,-0.04619236755965058,0.11898814625554051
-0.031100875394239617,-0.02178670616426773,0.0,0.36442374950882395,-0.5428777302978964,1.6908110991925924,-1.502167519287403
-0.03325219999309041,-0.02486735482874048,0.0,-0.0001111324130095537,-0.17849332585658623,-0.04392712670896975,0.11174537670618882
-0.0173317034684835,-0.019422682962010232,0.0,0.05442851829063868,0.08113505699764145,-0.2029331204199811,-0.013910633763043022
-0.016594932211223806,-0.01775762344243256,0.0,0.04927484575575572,-0.1539998779898877,0.01088053099640128,-0.08854055613277527
-0.026003170868517604,-0.019647991087962904,0.0,0.008369611338319571,-0.1386910610709582,-0.03778977951967036,0.047581647807978966
-0.006947234319273789,-0.01257942231984001,0.0,-0.017867642935377223,1.0892677924653227,-0.7395013994634472,-0.4004151492293056
-0.011818858126926929,-0.017223020588873927,0.0,-0.5368054326381573,-0.4522957072686612,1.8352216141926787,-1.0256674855829044
-0.018604663385270483,-0.01727279184511604,0.0,-0.2369927271938486,1.0366836807257218,-0.42049748024652084,-0.34584363378472555
-0.05263992070103611,-0.03055759261302029,0.0,-0.010663210701960999,-0.19243309571543346,-0.07504005054120896,0.18704786374428348
-0.017666204594300676,-0.018859064112584274,0.0,0.0014565758239449536,-0.07655419312924501,-0.04248733845137324,-0.016007931645437786
-0.01729985422151399,-0.01912596385168385,0.0,0.008398063897891613,-0.06900254858217329,-0.02136095539407887,-0.03524104699782336
-0.032180515398218174,-0.02749294803586055,0.0,-0.010654998628622115,-0.16742863170045874,-0.04629995767528406,0.11837379096447286
-0.046293906138126006,-0.022095553336571754,0.0,0.009748957034227552,-0.1307054497816728,-0.016788764219303177,0.034320094499564656
-0.01930105375138229,-0.020685161074182397,0.0,-0.23176951958705866,1.0279082006482714,-0.19716537235742204,-0.37938419459747513
-0.016492519551376223,-0.015914626703175797,0.0,0.022630781557700423,-0.14732762641139205,0.04517745723124773,-0.05511196440119392
-0.01818375861854106,-0.019270442753988867,0.0,0.018102129782928158,-0.09739845963204088,0.018194252304173226,-0.03669617595884518
-0.0744874775443162,-0.032093030154229554,0.0,0.011802789344217744,-0.2720433754582319,-0.08474582141463073,0.28381248409264476
-0.01729985422151399,-0.01912596385168385,0.0,0.007305660066099002,-0.06971787066763419,-0.017366994446370403,-0.03926135480275486
-0.0198122621857047,-0.02195569665408112,0.0,0.002877379309481102,-0.10166571807753323,-0.002262759205544895,-0.017898688402482814
-0.021923552035278706,-0.02297039874287133,0.0,0.008311405297420561,-0.12152588768507867,-0.06607171775621956,0.04978133703348272
-0.017050305795971627,-0.01911354282969484,0.0,0.00022920768212936223,-0.10101429638239252,-0.01541272527751396,-0.02384268765141353
-0.01582917002270262,-0.019422682962010232,0.0,0.0014874518552797935,-0.05096389495190961,-0.04362810382585743,-0.019393354380889204
-0.01582917002270262,-0.01944758706092332,0.0,0.005278075470038168,-0.027991908638506355,-0.09135039123181087,0.006719698787777968
-0.016322430423833197,-0.018136421132508067,0.0,0.01984753929669711,-0.026603429881998066,-0.08146964041327819,-0.03549995696266551
-0.017666204594300676,-0.018859064112584274,0.0,-0.003445793415785334,-0.0697308477196289,-0.05689643399180481,0.0046677534422530035
-0.017666204594300676,-0.018859064112584274,0.0,0.0017287870081157386,-0.07617351015147064,-0.04186346814203761,-0.015838006922544504
-0.01677168047793784,-0.01911354282969484,0.0,2.7907011314904064e-05,-0.10522707971100562,-0.009950859096840802,-0.025660283627479248
-0.017487218807104285,-0.017176929582398283,0.0,0.03753945206138332,-0.09669455309070767,-0.012335516843807147,-0.007499688858882536
-0.017752395253950136,-0.01819774433786144,0.0,0.006079161052261245,-0.25054117943804166,0.8456048273809708,-0.727613219753396
-0.032180515398218174,-0.02749294803586055,0.0,-0.011843712190705437,-0.16620033428596118,-0.04619236755965058,0.11898814625554051
-0.007530365132740077,-0.013166818734153443,0.0,-0.04580883551614473,1.16805948936925,-0.5895870349020285,-0.36171717426483246
-0.006947234319273789,-0.01257942231984001,0.0,0.0041120779621751985,1.160640946577818,-0.6574848991000777,-0.3001537791211794
-0.025936141997471726,-0.024624664452633806,0.0,0.02593078984675865,-0.070867972093188,-0.0025769478681045414,-0.050369909912497894
-0.018604663385270483,-0.01727279184511604,0.0,-0.23239648142680716,1.0267474030025816,-0.22127526985957538,-0.39391596224273423
-0.045251644936292926,-0.030490734393755853,0.0,-0.011863881200589732,-0.20144457809872288,-0.06222814838447605,0.18369867495669337
-0.01596306857672667,-0.018370964125574873,0.0,0.020057074274261334,-0.026691825871006002,-0.08383479189147976,-0.03369547301098135
-0.032178817537220857,-0.027484860866251414,0.0,-0.010102187234872547,-0.15920647436677246,-0.0589078702167104,0.11900292717357626
-0.010103064241615684,-0.012005285486097446,0.0,0.6240436117495202,1.709043171068525,-0.6629702921796405,0.00043364797202423064
-0.02651418110663375,-0.021610472916389872,0.0,0.007605310385004962,-0.13492845337868617,-0.05623615912102723,0.0641168160306396
-0.026512483245636435,-0.021604369686401958,0.0,0.007320498766442275,-0.12463588677936038,-0.07461968349058466,0.06956898831337414
-0.012422290901546356,-0.021959999091704985,0.0,-0.0213199270920354,-0.05732687011995832,0.02015563589264312,-0.03736115680887559
-0.017661005566564105,-0.018859064112584274,0.0,0.05146103623641389,-0.1628255892274613,0.646495006039478,-0.664417149723193
-0.018604663385270483,-0.01727279184511604,0.0,-0.2318014080676722,1.0501350528745235,-0.24059496044146214,-0.3759584334034043
-0.01571352015118431,-0.018248047894946735,0.0,0.009571948315053718,-0.05699872211327377,-0.06157709936685289,-0.016422930318109215
-0.04524994707529561,-0.03055759261302029,0.0,-0.010663139034008277,-0.19343059390711176,-0.07515044407178836,0.1860542358252861
-0.014865437975756174,-0.021629140363011994,0.0,0.00616598722970687,-0.06500664565692427,-0.0182294725318866,-0.03450804773600561
-0.03212780596654387,-0.02031881276942167,0.0,0.005303542427868933,-0.07172998729142814,-0.08476408710625508,0.03323763542979241
-0.07448577968331888,-0.03208692692424164,0.0,0.011517977725655054,-0.261750808858906,-0.10312934578418817,0.28926465637537924
-0.031100875394239617,-0.02178670616426773,0.0,0.3641380125158285,-0.5385390752245949,1.6897763890348756,-1.4982827879379075
-0.03451169511652668,-0.021779825174646546,0.0,0.23199899444362723,0.2083019599166557,-1.7370335065668991,2.269749829467802
-0.016492519551376223,-0.015914626703175797,0.0,0.022630781557700423,-0.14732762641139205,0.04517745723124773,-0.05511196440119392
-0.006947234319273789,-0.01257942231984001,0.0,-0.017867642935377223,1.0892677924653227,-0.7395013994634472,-0.4004151492293056
-0.017050305795971627,-0.01911354282969484,0.0,-1.46890783633215e-05,-0.10442751017304557,-0.009950859096840802,-0.02384268765141353
-0.017602539681659927,-0.019647991087962904,0.0,0.01408931268831006,-0.14328908659400344,-0.03308648960183584,0.0298471325647777
-0.05264161856203343,-0.03054463133998086,0.0,-0.01178627419631562,-0.1927763100336691,-0.07660615050812243,0.18887250878921838
-0.017477304070200865,-0.018136421132508067,0.0,0.015208607679487372,-0.03421229820838962,-0.07010994061690998,-0.04279329353544852
-0.014008725403510199,-0.015444434093873393,0.0,-0.0131917910737596,-0.03132878296208754,-0.12957436021432486,-0.010184298209419126
-0.01154994315907416,-0.013707562172465198,0.0,0.13405574380785998,1.2647019789547673,-0.9854112078486889,-0.21759911653532812
-0.01930105375138229,-0.01727279184511604,0.0,-0.2324143670609399,1.0284860444049648,-0.20226576241776137,-0.38194843076413926
-0.018228042630064466,-0.019087854030192655,0.0,-0.008522844980578155,-0.11545951978331408,0.017209798645614872,-0.02591288467702838
-0.03365425725120314,-0.030490734393755853,0.0,-0.01185534455498919,-0.16604735520445704,-0.045097198745868344,0.1189632581332179
-0.017659216068620514,-0.018891420858617045,0.0,0.008188528920327382,-0.06891415259316537,-0.018995803915877314,-0.037045530949507514
-0.0122825937173657,-0.013985981296893856,0.0,0.1339163800974621,1.2658999791389607,-1.057594530957495,-0.16223530720632623
-0.04524994707529561,-0.030503695666795283,0.0,-0.008187509267099158,-0.19336895425018993,-0.07666218729372529,0.18488571599732936
-0.01766450673330336,-0.018854119856072323,0.0,-0.0003903515737282231,-0.0744782260775257,-0.05105435873463998,0.004761185031475976
-0.020281143655464583,-0.02280923100887733,0.0,0.06901904915832378,0.09332890820964172,-0.19527891925478813,-0.06662441511602549
-0.016078457458585355,-0.01598343589090149,0.0,0.029039978459767253,-0.050989037107208646,-0.04435578816454036,-0.05763621955738334
-0.07448577968331888,-0.03287139361758755,0.0,0.01169507948032898,-0.261761002261981,-0.09940084731555289,0.2844577246590912
-0.017443730728962745,-0.021369932466108424,0.0,-0.05501706273858717,-0.48039816201609753,0.026214411140997523,0.44491261112290165
-0.012418398278804447,-0.014436833356587781,0.0,0.11225379803256816,1.1890620950863928,-0.8812346665808217,-0.20437334397348864
-0.020137746081875973,-0.018440416748245713,0.0,0.010404358241142062,-0.0517714759662327,0.010177125987781718,-0.05263783930422561
-0.032180515398218174,-0.02749294803586055,0.0,-0.011244092372394647,-0.1589938728721409,-0.05952302311658232,0.11900212646541973
-0.012116124503775557,-0.013311790645720812,0.0,-0.45661116046298444,1.0124022846967726,-0.34514146207528595,-0.3085166137484498
-0.017319020684266873,-0.01764266267556594,0.0,0.7548318828316191,-0.17922308840078452,-0.43469012016994807,-0.26205839264588227
-0.009150106944923896,-0.013203183579701868,0.0,0.13506766967910422,1.200544452746416,-1.2984269168756002,-0.20425806475278782
-0.00727399483552243,-0.011904408447039555,0.0,-0.0930229500253984,1.1030328619949665,-0.8470690714772606,-0.24469179642418518
-0.00744842657434001,-0.013166818734153443,0.0,-0.02358260621082485,1.1784530055870692,-0.5900213335419783,-0.36936107175370536
-0.058301155558638046,-0.03834622907121389,0.0,0.011610713876150874,-0.24359034944751065,-0.05990690912739364,0.2165281806916584
-0.025936141997471726,-0.024624664452633806,0.0,0.02449343588006739,-0.07575928148382742,-0.0024524962201109787,-0.05218089619940309
-0.012448539801070748,-0.011783725734072522,0.0,-0.14114670860585118,1.1189437553517227,-0.19265258311923228,-0.022040965385132973
-0.03212610810554655,-0.020331008051511314,0.0,0.006432434739017081,-0.0708710182597906,-0.08426458216890008,0.03327804832664146
-0.0173317034684835,-0.019422682962010232,0.0,0.05442851829063868,0.08113505699764145,-0.2029331204199811,-0.013910633763043022
-0.017846580654210808,-0.016915665572326793,0.0,0.03741240092683213,-0.06844424095460812,-0.02044616732308169,-0.05511702144029177
-0.032180515398218174,-0.02439359129836657,0.0,-0.01138698426936418,-0.16302536343473575,-0.05732443058891479,0.11535630783068292
-0.014865437975756174,-0.021629140363011994,0.0,0.006783507010885218,-0.06534504079298302,-0.017188558765737234,-0.03449029128638539
-0.01729985422151399,-0.01912596385168385,0.0,0.008398063897891613,-0.06900254858217329,-0.02136095539407887,-0.03524104699782336
-0.032180515398218174,-0.02749294803586055,0.0,-0.011244092372394647,-0.16560132047706444,-0.05359012615667779,0.11898814625554051
-0.018474269007141466,-0.017820900245953564,0.0,-0.08163823187391647,-0.3365299303514402,0.6884739851763253,-0.41685305350908675
-0.017050305795971627,-0.01911354282969484,0.0,0.00022920768212936223,-0.10101429638239252,-0.01541272527751396,-0.02384268765141353
3.2329987239495335,2.454386263096434,0.0,0.2124247119949396,0.02806452243609086,-0.27497637327592295,1.2149830641396506
-0.017477304070200865,-0.018136421132508067,0.0,0.01607915181404598,-0.02856578594229896,-0.08095523785799133,-0.04134326529620629
-0.018604663385270483,-0.017331982716640857,0.0,-0.23073411925475942,1.0385753534114675,-0.40901986773476295,-0.35604466558752057
-0.006947234319273789,-0.01257942231984001,0.0,-0.017867642935377223,1.0892677924653227,-0.7395013994634472,-0.4004151492293056
-0.0744874775443162,-0.034445109536484046,0.0,0.011408543178378737,-0.2616804858124458,-0.10008340968322735,0.28603104210132274
-0.01596306857672667,-0.018370964125574873,0.0,0.01984753929669711,-0.026603429881998066,-0.08767896467634433,-0.03414222288387192
-0.012098187990096815,-0.013803497310613892,0.0,0.13406353943743837,1.2658924260386857,-0.9887216169423537,-0.21368027263524986
-0.01571352015118431,-0.018248047894946735,0.0,0.009571948315053718,-0.05699872211327377,-0.06157709936685289,-0.016422930318109215
-0.017221629057259703,-0.01598343589090149,0.0,0.02938859414440983,-0.05361035813174788,-0.03756260521957254,-0.060670375768681166
-0.01729985422151399,-0.018891420858617045,0.0,0.008188528920327382,-0.06891415259316537,-0.026556683230096623,-0.03566905013091316
-0.03451169511652668,-0.021779825174646546,0.0,0.22948436830827837,0.2082944106420969,-1.8542025004560834,2.1701673387478904
-0.02756711700317631,-0.028057764427550053,0.0,0.08082657909477788,0.23592705284745966,-0.21789429957162795,0.010053248350750912
-0.058301155558638046,-0.03834699506216368,0.0,0.011432963501219818,-0.24358015604443564,-0.06363540759602891,0.22192903168210912
-0.02985857896258847,-0.029731628079613347,0.0,0.016122798522527612,-0.20646413924063214,-0.0506316283730621,0.12672567858796002
-0.018897789261874142,-0.021984903190618073,0.0,0.008370013522659321,-0.06960290717013586,-0.0032003597783697257,-0.018388512339791788
-0.026001473007520287,-0.01964188785797499,0.0,0.007485179901446085,-0.12175413795955058,-0.07195102667445079,0.06510535354014232
-0.017666204594300676,-0.018859064112584274,0.0,0.0015968186009987903,-0.06581250473348559,-0.043446797042685954,-0.016425592596331473
-0.015756383312356268,-0.017093749393811624,0.0,-0.038779338195328694,0.05537013353000726,-0.14635253458526087,-0.005443463359058648
-0.01729985422151399,-0.01912596385168385,0.0,0.008188528920327382,-0.06891415259316537,-0.02520512817894344,-0.035687796870713925
-0.015590906223412637,-0.021993201703594534,0.0,0.05336331388207976,0.01572266910468559,-0.05682959965975299,-0.05243460083004969
-0.05371160529590835,-0.03208692692424164,0.0,0.011222054106314367,-0.25339211324527355,-0.06920123247933224,0.22529248653969303
-0.0173317034684835,-0.019422682962010232,0.0,0.05353883712100961,0.0834867538135656,-0.2279412000281394,-0.04741570757081389
-0.016972341621376976,-0.01944758706092332,0.0,0.05305673413730052,0.0974812725533383,-0.25648416507199956,0.006294851559785386
-0.016322430423833197,-0.018370964125574873,0.0,0.018841112488416998,-0.022593734291782467,-0.08037901036419022,-0.0343173355201594
-0.01103573804494525,-0.012739438961809808,0.0,0.6393478313557691,1.754959844127055,-0.6494100407542938,0.07277598990124436
-0.013177105044107637,-0.0178809720723705,0.0,0.09465046319485822,1.328278133305914,-1.156388211000041,-0.308491760968595
-0.01930105375138229,-0.020685161074182397,0.0,-0.23176951958705866,1.0279082006482714,-0.19716537235742204,-0.37938419459747513
-0.018604663385270483,-0.01727279184511604,0.0,-0.22141465631407403,1.029302431459984,-0.22735905028980977,-0.3616205207277915
-0.007492936354061703,-0.013166818734153443,0.0,-0.03607778357553312,1.1523084599339117,-0.5843192520054046,-0.4014612772797277
-0.018474269007141466,-0.017820900245953564,0.0,-0.08163823187391647,-0.3365299303514402,0.6884739851763253,-0.41685305350908675
-0.031430290183670835,-0.02397143745115446,0.0,-0.0011820125593416826,-0.1495522563440319,-0.06191826689985471,0.09302970169408326
-0.012060603930782128,-0.016249168537793426,0.0,0.0392931696820479,-0.09474656134513923,0.02609186968607595,-0.059961794384661496
-0.032105930034996205,-0.02027654903109002,0.0,0.0027455600380772226,-0.12732273931533056,-0.0998348268008209,-0.014175960206042547
-0.03325219999309041,-0.025944294400027143,0.0,0.009611792504962116,-0.23190934266965785,-0.03021506630737281,0.14628950568966045
-0.0173317034684835,-0.019422682962010232,0.0,0.05091430124750987,0.07968225393854332,-0.20939288968880468,-0.02000617641770473
-0.017221629057259703,-0.01598343589090149,0.0,0.02938859414440983,-0.05361035813174788,-0.03756260521957254,-0.060670375768681166
-0.01729985422151399,-0.01912596385168385,0.0,0.008188528920327382,-0.06891415259316537,-0.02520512817894344,-0.035687796870713925
-0.03325219999309041,-0.029043651137521123,0.0,0.010543335915181038,-0.22875369474230056,-0.03172619929613041,0.14851951974867025
-0.016699947271320754,-0.017826491682828037,0.0,-0.23066286879912568,-0.2734071675302619,1.051631735518359,-0.5857710508163849
-0.010021415210069617,-0.016249168537793426,0.0,0.04002227338766206,-0.09245914453715066,0.008025818798879548,-0.05728477168720758
-0.01582917002270262,-0.01944758706092332,0.0,0.005278075470038168,-0.027991908638506355,-0.09135039123181087,0.006719698787777968
-0.010021415210069617,-0.016249168537793426,0.0,0.04002227338766206,-0.09245914453715066,0.008025818798879548,-0.05728477168720758
-0.020281143655464583,-0.024750393364993455,0.0,0.06874667187913813,0.09169757136039718,-0.18400500588364296,-0.08091917307124041
-0.012418398278804447,-0.014436833356587781,0.0,0.11225332687156983,1.1890912842798944,-0.8811433246153253,-0.20437334397348864
-0.017487218807104285,-0.017176929582398283,0.0,0.03748594872486221,-0.0980979834559626,-0.007084931835826452,-0.007768178872108025
-0.017050305795971627,-0.01911354282969484,0.0,0.00022920768212936223,-0.10101429638239252,-0.01541272527751396,-0.02384268765141353
-0.016322430423833197,-0.018136421132508067,0.0,0.01984753929669711,-0.026603429881998066,-0.08146964041327819,-0.03549995696266551
-0.017666204594300676,-0.018859064112584274,0.0,0.0015968186009987903,-0.06581250473348559,-0.043446797042685954,-0.016425592596331473
-0.03212780596654387,-0.021680167654085616,0.0,0.0032534443694139594,-0.09708268088280016,-0.07143343154932347,0.05229594051546749
-0.017477304070200865,-0.018136421132508067,0.0,0.015208607679487372,-0.03421229820838962,-0.07010994061690998,-0.04279329353544852
-0.017487218807104285,-0.017176929582398283,0.0,0.03774898703894755,-0.0967829490797156,-0.008491344058942578,-0.00705293898599196
-0.01582917002270262,-0.01944758706092332,0.0,0.005278075470038168,-0.027991908638506355,-0.09135039123181087,0.006719698787777968
-0.017666204594300676,-0.018859064112584274,0.0,0.0017287870081157386,-0.07617351015147064,-0.04186346814203761,-0.015838006922544504
-0.012098187990096815,-0.013803497310613892,0.0,0.14458874174866423,1.2863681391445991,-0.9593076893910725,-0.11728534189716817
-0.017666204594300676,-0.018859064112584274,0.0,-0.003445793415785334,-0.07104552663877706,-0.05197417003036659,0.0003400713665379458
-0.010103064241615684,-0.012005285486097446,0.0,0.6240436117495202,1.709043171068525,-0.6629702921796405,0.00043364797202423064
-0.01566979432712143,-0.01797718114747163,0.0,0.11176442867511951,1.3280539771884399,-1.0382551261960218,-0.367718403221943
-0.018604663385270483,-0.01727279184511604,0.0,-0.2317425014549435,1.0361383961426678,-0.24298768577150598,-0.3832553454291774
-0.017602539681659927,-0.019647991087962904,0.0,0.014505457920699258,-0.14572833987105605,-0.033022003494611485,0.02981896765218296
-0.018474269007141466,-0.017826491682828037,0.0,-0.5488085268966758,-0.46498188053716477,1.8518125410173452,-0.9756773499672055
-0.01782458142834593,-0.025375097544386608,0.0,0.005783387135091692,-0.15418048296307202,0.07234618364569205,-0.05543399841357511
-0.017659216068620514,-0.018891420858617045,0.0,0.008188528920327382,-0.06891415259316537,-0.018995803915877314,-0.037045530949507514
-0.012423564094711957,-0.021700791194801415,0.0,-0.0012768697294005267,-0.05975176680561374,-0.011437510614546627,-0.05594310011680058
-0.03325219999309041,-0.029043651137521123,0.0,0.011903294242370141,-0.22165439323798097,-0.04727681451632366,0.1510969073205788
-0.032180515398218174,-0.024180089647802546,0.0,-0.0015809478079529453,-0.15832169097924761,-0.05763701966319715,0.09904484636824183
-0.03212610810554655,-0.021693128927125046,0.0,0.0069298163029045175,-0.08900705703426719,-0.08586747045857267,0.05348298155610355
-0.012060603930782128,-0.016249168537793426,0.0,0.04002347834186599,-0.09428758827371718,0.02666183862975504,-0.05857784415878325
-0.04632163167016785,-0.032035334265428504,0.0,0.011177304993255316,-0.2538124806263695,-0.06446726151823379,0.21584477710413638
-0.03325219999309041,-0.029043651137521123,0.0,0.011903294242370141,-0.22165439323798097,-0.04727681451632366,0.1510969073205788
-0.022839997062789687,-0.02482029515495252,0.0,0.07115100795151792,0.2041901374254432,-0.16852390711989357,0.08650896138522862
-0.03212610810554655,-0.02169236293617526,0.0,0.0049819564988729005,-0.08901725043734225,-0.08426458216890008,0.05235033362219578
-0.01596306857672667,-0.018370964125574873,0.0,0.019257732918183713,-0.02824350724503604,-0.08151315290469362,-0.037880720674266
-0.014865437975756174,-0.021629140363011994,0.0,0.00616598722970687,-0.06500664565692427,-0.0182294725318866,-0.03450804773600561
-0.018604663385270483,-0.01727279184511604,0.0,-0.23542039997715533,1.0349342058770046,-0.3861765718353024,-0.35504248044568215
-0.017487218807104285,-0.017176929582398283,0.0,0.03753945206138332,-0.09669455309070767,-0.012335516843807147,-0.007499688858882536
-0.017752395253950136,-0.01819774433786144,0.0,0.006079161052261245,-0.25054117943804166,0.8456048273809708,-0.727613219753396
-0.023891882203274397,-0.027512462872212342,0.0,0.0018786209885886776,-0.08576808700033045,-0.040947967837408436,0.014583319808798872
-0.007306596166380315,-0.01255451822092692,0.0,-0.039137426022590384,1.0754197603807083,-0.767757505565872,-0.3885762897033477
-0.018228042630064466,-0.019087854030192655,0.0,-0.008522844980578155,-0.11545951978331408,0.017209798645614872,-0.02591288467702838
-0.029489900134660116,-0.02391204631641144,0.0,0.0012020934922309845,-0.1532284655166643,-0.032180608514742,0.08134972004275229
-0.017487218807104285,-0.017176929582398283,0.0,0.03748594872486221,-0.0980979834559626,-0.007084931835826452,-0.007768178872108025
-0.028952530928275967,-0.026092424590373992,0.0,0.021432006000108462,-0.06182714030983421,-0.08545410740333965,-0.006595377678518406
-0.026001473007520287,-0.01964188785797499,0.0,0.007485179901446085,-0.12175413795955058,-0.07195102667445079,0.06510535354014232
-0.018264707509671036,-0.01683154255053413,0.0,-0.16662482462593153,-0.2573261150298267,0.927858399139546,-0.6422683920249472
-0.032180515398218174,-0.02749294803586055,0.0,-0.011843712190705437,-0.16620033428596118,-0.04619236755965058,0.11898814625554051
-0.01723117881451158,-0.021369932466108424,0.0,-0.0019502051822370562,-0.07615303939265124,-0.03200311992221853,-0.03756948009952663
-0.07448577968331888,-0.03208692692424164,0.0,0.01190536337122809,-0.26174450167492297,-0.10249032151279194,0.28926465637537924
-0.02823831666187591,-0.026003912709332038,0.0,0.47461182545162184,-0.13689056966787225,1.775139558997214,-1.9100649993860386
-0.021948279639857075,-0.02211973621355264,0.0,0.003543152003923821,-0.10646693443752399,0.032359549790018385,-0.030959034185165078
-0.017404733894971516,-0.0192597817279595,0.0,-0.4053276117155602,-0.44420669408313845,1.5189465445800159,-0.7928279909181121
-0.04524994707529561,-0.030503695666795283,0.0,-0.010134508248418894,-0.19336890301132242,-0.07488959483714686,0.18375306806342165
-0.016905764470748416,-0.01939284825272351,0.0,0.04912341867438226,0.11240946998173869,-0.26643784223532896,0.0031386378857709797
-0.018604663385270483,-0.017331982716640857,0.0,-0.22533635511435662,1.048139659840691,-0.3910094939113631,-0.3813590310269212
-0.01582917002270262,-0.01944758706092332,0.0,0.005278075470038168,-0.027991908638506355,-0.09135039123181087,0.006719698787777968
-0.03472594184607538,-0.03204143749541641,0.0,0.011292042059775608,-0.22870787557029726,-0.032850990145609736,0.1510580389883769
-0.012196817263414407,-0.011830819221587895,0.0,-0.31437230650869347,1.0392086976141852,-0.44274423235270816,-0.31293315787808146
-0.033250502132093095,-0.024861251598752562,0.0,0.00017624693800922527,-0.1785645458191759,-0.042948478146153816,0.11178498889488135
-0.01930105375138229,-0.01727279184511604,0.0,-0.2324143670609399,1.0284860444049648,-0.20226576241776137,-0.38194843076413926
-0.01729985422151399,-0.018891420858617045,0.0,0.008188528920327382,-0.06891415259316537,-0.026556683230096623,-0.03566905013091316
-0.01747892314064708,-0.019647991087962904,0.0,0.051091861119305595,-0.2584074581743231,0.6428059576252627,-0.561749518468037
-0.058301155558638046,-0.03834699506216368,0.0,0.011432963501219818,-0.24358015604443564,-0.06363540759602891,0.22192903168210912
-0.018474269007141466,-0.017820900245953564,0.0,-0.08163823187391647,-0.3365299303514402,0.6884739851763253,-0.41685305350908675
-0.03325219999309041,-0.029043651137521123,0.0,0.011303674424059358,-0.22886085465180134,-0.033946158959391994,0.15108292711069954
-0.017487218807104285,-0.016940569671239882,0.0,0.03809519588029973,-0.0897977629336741,-0.01335301456880397,-0.015699750585993176
-0.017050305795971627,-0.019087854030192655,0.0,-0.0023275814522015744,-0.1089119166807834,-0.0021357764944682093,-0.02444279845265783
-0.018604663385270483,-0.01727279184511604,0.0,-0.2317425014549435,1.0361383961426678,-0.24298768577150598,-0.3832553454291774
-0.05264161856203343,-0.03054463133998086,0.0,-0.012392583654131836,-0.2005087708028339,-0.06237860408853819,0.1869934706375552
-0.028229152759336358,-0.020845983761137707,0.0,0.15489384673056683,-0.2200241077775595,-0.21205833389995124,-0.38013116420875404
-0.07341409508844662,-0.032909671995274774,0.0,-0.008710188475036323,-0.20014243043792262,-0.11091561192673348,0.2543739693544482
-0.018897789261874142,-0.021984903190618073,0.0,0.006748991786560851,-0.06894604163904358,-0.009847249311671103,-0.014018463753802092
-0.0122825937173657,-0.013985981296893856,0.0,0.13849209406954374,1.2806808755558043,-1.068120519081825,-0.10578029214385569
-0.017846580654210808,-0.016915665572326793,0.0,0.03741240092683213,-0.06844424095460812,-0.02044616732308169,-0.05511702144029177
-0.015150702142792197,-0.02386022056812259,0.0,-0.05377477567664038,-0.2112622830213203,-0.19841800087213782,0.44685068156398117
-0.02756711700317631,-0.02823266438401888,0.0,0.08281249192545515,0.23621434069384292,-0.1611452055266818,0.1311160263284872
-0.01930105375138229,-0.020615433589835825,0.0,-0.23007076491330156,0.992730834385151,-0.09033804017243052,-0.5155281069361813
-0.018604663385270483,-0.01727279184511604,0.0,-0.2317425014549435,1.0361383961426678,-0.24298768577150598,-0.3832553454291774
-0.04524994707529561,-0.03055759261302029,0.0,-0.009159871654786631,-0.193418744564905,-0.0771151295046417,0.18718688375919382
-0.032178817537220857,-0.024406552571406,0.0,-0.010257231135504134,-0.16215614976115567,-0.05665522148465391,0.11539672072753197
-0.0486367901810736,-0.027442847237663128,0.0,0.0012637039342376227,-0.11889109385631831,0.019986308909511225,0.08300426099526745
-0.006947234319273789,-0.01257942231984001,0.0,-0.017867642935377223,1.0892677924653227,-0.7395013994634472,-0.4004151492293056
-0.017666204594300676,-0.018859064112584274,0.0,0.0017287870081157386,-0.07617351015147064,-0.04186346814203761,-0.015838006922544504
-0.012418398278804447,-0.014436833356587781,0.0,0.13414447167892124,1.2609819842371246,-1.0187668319068366,-0.10282562241486215
-0.03659842252289175,-0.02728011771434746,0.0,0.005565995131796304,-0.09631174609247099,-0.00635395991303003,0.06308267312867956
-0.07341579294944395,-0.03054463133998086,0.0,-0.012385894014626407,-0.20821710613145855,-0.09660795504571996,0.25098007940872546
-0.017659216068620514,-0.018891420858617045,0.0,0.008188528920327382,-0.06891415259316537,-0.018995803915877314,-0.037045530949507514
-0.01766450673330336,-0.018854119856072323,0.0,0.0011129158054934152,-0.07446637673531895,-0.053019044167493284,0.005893832965383742
-0.017752395253950136,-0.01819774433786144,0.0,0.006079161052261245,-0.25054117943804166,0.8456048273809708,-0.727613219753396
-0.01794515989527333,-0.017485316040307276,0.0,0.030390077058636538,-0.19476177891073954,0.021764217915907557,0.06486885726306266
-0.017661005566564105,-0.018859064112584274,0.0,0.05146103623641389,-0.1628255892274613,0.646495006039478,-0.664417149723193
-0.01930105375138229,-0.020685161074182397,0.0,-0.23176951958705866,1.0279082006482714,-0.19716537235742204,-0.37938419459747513
-0.018604663385270483,-0.017331982716640857,0.0,-0.2370177353607086,1.0369478635826006,-0.4178550231344135,-0.3345208264904905
-0.018474269007141466,-0.017820900245953564,0.0,0.05594258103675579,-0.38865752830117684,1.2045931067668185,-0.9907672102059736
3.8993664275581543,3.0304674016247226,0.0,0.3633836329637603,0.44472457542333926,1.8618508220590626,2.2977923421694104
-0.01930105375138229,-0.017203064360769467,0.0,-0.22719894754651726,0.9803959319712799,-0.10823219166791503,-0.5708946288835037
-0.018604663385270483,-0.01727279184511604,0.0,-0.2310898390941013,1.027887545201777,-0.2350197057139604,-0.3912238721559452
-0.01747892314064708,-0.019647991087962904,0.0,0.051091861119305595,-0.2584074581743231,0.6428059576252627,-0.561749518468037
-0.00744842657434001,-0.013002779174681924,0.0,-0.02358260621082485,1.1784530055870692,-0.601361748802917,-0.3643158876956829
-0.026512483245636435,-0.01968426805961108,0.0,0.007229944761535926,-0.12184074232718857,-0.07106471504684646,0.060605611444881094
-0.03159631392827394,-0.023136607715141647,0.0,0.012263769121570981,-0.11556660174448936,-0.07612690221265417,0.06479346978239733
-0.01863452535161186,-0.021981385453583305,0.0,-0.0001683878564524843,-0.08685542079028791,-0.013198033276364408,-0.023049655277733234
-0.018157711809724496,-0.017660737057957215,0.0,0.03589602404102601,-0.15363875831720314,0.017482187219247724,-0.010128522171936634
-0.024772741452883926,-0.015247348580872629,0.0,0.0013459034242837258,-0.08973168714467569,-0.05608728608739552,0.012184546045404658
-0.04997199391438589,-0.015037310344391796,0.0,0.0002382746373288445,-0.07060317990670394,-0.04498160997920718,0.013598727992315162
-0.015144286748816104,-0.016953900381406848,0.0,0.297582358499825,-0.5284104898436928,2.190002086592888,-2.074709159292952
-0.01723117881451158,-0.021369932466108424,0.0,-0.0019502051822370562,-0.07615303939265124,-0.03200311992221853,-0.03756948009952663
-0.046323329531165164,-0.03204143749541641,0.0,0.011283505414175067,-0.264105098464563,-0.049981939784217395,0.21579345581185252
-0.016078457458585355,-0.01598343589090149,0.0,0.029039978459767253,-0.050989037107208646,-0.04435578816454036,-0.05763621955738334
-0.010955428473700487,-0.016915665572326793,0.0,0.07838827849701101,-0.06774300004330246,0.06459445338434093,0.0017118199323364188
-0.017659216068620514,-0.018891420858617045,0.0,0.008188528920327382,-0.06891415259316537,-0.018995803915877314,-0.037045530949507514
-0.03212610810554655,-0.0203317740424611,0.0,0.008380294543048717,-0.07086082485671553,-0.08586747045857267,0.034410696260549226
-0.018604663385270483,-0.01727279184511604,0.0,-0.2369927271938486,1.0366836807257218,-0.42049748024652084,-0.34584363378472555
-0.046323329531165164,-0.03204143749541641,0.0,0.011283505414175067,-0.264105098464563,-0.049981939784217395,0.21579345581185252
-0.018604663385270483,-0.01727279184511604,0.0,-0.2369927271938486,1.0366836807257218,-0.42049748024652084,-0.34584363378472555
-0.01862493105841759,-0.016953900381406848,0.0,0.2962807057697331,-0.5181589845042192,2.2264792732875915,-2.1134608237475696
-0.017659216068620514,-0.018891420858617045,0.0,0.008188528920327382,-0.06891415259316537,-0.018995803915877314,-0.037045530949507514
-0.017596044179222132,-0.018612406161704478,0.0,0.024545165543601706,-0.14350935843503973,-0.044961828338987396,0.02924708042257826
-0.017477304070200865,-0.018136421132508067,0.0,0.015725453951898734,-0.031399479014840255,-0.07179314476397852,-0.04553250006088105
-0.016188531869809147,-0.019424739075178152,0.0,0.0007042324871418679,-0.043481914365148054,-0.09056538193635143,0.0032852771550515715
-0.02651418110663375,-0.019692355229220217,0.0,0.008212790984518352,-0.1251713698096002,-0.06956681467795893,0.060607882551169015
-0.017666204594300676,-0.018859064112584274,0.0,0.0017287870081157386,-0.07617351015147064,-0.04186346814203761,-0.015838006922544504
-0.01766450673330336,-0.018854119856072323,0.0,-0.0003903515737282231,-0.0744782260775257,-0.05105435873463998,0.004761185031475976
-0.01584453143047413,-0.019444069323888553,0.0,-0.0032556116370780286,-0.04829353390536995,-0.07907413401937513,0.009141695798097342
-0.01930105375138229,-0.020685161074182397,0.0,-0.23176951958705866,1.0279082006482714,-0.19716537235742204,-0.37938419459747513
-0.046323329531165164,-0.03204143749541641,0.0,0.011283505414175067,-0.264105098464563,-0.049981939784217395,0.21579345581185252
-0.017477304070200865,-0.018136421132508067,0.0,0.015208607679487372,-0.03421229820838962,-0.07010994061690998,-0.04279329353544852
-0.018604663385270483,-0.01727279184511604,0.0,-0.2317425014549435,1.0361383961426678,-0.24298768577150598,-0.3832553454291774
-0.017487218807104285,-0.017176929582398283,0.0,0.03774898703894755,-0.0967829490797156,-0.008491344058942578,-0.00705293898599196
-0.018604663385270483,-0.01727279184511604,0.0,-0.2369927271938486,1.0366836807257218,-0.42049748024652084,-0.34584363378472555
-0.024772741452883926,-0.015247348580872629,0.0,0.00021435165402851098,-0.0893458345545952,-0.05606702461625436,0.01218374533724813
-0.018604663385270483,-0.01727279184511604,0.0,-0.23542039997715533,1.0349342058770046,-0.3861765718353024,-0.35504248044568215
-0.01729985422151399,-0.01912596385168385,0.0,0.008188528920327382,-0.06891415259316537,-0.02520512817894344,-0.035687796870713925
-0.03659842252289175,-0.02728011771434746,0.0,0.005851732124791734,-0.10065040116577233,-0.005319249755313114,0.05919794177918392
-0.017679899738498296,-0.018859064112584274,0.0,-0.011477865077013783,-0.08795563433468793,-0.008820365360385418,-0.01533534530017336
-0.018604663385270483,-0.01727279184511604,0.0,-0.23542039997715533,1.0349342058770046,-0.3861765718353024,-0.35504248044568215
-0.009150106944923896,-0.013203183579701868,0.0,0.1128516627437196,1.1149817211511202,-1.0406988254245784,-0.3203774107617633
-0.052739278539563283,-0.02363258988714851,0.0,0.007131678807304885,-0.08949382657070054,-0.04308939134806943,0.03530239130086548
-0.028786894367716233,-0.028183229265364637,0.0,-0.00806588483631654,-0.14263786991385893,-0.06249376200415143,0.09389327390404088
-0.017477304070200865,-0.018541943636469542,0.0,0.004833623223846899,-0.02162101668203068,-0.07490502782686942,-0.044529506754822486
-0.018897789261874142,-0.021984903190618073,0.0,0.008370013522659321,-0.06862122944311776,-0.005602396066339853,-0.014522792272083897
-0.00935367166237484,-0.019422682962010232,0.0,-0.027894950585804094,-0.04124119918549307,-0.013654285610513121,-0.04413475393469545
-0.017487218807104285,-0.017176929582398283,0.0,0.03748594872486221,-0.0980979834559626,-0.007084931835826452,-0.007768178872108025
-0.01832354668486151,-0.016008695463548994,0.0,1.6841207573780397,8.685467493017967,3.210863157172753,3.2089901360506854
-0.017659216068620514,-0.0188418518558672,0.0,0.0076407485790670965,-0.11450388473499018,0.06326004957233655,-0.08597947702740916
-0.007492936354061703,-0.013166818734153443,0.0,-0.03607778357553312,1.1523084599339117,-0.5843192520054046,-0.4014612772797277
-0.016322430423833197,-0.018346060026661785,0.0,0.030042627475529854,-0.026471439996127097,-0.07924570991299257,-0.04352500616775659
-0.032180515398218174,-0.024180089647802546,0.0,-0.002180567626263737,-0.16552815239306792,-0.04430636410626545,0.0990308661583626
-0.017659216068620514,-0.01912596385168385,0.0,0.006868911919636622,-0.0664155834450839,-0.019102073311837147,-0.032937655408025485
-0.04632163167016785,-0.032035334265428504,0.0,0.011386079441185406,-0.253806224681254,-0.06772643988237867,0.22124562809458706
-0.04524994707529561,-0.03055759261302029,0.0,-0.008716140052688543,-0.19343064514597927,-0.07692303652836682,0.18718688375919382
-0.01760084182066261,-0.01964188785797499,0.0,0.00983931259970357,-0.12877805186839428,-0.04445786937277518,0.028479091586819816
-0.010061408476015474,0.0016938275954130476,0.0,-0.11965268011916742,1.256212040504901,-0.9016216071340247,-0.07335748371534985
-0.01670507146582739,-0.01583098143544064,0.0,0.014310618920609633,-0.10512174939283318,0.018889200665278782,-0.05752935924411933
-0.020281143655464583,-0.024750393364993455,0.0,0.06874667187913813,0.09169757136039718,-0.18400500588364296,-0.08091917307124041
-0.032271707494961624,-0.02728011771434746,0.0,0.0037702321057123717,-0.09557576096957004,-0.06739901378650412,0.05346449633848341
-0.01715616681859102,-0.01851544302787989,0.0,0.023963912561672792,-0.056268047234748556,-0.0397436297504623,-0.036758758588979784
-0.007266453744538808,-0.013203183579701868,0.0,0.07424350458951848,1.1175192180092959,-0.8560461150021544,-0.38339746037895406
-0.01930105375138229,-0.020615433589835825,0.0,-0.23007076491330156,0.992730834385151,-0.09033804017243052,-0.5155281069361813
-0.036054526178687644,-0.032035334265428504,0.0,0.011385917131751863,-0.24786712779069295,-0.048286384914224524,0.18486366175011193
-0.018498520464374706,-0.017418255858813174,0.0,0.04193687111872844,-0.1382754304099278,0.01795138645789728,-0.02744931876480026
-0.07448577968331888,-0.034439006306496135,0.0,0.011904696977327602,-0.26174544982992,-0.10236393948455628,0.2914715052804659
-0.016188531869809147,-0.01944758706092332,0.0,0.003953237509949119,-0.0259945513753793,-0.0908598912418919,0.0007709180685815678
-0.018897789261874142,-0.021984903190618073,0.0,0.008370013522659321,-0.06862122944311776,-0.005602396066339853,-0.014522792272083897
-0.017659216068620514,-0.018891420858617045,0.0,0.008188528920327382,-0.06891415259316537,-0.018995803915877314,-0.037045530949507514
-0.015144286748816104,-0.016953900381406848,0.0,0.297582358499825,-0.5284104898436928,2.190002086592888,-2.074709159292952
-0.018604663385270483,-0.017203064360769467,0.0,-0.22568319281116458,0.9788523907619907,-0.16213834894717902,-0.5877833917279159
-0.01582917002270262,-0.01944758706092332,0.0,0.005278075470038168,-0.027991908638506355,-0.09135039123181087,0.006719698787777968
-0.018157711809724496,-0.017660737057957215,0.0,0.027039686324784,-0.21290012031488253,0.03222814913810495,0.04051112721300564
-0.01729985422151399,-0.01912596385168385,0.0,0.008398063897891613,-0.06900254858217329,-0.02136095539407887,-0.03524104699782336
-0.017404733894971516,-0.0192597817279595,0.0,-0.4053276117155602,-0.44420669408313845,1.5189465445800159,-0.7928279909181121
-0.03451169511652668,-0.021779825174646546,0.0,0.07774822214910312,0.05089259392484889,-1.8988962323583136,1.8590478909472334
-0.032180515398218174,-0.02749294803586055,0.0,-0.010391978399468923,-0.1678559608554653,-0.04399377503198309,0.11541462928010128
-0.017602539681659927,-0.019647991087962904,0.0,0.014505457920699258,-0.14572833987105605,-0.033022003494611485,0.02981896765218296
-0.00744842657434001,-0.013166818734153443,0.0,-0.031074982908361432,1.1441546508685814,-0.5999500370212324,-0.40301776511467136
-0.022839997062789687,-0.024879486026477337,0.0,0.06233805053292264,0.1821559673699755,-0.33417069522116544,0.05600170774772888
-0.05455713570062366,-0.02658545686014573,0.0,0.002758286692109368,-0.21701885066608453,-0.07461294863985929,0.19289102859781834
-0.012429790919111935,-0.014072488899618584,0.0,0.13375620951667835,1.258630349611746,-1.0795619528191394,-0.17109353202165029
-0.006947234319273789,-0.01257942231984001,0.0,-0.017867642935377223,1.0892677924653227,-0.7395013994634472,-0.4004151492293056
-0.01760084182066261,-0.01964188785797499,0.0,0.00968837666173317,-0.13179492161000586,-0.04461663084801065,0.03231293831009087
-0.022839997062789687,-0.02482029515495252,0.0,0.061964897715255485,0.20566751099386815,-0.3338616342914383,0.05454318372724684
-0.03325219999309041,-0.029043651137521123,0.0,0.011303674424059358,-0.22886085465180134,-0.033946158959391994,0.15108292711069954
-0.018604663385270483,-0.01727279184511604,0.0,-0.2369927271938486,1.0366836807257218,-0.42049748024652084,-0.34584363378472555
-0.018248670479681733,-0.01695262892325427,0.0,-0.07859429823981075,-0.2576854735541215,0.6399937435275309,-0.4627832474905986
-0.017487218807104285,-0.016940569671239882,0.0,0.03788566090273549,-0.08970936694466616,-0.017197187353668535,-0.016146500458883738
-0.017606286648474637,-0.019647991087962904,0.0,0.015682700137104124,-0.18701259019058927,0.014756664722715588,0.03985700816675154
-0.0198122621857047,-0.02211973621355264,0.0,0.0037492638794561577,-0.1005928397384226,0.0014206338938784532,-0.02576043886687096
-0.01729985422151399,-0.01912596385168385,0.0,0.008188528920327382,-0.06891415259316537,-0.02520512817894344,-0.035687796870713925
-0.02985857896258847,-0.029731628079613347,0.0,0.01552317870421683,-0.2136706006544525,-0.03730097281613048,0.1267116983780808
-0.026512483245636435,-0.019686251999232303,0.0,0.007506970745287829,-0.1220852133852271,-0.07072148085504357,0.060645223633573615
-0.01930105375138229,-0.017203064360769467,0.0,-0.22719894754651726,0.9803959319712799,-0.10823219166791503,-0.5708946288835037
-0.018228042630064466,-0.019087854030192655,0.0,0.0033657004006440337,-0.11316216142893679,-0.0022750957727162248,-0.02033168131399514
-0.017666204594300676,-0.018859064112584274,0.0,-0.0015753111357356888,-0.08162737860387025,-0.037848498891805846,0.004706791924747678
-0.009150106944923896,-0.013203183579701868,0.0,0.13506766967910422,1.200544452746416,-1.2984269168756002,-0.20425806475278782
-0.036054526178687644,-0.032035334265428504,0.0,0.011385917131751863,-0.24786712779069295,-0.048286384914224524,0.18486366175011193
-0.017337704564467694,-0.0254295642719668,0.0,0.007554131409456216,-0.15670758642852292,0.06941676268692758,-0.05165591989849957
-0.012423564094711957,-0.021700791194801415,0.0,-0.0006814835847654737,-0.05961209637454731,-0.011540685512979846,-0.05619174144554992
-0.07341409508844662,-0.031342825297315975,0.0,-0.008710170701392964,-0.2001414822829256,-0.11104199395496914,0.2527610397235241
-0.05263992070103611,-0.03055759261302029,0.0,-0.008716211720641267,-0.19243314695430097,-0.07681264299778742,0.18818051167819125
-0.03325219999309041,-0.029043651137521123,0.0,0.011903294242370141,-0.22165439323798097,-0.04727681451632366,0.1510969073205788
-0.03325219999309041,-0.02486735482874048,0.0,0.0008820671772397583,-0.18165070224354884,-0.04179381196906914,0.11174764781247674
-0.017659216068620514,-0.018891420858617045,0.0,0.008188528920327382,-0.06891415259316537,-0.018995803915877314,-0.037045530949507514
-0.007306596166380315,-0.01257942231984001,0.0,-0.0201455557650578,1.0759934119992567,-0.7546949371993923,-0.3909104371791234
-0.03212780596654387,-0.021680167654085616,0.0,0.0032534443694139594,-0.09708268088280016,-0.07143343154932347,0.05229594051546749
-0.030695628694052218,-0.021779825174646546,0.0,0.07647343884410103,-0.032739578192414,-1.970642403620025,1.8501957468913195
-0.017752395253950136,-0.01819774433786144,0.0,0.006079161052261245,-0.25054117943804166,0.8456048273809708,-0.727613219753396
-0.006947234319273789,-0.01257942231984001,0.0,-0.017867642935377223,1.0892677924653227,-0.7395013994634472,-0.4004151492293056
-0.01729985422151399,-0.01912596385168385,0.0,0.008398063897891613,-0.06900254858217329,-0.02136095539407887,-0.03524104699782336
-0.017487218807104285,-0.017176929582398283,0.0,0.03774898703894755,-0.0967829490797156,-0.008491344058942578,-0.00705293898599196
-0.007266453744538808,-0.013203183579701868,0.0,0.07547308562419779,1.1170010513268311,-0.8647977628021767,-0.3846865249296586
-0.03365425725120314,-0.030490734393755853,0.0,-0.01185534455498919,-0.16604735520445704,-0.045097198745868344,0.1189632581332179
-0.018474269007141466,-0.017820900245953564,0.0,-0.08163823187391647,-0.3365299303514402,0.6884739851763253,-0.41685305350908675
-0.009169889232397574,-0.0179578077567944,0.0,0.028886299007332212,-0.06523999976487478,0.0019618704493672124,-0.08459488064067232
-0.017659216068620514,-0.018891420858617045,0.0,0.008188528920327382,-0.06891415259316537,-0.018995803915877314,-0.037045530949507514
-0.04418626579020188,-0.0222125952414606,0.0,-0.005877653551716402,-0.13224485908357647,-0.0008312478160133243,0.036623619239251115
-0.033250502132093095,-0.024859267659131344,0.0,-0.00010077904574266205,-0.17832007476113734,-0.043291712337956666,0.11174537670618882
-0.01539580205551093,-0.015700052682164716,0.0,0.03252760115886065,-0.13014690992433361,-0.09863359055958733,0.03203809809342114
-0.032180515398218174,-0.02749294803586055,0.0,-0.010654998628622115,-0.16742863170045874,-0.04629995767528406,0.11837379096447286
-0.017949417312030678,-0.019087854030192655,0.0,-0.00848024889089993,-0.11625908932127413,0.017209798645614872,-0.02773048065309409
-0.01729985422151399,-0.01912596385168385,0.0,0.008188528920327382,-0.06891415259316537,-0.02520512817894344,-0.035687796870713925
-0.021293231699274252,-0.020183240914613976,0.0,0.007480775477942411,-0.18490609555555254,0.039606317841493724,0.09928554467908365
-0.018604663385270483,-0.01727279184511604,0.0,-0.2317425014549435,1.0361383961426678,-0.24298768577150598,-0.3832553454291774
-0.011150573952509938,-0.016272235589164765,0.0,-0.13076264174146401,0.0416228543640549,1.4264141007836157,-1.4211360936487425
-0.018604663385270483,-0.01727279184511604,0.0,-0.23239648142680716,1.0267474030025816,-0.22127526985957538,-0.39391596224273423
-0.01603062933960563,-0.02097700890224895,0.0,0.03584715327123023,-0.05267162918558418,-0.022085489147394898,-0.08464379861913517
-0.017846580654210808,-0.016915665572326793,0.0,0.03741240092683213,-0.06844424095460812,-0.02044616732308169,-0.05511702144029177
2.3413424770310534,2.0503902017337143,0.0,0.14732680107180088,0.018421911061163913,0.13031312135951567,0.0648097851382387
-0.018604663385270483,-0.01727279184511604,0.0,-0.23239648142680716,1.0267474030025816,-0.22127526985957538,-0.39391596224273423
-0.016188531869809147,-0.019424739075178152,0.0,0.0007042324871418679,-0.043481914365148054,-0.09056538193635143,0.0032852771550515715
-0.011485724475474881,-0.013691593668979183,0.0,0.13618112129897994,1.2619302278118816,-0.9867494631161348,-0.21078216977809777
-0.017627156318749705,-0.012637651461280111,0.0,-1.1790439210309456,1.2332029946237928,-1.0523185732214249,0.3522551302158702
-0.009150106944923896,-0.013203183579701868,0.0,0.1128516627437196,1.1149817211511202,-1.0406988254245784,-0.3203774107617633
-0.024989004649870694,-0.022084866174505603,0.0,0.02048687969113893,-0.07641326163291777,-0.023530591363107888,-0.025759174824021062
-0.017337704564467694,-0.0254295642719668,0.0,0.007554131409456216,-0.15670758642852292,0.06941676268692758,-0.05165591989849957
-0.03325219999309041,-0.029043651137521123,0.0,0.01120641819316819,-0.22953347867656704,-0.03021506630737281,0.14636180734895807
-0.07341409508844662,-0.03055759261302029,0.0,-0.009153253683233921,-0.20012958170185136,-0.11123408693124401,0.2521671204493615
-0.012360041724541426,-0.021959999091704985,0.0,-0.009972162964039896,-0.059027988812651803,0.010615733072374518,-0.06812256971799
-0.018157711809724496,-0.017660737057957215,0.0,0.019315014326979525,-0.17582167204494045,0.022783536826540097,0.018365085175711886
-0.00935367166237484,-0.019422682962010232,0.0,-0.027894950585804094,-0.04124119918549307,-0.013654285610513121,-0.04413475393469545
-0.053713303156905666,-0.032093030154229554,0.0,0.011802789344217744,-0.2638090407742628,-0.05141336132010147,0.2216909332632584
-0.03325219999309041,-0.029266406965536895,0.0,0.011303679471655314,-0.22869598137277075,-0.035095266331151724,0.15258517760408777
-0.010434594084044258,-0.019422682962010232,0.0,0.04889558613578207,0.09386765722022951,-0.21781718911886874,-0.06700177338433055
-0.07341409508844662,-0.03055759261302029,0.0,-0.009153253683233921,-0.20012958170185136,-0.11123408693124401,0.2521671204493615
-0.07448577968331888,-0.03208692692424164,0.0,0.011517977725655054,-0.261750808858906,-0.10312934578418817,0.28926465637537924
-0.03690175444440027,-0.026538163932095283,0.0,0.0030152598339654043,-0.22208803756885445,-0.039477508271059635,0.15241088251595342
-0.03422970019404724,-0.020820616741103203,0.0,0.015554988603506096,-0.14358847412054448,-0.006602633894268649,0.014613164330666504
-0.01566979432712143,-0.01797718114747163,0.0,0.11176442867511951,1.3280539771884399,-1.0382551261960218,-0.367718403221943
-0.012422290901546356,-0.021959999091704985,0.0,-0.02114062946072814,-0.055254549480831756,0.015061961590205142,-0.03740370743754597
-0.026003170868517604,-0.019647991087962904,0.0,0.008369611338319571,-0.12484024314505612,-0.06689815786182503,0.059667161467287066
-0.017666204594300676,-0.018859064112584274,0.0,-0.0015753111357356888,-0.08162737860387025,-0.037848498891805846,0.004706791924747678
-0.015150702142792197,-0.02386022056812259,0.0,0.04024698905555851,0.09719839133168565,-0.18770692492598753,0.010696330695988361
-0.017659216068620514,-0.01912596385168385,0.0,0.008392185000328099,-0.06761245984175014,-0.020524352456840433,-0.037386201942893146
-0.0173317034684835,-0.019422682962010232,0.0,0.05091430124750987,0.07968225393854332,-0.20939288968880468,-0.02000617641770473
-0.01862493105841759,-0.016953900381406848,0.0,0.2962807057697331,-0.5181589845042192,2.2264792732875915,-2.1134608237475696
-0.021948279639857075,-0.02211973621355264,0.0,0.004571723420279012,-0.10550167948375,0.028554253670788576,-0.02954127231387961
-0.02215533565309544,-0.022414321119724568,0.0,0.277639642062634,-0.39544997621926603,0.1827266361410997,1.1094094366163347
-0.01723117881451158,-0.020370575234164665,0.0,0.003111838588599309,-0.16056063877258636,0.04062643751827273,-0.006862451268793847
-0.017394306235306644,-0.01873965742380735,0.0,0.005542383675863334,-0.05787877492425401,-0.027021947488515198,-0.053279410750275535
-0.019257151108980665,-0.021984903190618073,0.0,0.0051109636340611496,-0.06845981081805069,-0.01055364876679992,-0.017041990374022594
-0.017487218807104285,-0.016940569671239882,0.0,0.038033212333432306,-0.09442038337311383,-0.007216071925670711,-0.008030496843511523
-0.01863452535161186,-0.021981385453583305,0.0,-0.0004118352000623555,-0.08648921478402814,-0.013321569556069423,-0.024350961364616442
-0.012196817263414407,-0.011830819221587895,0.0,-0.5881376087835839,1.0512648879129391,-0.31323064728232075,-0.30943422750040545
-0.05844929741376734,-0.03284982472883045,0.0,0.004658602271882966,-0.209937936939786,-0.06653941966099565,0.190403196177715
-0.032178817537220857,-0.024193050920841976,0.0,-0.00045119467409290116,-0.15745247730566753,-0.056967810558936294,0.09997626424791327
-0.01729985422151399,-0.01912596385168385,0.0,0.008188528920327382,-0.06891415259316537,-0.02520512817894344,-0.035687796870713925
-0.016322430423833197,-0.018616969916103718,0.0,0.019214424894855826,-0.025805846457713544,-0.09119155550237097,-0.032472095374386556
-0.017394306235306644,-0.01873965742380735,0.0,0.005542383675863334,-0.05787877492425401,-0.027021947488515198,-0.053279410750275535
-0.04632163167016785,-0.032084942984620425,0.0,0.011123710988158146,-0.25414508914004574,-0.0657566575661734,0.21885839544155242
-0.022839997062789687,-0.024879486026477337,0.0,0.06220745020412691,0.19477186900819196,-0.3370109571855864,0.05159943849615484
-0.017659216068620514,-0.018891420858617045,0.0,0.008188528920327382,-0.06891415259316537,-0.018995803915877314,-0.037045530949507514
-0.018604663385270483,-0.01727279184511604,0.0,-0.23239648142680716,1.0267474030025816,-0.22127526985957538,-0.39391596224273423
-0.021293231699274252,-0.020183240914613976,0.0,0.007480775477942411,-0.18490609555555254,0.039606317841493724,0.09928554467908365
0.5247978391967996,1.742119861923084,0.0,-0.14387449250322343,-0.06832265165888071,-0.022628770190209542,-1.5230458576283465
-0.015150702142792197,-0.02360101267121902,0.0,-0.016986973182677487,0.06394007782719205,-0.20729614564824084,0.03876439172975977
-0.01729985422151399,-0.01912596385168385,0.0,0.008188528920327382,-0.06891415259316537,-0.02520512817894344,-0.035687796870713925
1.021778394968704,1.742119861923084,0.0,-0.147755019687694,-0.06980117735121612,0.5399568255580096,-1.5346961264257815
-0.01154994315907416,-0.013707562172465198,0.0,0.13405574380785998,1.2647019789547673,-0.9854112078486889,-0.21759911653532812
-0.07448577968331888,-0.03208692692424164,0.0,0.011517977725655054,-0.261750808858906,-0.10312934578418817,0.28926465637537924
-0.018157711809724496,-0.017660737057957215,0.0,0.019315014326979525,-0.17582167204494045,0.022783536826540097,0.018365085175711886
-0.017050305795971627,-0.019087854030192655,0.0,-0.001184925332219994,-0.10667502917275805,-0.006796796107733356,-0.023930120733294778
-0.01930105375138229,-0.020685161074182397,0.0,-0.23176951958705866,1.0279082006482714,-0.19716537235742204,-0.37938419459747513
-0.018897789261874142,-0.021984903190618073,0.0,0.004912233820279609,-0.07052597489464618,-0.0049816273199816625,-0.008123984430734262
-0.018157711809724496,-0.01740152916105365,0.0,0.21159628298534774,-0.9747745177536482,0.24304603416097642,0.7364937699315603
-0.017666204594300676,-0.018859064112584274,0.0,-0.0015753111357356888,-0.08162737860387025,-0.037848498891805846,0.004706791924747678
-0.029433092681927068,-0.02391204631641144,0.0,-0.3114761099243595,-0.4892013675909766,0.1534182205481465,0.5522101416089215
-0.01596306857672667,-0.018370964125574873,0.0,0.02386388383375971,-0.04164352502572707,-0.05670624214103521,-0.011593391365787778
-0.020281143655464583,-0.02280923100887733,0.0,0.07053642121317967,0.09250890023913781,-0.18949378302462655,-0.08293944773866305
-0.03325219999309041,-0.025944294400027143,0.0,0.009611792504962116,-0.23190934266965785,-0.03021506630737281,0.14628950568966045
-0.04632163167016785,-0.032035334265428504,0.0,0.01099869379561237,-0.25381253186523706,-0.0683654641537749,0.22124562809458706
-0.017659216068620514,-0.018891420858617045,0.0,0.008188528920327382,-0.06891415259316537,-0.018995803915877314,-0.037045530949507514
-0.012418398278804447,-0.014436833356587781,0.0,0.12038702866536558,1.2229062709390888,-0.9409633852226025,-0.1435139064552712
-0.016322430423833197,-0.018346060026661785,0.0,0.030042627475529854,-0.026471439996127097,-0.07924570991299257,-0.04352500616775659
-0.03498453944481272,-0.030490734393755853,0.0,-0.011864043510023275,-0.19550548120816177,-0.04278809341632192,0.14731670861221824
-0.017330828281724688,-0.017676038954011788,0.0,1.0568949948679955,-0.0889378457003636,-1.0488115953019974,-0.03666894208674399
-0.01571352015118431,-0.018248047894946735,0.0,0.009571948315053718,-0.05944645451005941,-0.06870888820582799,-0.016422930318109215
-0.018604663385270483,-0.017331982716640857,0.0,-0.22533635511435662,1.048139659840691,-0.3910094939113631,-0.3813590310269212
-0.017337704564467694,-0.0254295642719668,0.0,0.007299753251217572,-0.1543223426204258,0.07295568650957678,-0.05200458942237777
-0.010021415210069617,-0.016249168537793426,0.0,0.04002227338766206,-0.09245914453715066,0.008025818798879548,-0.05728477168720758
-0.03498453944481272,-0.030490734393755853,0.0,-0.011864043510023275,-0.19550548120816177,-0.04278809341632192,0.14731670861221824
-0.04524994707529561,-0.03055759261302029,0.0,-0.010663139034008277,-0.19343059390711176,-0.07515044407178836,0.1860542358252861
-0.016322430423833197,-0.018616969916103718,0.0,0.019214424894855826,-0.025805846457713544,-0.09119155550237097,-0.032472095374386556
-0.01863452535161186,-0.02195569665408112,0.0,-0.0022322199419687366,-0.10320653809941388,0.006530791336652489,-0.025664276485951473
-0.04524994707529561,-0.03055759261302029,0.0,-0.009159871654786631,-0.193418744564905,-0.0771151295046417,0.18718688375919382
-0.022839997062789687,-0.02482029515495252,0.0,0.061964897715255485,0.20566751099386815,-0.3338616342914383,0.05454318372724684
-0.01729985422151399,-0.01912596385168385,0.0,0.008188528920327382,-0.06891415259316537,-0.02520512817894344,-0.035687796870713925
-0.05167680946372318,-0.03182779574309184,0.0,0.011831330532197632,-0.1622482699681508,0.015315933628276391,0.12100768316442176
-0.017221629057259703,-0.01598343589090149,0.0,0.02938859414440983,-0.05361035813174788,-0.03756260521957254,-0.060670375768681166
-0.014865437975756174,-0.021629140363011994,0.0,0.006783507010885218,-0.06534504079298302,-0.017188558765737234,-0.03449029128638539
-0.020281143655464583,-0.024750393364993455,0.0,0.06874667187913813,0.09169757136039718,-0.18400500588364296,-0.08091917307124041
-0.018897789261874142,-0.021984903190618073,0.0,0.008370013522659321,-0.06862122944311776,-0.005602396066339853,-0.014522792272083897
-0.04632163167016785,-0.03208692692424164,0.0,0.011609511419840126,-0.25438330425296884,-0.06867260173851542,0.22429885862069562
-0.00744842657434001,-0.013002779174681924,0.0,-0.031074982908361432,1.1441546508685814,-0.6112904522821712,-0.3979725810566489
-0.07448577968331888,-0.03287215960853734,0.0,0.011517329105397925,-0.261750808858906,-0.10312934578418817,0.2898585756495418
-0.007306596166380315,-0.01257942231984001,0.0,-0.0201455557650578,1.0759934119992567,-0.7546949371993923,-0.3909104371791234
-0.017557050735467764,-0.017826491682828037,0.0,-0.4276564756092744,-0.40606056957720155,1.520577271796993,-0.7874604948575434
-0.03325219999309041,-0.029043651137521123,0.0,0.011303674424059358,-0.22886085465180134,-0.033946158959391994,0.15108292711069954
-0.07448577968331888,-0.034439006306496135,0.0,0.011517311331754565,-0.261751757013903,-0.10300296375595251,0.2914715052804659
-0.01930105375138229,-0.01727279184511604,0.0,-0.2324143670609399,1.0284860444049648,-0.20226576241776137,-0.38194843076413926
-0.01863452535161186,-0.021981385453583305,0.0,-0.00041238321715861964,-0.09375984218153387,-0.0033957383501909823,-0.023049655277733234
-0.01760084182066261,-0.01964188785797499,0.0,0.00968837666173317,-0.13179492161000586,-0.04461663084801065,0.03231293831009087
-0.03212780596654387,-0.021680167654085616,0.0,0.0032534443694139594,-0.09708268088280016,-0.07143343154932347,0.05229594051546749
-0.03365425725120314,-0.030490734393755853,0.0,-0.0112557247366784,-0.15884089379063676,-0.058427854302800064,0.11897723834309715
-0.017050305795971627,-0.01911354282969484,0.0,-1.46890783633215e-05,-0.10442751017304557,-0.009950859096840802,-0.02384268765141353
-0.012060603930782128,-0.016249168537793426,0.0,0.04002282805165042,-0.09245914453715066,0.022856542510525213,-0.05728477168720758
-0.03212610810554655,-0.02167208048447648,0.0,0.004994969325246849,-0.0900888209636114,-0.08414893420638316,0.05231072143350326
-0.028785196506718916,-0.028196190538404067,0.0,-0.004989132721136765,-0.14176870747914636,-0.063597145356469,0.09506633473479771
-0.017666204594300676,-0.018859064112584274,0.0,-0.0015753111357356888,-0.08162737860387025,-0.037848498891805846,0.004706791924747678
-0.014865437975756174,-0.021629140363011994,0.0,0.00616598722970687,-0.06500664565692427,-0.0182294725318866,-0.03450804773600561
-0.02541334090106429,-0.023220423955245754,0.0,-0.08988284398962562,-0.07459433286118326,-0.08323036140692751,0.19645978217549198
-0.018157711809724496,-0.017660737057957215,0.0,0.019315014326979525,-0.17582167204494045,0.022783536826540097,0.018365085175711886
-0.018228042630064466,-0.019087854030192655,0.0,0.0033657004006440337,-0.11316216142893679,-0.0022750957727162248,-0.02033168131399514
-0.01631533099698851,-0.015677120286777115,0.0,-0.19512146991194093,0.1086128277436597,-0.3865494027646722,0.31102019630749134
-0.046323329531165164,-0.032093030154229554,0.0,0.01150693739282978,-0.26468217803627775,-0.05092810164035414,0.2188466863379611
-0.01596306857672667,-0.018370964125574873,0.0,0.01984753929669711,-0.026603429881998066,-0.08767896467634433,-0.03414222288387192
-0.07341409508844662,-0.03288862355262621,0.0,-0.010645035452694001,-0.2012241943672668,-0.10919707567454401,0.2532017092318479
-0.01840169173093484,-0.017418255858813174,0.0,0.042144187948464716,-0.13422977944739287,0.005648490392632831,-0.02354379591808179
-0.020281143655464583,-0.024750393364993455,0.0,0.06874667187913813,0.09169757136039718,-0.18400500588364296,-0.08091917307124041
-0.017487218807104285,-0.016940569671239882,0.0,0.038033212333432306,-0.09442038337311383,-0.007216071925670711,-0.008030496843511523
-0.016078457458585355,-0.01598343589090149,0.0,0.029039978459767253,-0.050989037107208646,-0.04435578816454036,-0.05763621955738334
-0.0173317034684835,-0.019422682962010232,0.0,0.048428088210126445,0.08903702809314652,-0.2176006498639159,-0.05839115114080293
-0.07341409508844662,-0.031342825297315975,0.0,-0.008710170701392964,-0.2001414822829256,-0.11104199395496914,0.2527610397235241
-0.01840169173093484,-0.017418255858813174,0.0,0.042144187948464716,-0.13422977944739287,0.005648490392632831,-0.02354379591808179
-0.017659216068620514,-0.018891420858617045,0.0,0.008188528920327382,-0.06891415259316537,-0.018995803915877314,-0.037045530949507514
-0.04997369177538321,-0.015024349071352368,0.0,-0.0028384774778509327,-0.07147234234141653,-0.043878226626889574,0.012425667161558353
-0.048772773276824916,-0.02616960431320263,0.0,-0.06137618868968448,0.0035980818007306024,-0.3207865685908354,0.1166955742760114
-0.029856881101591154,-0.029725524849625436,0.0,0.015238367085654146,-0.20337803405512667,-0.055684497185687874,0.1321638706608153
-0.01062264212238462,-0.018905783296090696,0.0,-1.6007930552349474,4.419524714872091,-2.9078443619662298,2.246476422375961
-0.032180515398218174,-0.02749294803586055,0.0,-0.010654998628622115,-0.16742863170045874,-0.04629995767528406,0.11837379096447286
-0.012424221144768606,-0.01685590516541849,0.0,0.11553839075942826,1.3280539771884399,-1.0376380941436094,-0.35478635837026995
-0.017846580654210808,-0.016706026678173076,0.0,0.03788566090273549,-0.08970936694466616,-0.010987863090602436,-0.017504234537677313
-0.032178817537220857,-0.027505143317950193,0.0,-0.00866346627000997,-0.15979053041000746,-0.05682492565155975,0.11546902238682959
-0.017051365072465782,-0.01830206598827638,0.0,0.00574005066731635,-0.03376316981103254,-0.0449743998377171,-0.04444191645557805
-0.07448577968331888,-0.03287215960853734,0.0,0.011517329105397925,-0.261750808858906,-0.10312934578418817,0.2898585756495418
-0.018214327145344548,-0.019106403194517348,0.0,0.016072276720990288,-0.10120641066884907,-0.000896972958738207,-0.03553542382548094
-0.03212610810554655,-0.02169236293617526,0.0,0.0049819564988729005,-0.08901725043734225,-0.08426458216890008,0.05235033362219578
-0.03325219999309041,-0.029043651137521123,0.0,0.011903294242370141,-0.22165439323798097,-0.04727681451632366,0.1510969073205788
-0.03212610810554655,-0.02167208048447648,0.0,0.004994969325246849,-0.0900888209636114,-0.08414893420638316,0.05231072143350326
-0.026512483245636435,-0.021604369686401958,0.0,0.007320498766442275,-0.12463588677936038,-0.07461968349058466,0.06956898831337414
-0.015896491426098114,-0.018377092267910556,0.0,0.019567982929642166,-0.0459230396564857,-0.07408674358502317,-0.033053496054245936
-0.01760084182066261,-0.01964188785797499,0.0,0.00983931259970357,-0.12877805186839428,-0.04445786937277518,0.028479091586819816
-0.018604663385270483,-0.01727279184511604,0.0,-0.2369927271938486,1.0366836807257218,-0.42049748024652084,-0.34584363378472555
-0.012418398278804447,-0.014436833356587781,0.0,0.11225332687156983,1.1890912842798944,-0.8811433246153253,-0.20437334397348864
-0.007306596166380315,-0.012344879326773205,0.0,-0.03533917270226013,1.0759753061276138,-0.7728476168947749,-0.38300266817783235
-0.017050305795971627,-0.01911354282969484,0.0,-1.46890783633215e-05,-0.10442751017304557,-0.009950859096840802,-0.02384268765141353
-0.018157711809724496,-0.017660737057957215,0.0,0.03589602404102601,-0.15363875831720314,0.017482187219247724,-0.010128522171936634
-0.018897789261874142,-0.021750360197551267,0.0,0.006748991786560851,-0.06894604163904358,-0.01119880436282432,-0.013491745186873093
-0.015144286748816104,-0.016953900381406848,0.0,0.297582358499825,-0.5284104898436928,2.190002086592888,-2.074709159292952
-0.02170262856697045,-0.021717214335072354,0.0,0.03610569384536201,-0.061285048024037905,-0.06319847341797016,0.001522034085625667
-0.01723117881451158,-0.021369932466108424,0.0,-0.0019502051822370562,-0.07615303939265124,-0.03200311992221853,-0.03756948009952663
-0.017330828281724688,-0.017885677848165506,0.0,1.0649232192897409,-0.0960891847564583,-1.0249660658966735,-0.045812028267703184
-0.01930105375138229,-0.020615433589835825,0.0,-0.226831931162159,0.9905921303628912,-0.10101184420234219,-0.5763713495619356
-0.0169371824210151,-0.019582420083857886,0.0,0.0032582932625760124,-0.05643246207820254,-0.04891191076970243,-0.002719116104935407
-0.0198122621857047,-0.02195569665408112,0.0,0.0037492638794561577,-0.1005928397384226,-0.002936315579773756,-0.020715254808848525
-0.01930105375138229,-0.01727279184511604,0.0,-0.22901500701809566,1.0297348186736763,-0.2155956238910633,-0.390357606725177
-0.018321952166645217,-0.019254190291085025,0.0,-0.1128315892949828,-0.3968720335403564,0.5925748195980155,-0.24511562301048007
-0.07341409508844662,-0.031342825297315975,0.0,-0.008710170701392964,-0.2001414822829256,-0.11104199395496914,0.2527610397235241
-0.018180495919563527,-0.018440416748245713,0.0,0.010215215907473138,-0.051499701093777564,-0.008458893843093724,-0.05166235421981193
-0.028889131481101667,-0.024495973108776724,0.0,0.0004250723680386323,-0.17219939401952927,-0.02631103614807296,0.08862591311049985
-0.017050305795971627,-0.01911354282969484,0.0,0.00022920768212936223,-0.10101429638239252,-0.01541272527751396,-0.02384268765141353
-0.03472594184607538,-0.03204143749541641,0.0,0.011292042059775608,-0.22870787557029726,-0.032850990145609736,0.1510580389883769
-0.017487218807104285,-0.016940569671239882,0.0,0.03788566090273549,-0.08970936694466616,-0.017197187353668535,-0.016146500458883738
-0.045251644936292926,-0.03054463133998086,0.0,-0.012392511986179114,-0.2015062689945122,-0.06248899761911759,0.18599984271855777
-0.04632163167016785,-0.032035334265428504,0.0,0.01099869379561237,-0.25381253186523706,-0.0683654641537749,0.22124562809458706
-0.017074228260190952,-0.01851544302787989,0.0,0.027855333790814993,-0.04863616775727528,-0.03108695025498007,-0.03227785426613103
-0.023477182700020183,-0.021963779801785464,0.0,0.04316406762021115,-0.0866668434491938,-0.02620565205711584,-0.03559500909190775
-0.017627156318749705,-0.012578460589755295,0.0,-1.181589848799715,1.222808328077753,-1.110050798728538,0.2858425545266288
-0.018897789261874142,-0.021984903190618073,0.0,0.008370013522659321,-0.06862122944311776,-0.005602396066339853,-0.014522792272083897
-0.017666204594300676,-0.018859064112584274,0.0,-0.0032830273619473393,-0.07609718936700502,-0.0486059921147675,0.004355324023960416
-0.015896491426098114,-0.018377092267910556,0.0,0.019567982929642166,-0.0459230396564857,-0.07408674358502317,-0.033053496054245936
-0.018604663385270483,-0.01727279184511604,0.0,-0.2317425014549435,1.0361383961426678,-0.24298768577150598,-0.3832553454291774
-0.017659216068620514,-0.018891420858617045,0.0,0.008188528920327382,-0.06891415259316537,-0.018995803915877314,-0.037045530949507514
-0.00744842657434001,-0.013166818734153443,0.0,-0.012297919883873173,1.2248447860594502,-0.5679230365418799,-0.30034818010292097
-0.046323329531165164,-0.03204143749541641,0.0,0.011283505414175067,-0.264105098464563,-0.049981939784217395,0.21579345581185252
-0.016492519551376223,-0.015914626703175797,0.0,0.022630781557700423,-0.14732762641139205,0.04517745723124773,-0.05511196440119392
-0.01154994315907416,-0.013707562172465198,0.0,0.14458094611908584,1.2851776920606808,-0.9559972802974076,-0.125706521197899
-0.011485724475474881,-0.013691593668979183,0.0,0.13618112129897994,1.2619302278118816,-0.9867494631161348,-0.21078216977809777
-0.01703659031125171,-0.019132091994019534,0.0,0.011984194041569357,-0.08501081092775825,-0.017870757881672496,-0.03828400077877115
-0.016492519551376223,-0.015914626703175797,0.0,0.022630781557700423,-0.14732762641139205,0.04517745723124773,-0.05511196440119392
-0.017666204594300676,-0.018859064112584274,0.0,-0.003445793415785334,-0.0697308477196289,-0.05689643399180481,0.0046677534422530035
-0.02605001207075944,-0.02579852000893638,0.0,-0.02473446126256039,-0.19895415290582505,0.1041818295449363,0.11513309093615424
-0.0122825937173657,-0.013985981296893856,0.0,0.1339163800974621,1.2658999791389607,-1.057594530957495,-0.16223530720632623
-0.03212780596654387,-0.021680167654085616,0.0,0.0038530641877247466,-0.08987621946897979,-0.08476408710625508,0.05230992072534673
-0.012060603930782128,-0.016249168537793426,0.0,0.0392931696820479,-0.09474656134513923,0.02609186968607595,-0.059961794384661496
-0.018897789261874142,-0.021959999091704985,0.0,0.010682466652430622,-0.06829159410813775,0.0034703847066459804,-0.019571285627555994
-0.02037180872868916,-0.020274448628164358,0.0,0.006585955971837712,-0.07946871177551314,-0.054975854315351236,-0.0003484350279473504
-0.016594932211223806,-0.017912127885792644,0.0,-0.048337688150191106,-0.2555080191443445,0.3360398874052132,-0.1618599261598175
-0.017050305795971627,-0.01911354282969484,0.0,0.00022920768212936223,-0.10101429638239252,-0.01541272527751396,-0.02384268765141353
-0.019257151108980665,-0.021959999091704985,0.0,0.008734787521269998,-0.058113531761891705,-0.026043438671035125,-0.0471213584173379
-0.018604663385270483,-0.017203064360769467,0.0,-0.22568319281116458,0.9788523907619907,-0.16213834894717902,-0.5877833917279159
-0.012196817263414407,-0.011830819221587895,0.0,-0.7246256094043381,2.128725023338691,-0.19582275318916398,1.5297666745859564
-0.032180515398218174,-0.02749294803586055,0.0,-0.009792358581158126,-0.16064949944164497,-0.05732443058891479,0.11542860948998053
-0.018604663385270483,-0.01727279184511604,0.0,-0.2317425014549435,1.0361383961426678,-0.24298768577150598,-0.3832553454291774
-0.012418398278804447,-0.014498270983610364,0.0,0.12572109057115705,1.2194127356306228,-0.9455332729499903,-0.2775326371379502
-0.018498520464374706,-0.017418255858813174,0.0,0.04193687111872844,-0.1382754304099278,0.01795138645789728,-0.02744931876480026
-0.0744874775443162,-0.034445109536484046,0.0,0.012401742768628045,-0.2648378621994085,-0.09795009494332674,0.28603331320761066
-0.018897789261874142,-0.021984903190618073,0.0,0.008370013522659321,-0.06862122944311776,-0.005602396066339853,-0.014522792272083897
-0.017117942223094342,-0.018370964125574873,0.0,0.014618801300973976,-0.03585237557142759,-0.07015345310832541,-0.04517405724704899
-0.017221629057259703,-0.01598343589090149,0.0,0.029838775266101222,-0.053620906895688394,-0.03686470451832223,-0.059573640661610576
-0.012196817263414407,-0.011830819221587895,0.0,-0.5881376087835839,1.0512648879129391,-0.31323064728232075,-0.30943422750040545
-0.007492936354061703,-0.013166818734153443,0.0,-0.03607778357553312,1.1523084599339117,-0.5843192520054046,-0.4014612772797277
-0.029856881101591154,-0.029725524849625436,0.0,0.015416978283297085,-0.20337798281625918,-0.051786294550146765,0.12676301967036463
-0.046323329531165164,-0.03204143749541641,0.0,0.011283505414175067,-0.264105098464563,-0.049981939784217395,0.21579345581185252
-0.0744874775443162,-0.03287826283852525,0.0,0.011802140723960615,-0.2720433754582319,-0.08474582141463073,0.28440640336680734
-0.07341579294944395,-0.032896710722235344,0.0,-0.011786940590216104,-0.2010115928726352,-0.10981222857441592,0.25320090852369137
-0.02541334090106429,-0.023220423955245754,0.0,-0.08988284398962562,-0.07459433286118326,-0.08323036140692751,0.19645978217549198
-0.018604663385270483,-0.01727279184511604,0.0,-0.2317425014549435,1.0361383961426678,-0.24298768577150598,-0.3832553454291774
-0.015150702142792197,-0.02386022056812259,0.0,-0.009321857358130061,0.18380640304716284,-0.2430693790839158,-0.031082355267556813
-0.017513887753804427,-0.020274448628164358,0.0,0.006841977241515468,-0.0742385494569701,-0.05882075967266371,-0.000382686041787093
-0.014865437975756174,-0.021629140363011994,0.0,0.006783507010885218,-0.06534504079298302,-0.017188558765737234,-0.03449029128638539
-0.012418398278804447,-0.014436833356587781,0.0,0.1067008660402017,1.1849118752618082,-0.8882676758975676,-0.31878340642956515
-0.01596306857672667,-0.018370964125574873,0.0,0.01984753929669711,-0.026603429881998066,-0.08767896467634433,-0.03414222288387192
-0.017487218807104285,-0.017176929582398283,0.0,0.03748594872486221,-0.0980979834559626,-0.007084931835826452,-0.007768178872108025
-0.046323329531165164,-0.03204143749541641,0.0,0.011283505414175067,-0.264105098464563,-0.049981939784217395,0.21579345581185252
-0.010103064241615684,-0.012005285486097446,0.0,0.6795242343419415,1.7853295189039615,-0.43183922499763006,0.27979615972422744
-0.018315017252511487,-0.022084866174505603,0.0,0.015273789152334386,-0.09323297340829104,-0.07848676444211031,-0.010169181062776792
-0.006947234319273789,-0.01257942231984001,0.0,-0.017867642935377223,1.0892677924653227,-0.7395013994634472,-0.4004151492293056
-0.017666204594300676,-0.018859064112584274,0.0,-0.0015753111357356888,-0.08162737860387025,-0.037848498891805846,0.004706791924747678
-0.016322430423833197,-0.018136421132508067,0.0,0.02071808343125571,-0.02095691761590743,-0.09231493765435954,-0.0340499287234233
-0.026003170868517604,-0.019647991087962904,0.0,0.007769991520008768,-0.14589752248477855,-0.024459123962738718,0.047567667598099724
-0.01729985422151399,-0.01912596385168385,0.0,0.007305660066099002,-0.06971787066763419,-0.017366994446370403,-0.03926135480275486
-0.01566979432712143,-0.01797718114747163,0.0,0.11176442867511951,1.3280539771884399,-1.0382551261960218,-0.367718403221943
-0.018604663385270483,-0.017331982716640857,0.0,-0.22533635511435662,1.048139659840691,-0.3910094939113631,-0.3813590310269212
-0.017487218807104285,-0.016940569671239882,0.0,0.03809519588029973,-0.0897977629336741,-0.01335301456880397,-0.015699750585993176
-0.017659216068620514,-0.01912596385168385,0.0,0.006868911919636622,-0.0664155834450839,-0.019102073311837147,-0.032937655408025485
-0.022131083674985962,-0.022084866174505603,0.0,0.02048687969113893,-0.07641326163291777,-0.023250973739011527,-0.031117175771090577
-0.018897789261874142,-0.022221263101776474,0.0,0.004155435234145265,-0.07411517898848699,-0.00869466001500196,-0.008308416332221335
-0.017477304070200865,-0.018136421132508067,0.0,0.015208607679487372,-0.03421229820838962,-0.07010994061690998,-0.0422853217083203
-0.07341409508844662,-0.03055759261302029,0.0,-0.008709522081135837,-0.2001414822829256,-0.11104199395496914,0.2521671204493615
-0.022839997062789687,-0.02482029515495252,0.0,0.061964897715255485,0.20566751099386815,-0.3338616342914383,0.05454318372724684
-0.03325219999309041,-0.029043651137521123,0.0,0.010543335915181038,-0.22875369474230056,-0.03172619929613041,0.14851951974867025
-0.018248670479681733,-0.016953900381406848,0.0,0.1765391462331444,-0.6312230212264613,2.5165907796719416,-2.1994481455296473
-0.01103573804494525,-0.012739438961809808,0.0,0.6393478313557691,1.754959844127055,-0.6494100407542938,0.07277598990124436
-0.07448577968331888,-0.034439006306496135,0.0,0.011517311331754565,-0.261751757013903,-0.10300296375595251,0.2914715052804659
-0.012418398278804447,-0.014436833356587781,0.0,0.11225332687156983,1.1890912842798944,-0.8811433246153253,-0.20437334397348864
-0.017666204594300676,-0.018859064112584274,0.0,0.0017287870081157386,-0.07617351015147064,-0.04186346814203761,-0.015838006922544504
-0.01729985422151399,-0.01912596385168385,0.0,0.008188528920327382,-0.06891415259316537,-0.02520512817894344,-0.035687796870713925
-0.052739278539563283,-0.02363258988714851,0.0,0.005184679825985156,-0.08949377533183303,-0.041316798891491015,0.03416974336695771
-0.018604663385270483,-0.01727279184511604,0.0,-0.22141465631407403,1.029302431459984,-0.22735905028980977,-0.3616205207277915
-0.03212610810554655,-0.0203317740424611,0.0,0.008380294543048717,-0.07086082485671553,-0.08586747045857267,0.034410696260549226
-0.0122825937173657,-0.013985981296893856,0.0,0.13849209406954374,1.2806808755558043,-1.068120519081825,-0.10578029214385569
-0.07448577968331888,-0.03287215960853734,0.0,0.01169594030304087,-0.26175075762003847,-0.09923114314864706,0.2844577246590912
-0.02858999435030228,-0.024495973108776724,0.0,-0.3319014862723926,-0.5072070114914977,0.15293299028604823,0.5397601294732041
-0.016943683714795793,-0.01851544302787989,0.0,0.025984238129145215,-0.05946778093185645,-0.03099945362058373,-0.04106052880697061
-0.017074228260190952,-0.01835140346840837,0.0,0.02590510112123251,-0.054470821569384986,-0.044774135598343354,-0.032500169519448154
-0.01930105375138229,-0.020615433589835825,0.0,-0.22878366272772,0.9933639866373302,-0.09450191654355933,-0.5542115456035683
-0.032180515398218174,-0.02439359129836657,0.0,-0.01198660408767497,-0.1702318248485562,-0.04399377503198309,0.11534232762080367
-0.018474269007141466,-0.017826491682828037,0.0,-0.5488085268966758,-0.46498188053716477,1.8518125410173452,-0.9756773499672055
-0.03325219999309041,-0.029043651137521123,0.0,0.010543335915181038,-0.22875369474230056,-0.03172619929613041,0.14851951974867025
-0.05371160529590835,-0.032086160933291856,0.0,0.01169572810058611,-0.2535266675780119,-0.06606838722102372,0.22174225455554222
-0.00744842657434001,-0.013002779174681924,0.0,-0.02358260621082485,1.1784530055870692,-0.601361748802917,-0.3643158876956829
-0.017602539681659927,-0.019647991087962904,0.0,0.011389609331226496,-0.12788273587750024,-0.039507881851403234,0.027087586857274384
-0.01747892314064708,-0.019647991087962904,0.0,0.051091861119305595,-0.2584074581743231,0.6428059576252627,-0.561749518468037
-0.017659216068620514,-0.018891420858617045,0.0,0.008188528920327382,-0.06891415259316537,-0.018995803915877314,-0.037045530949507514
-0.01723117881451158,-0.02145371934536205,0.0,0.013537607722427451,-0.13029501767133556,0.02816609104574944,-0.02967270002511396
-0.01392870314499925,-0.01718139821921873,0.0,0.04522293258792897,-0.11205724640114499,0.03233325980757011,-0.058723192936786496
-0.03325219999309041,-0.02486735482874048,0.0,0.00028244735892896426,-0.18885716365736926,-0.02846315641213751,0.1117336676025975
-0.07448577968331888,-0.03287215960853734,0.0,0.011517329105397925,-0.261750808858906,-0.10312934578418817,0.2898585756495418
-0.008959522055588401,-0.013293764798301638,0.0,0.19488092776778213,1.3614397094313238,-1.4357253044298526,-0.0039610119753422015
-0.01930105375138229,-0.01727279184511604,0.0,-0.2324143670609399,1.0284860444049648,-0.20226576241776137,-0.38194843076413926
-0.017659216068620514,-0.01912596385168385,0.0,0.008188528920327382,-0.06891415259316537,-0.017644248864724096,-0.03706427768930828
-0.018157711809724496,-0.017660737057957215,0.0,0.036920365974333555,-0.16630669078054625,0.024722128970607483,-0.009431748393145442
-0.018604663385270483,-0.01727279184511604,0.0,-0.2317425014549435,1.0361383961426678,-0.24298768577150598,-0.3832553454291774
-0.017659216068620514,-0.018891420858617045,0.0,0.008188528920327382,-0.06891415259316537,-0.018995803915877314,-0.037045530949507514
-0.01729985422151399,-0.01912596385168385,0.0,0.008188528920327382,-0.06891415259316537,-0.02520512817894344,-0.035687796870713925
-0.04524994707529561,-0.03055759261302029,0.0,-0.008716140052688543,-0.19343064514597927,-0.07692303652836682,0.18718688375919382
-0.07341409508844662,-0.032909671995274774,0.0,-0.00915392007713441,-0.20013052985684837,-0.11110770490300835,0.2543739693544482
-0.013384034271025344,-0.024750393364993455,0.0,0.06874667187913813,0.09646433909873846,-0.18400500588364296,-0.0889631218246631
-0.018897789261874142,-0.021959999091704985,0.0,0.010682466652430622,-0.06829159410813775,0.0034703847066459804,-0.019571285627555994
-0.018604663385270483,-0.01727279184511604,0.0,-0.2318014080676722,1.0501350528745235,-0.24059496044146214,-0.3759584334034043
-0.01571352015118431,-0.018248047894946735,0.0,0.009571948315053718,-0.05699872211327377,-0.06157709936685289,-0.016422930318109215
-0.017659216068620514,-0.018891420858617045,0.0,0.008188528920327382,-0.06891415259316537,-0.018995803915877314,-0.037045530949507514
-0.018228042630064466,-0.019087854030192655,0.0,0.0033657004006440337,-0.11316216142893679,-0.0022750957727162248,-0.02033168131399514
-0.015150702142792197,-0.02386022056812259,0.0,-0.011183479840861174,0.17101320809364262,-0.23186444993421768,-0.033271545904804266
-0.018321952166645217,-0.0192597817279595,0.0,-0.49051234502093205,-0.5148815610451778,1.7149628301759852,-0.8631699773637806
-0.07448577968331888,-0.03287215960853734,0.0,0.01169594030304087,-0.26175075762003847,-0.09923114314864706,0.2844577246590912
-0.07448577968331888,-0.03287215960853734,0.0,0.011517329105397925,-0.261750808858906,-0.10312934578418817,0.2898585756495418
-0.016322430423833197,-0.018136421132508067,0.0,0.01984753929669711,-0.026603429881998066,-0.08146964041327819,-0.03549995696266551
-0.012060603930782128,-0.016249168537793426,0.0,0.04002282805165042,-0.09245914453715066,0.022856542510525213,-0.05728477168720758
-0.018214327145344548,-0.019270442753988867,0.0,0.01802250939057277,-0.09537175685673938,0.01279021238462509,-0.03531310857216383
-0.016385370713753376,-0.01673352780558294,0.0,0.04389686612414539,-0.10524612132496153,-0.03104598876018707,-0.07206025035036596
-0.017666204594300676,-0.018859064112584274,0.0,-0.0015753111357356888,-0.08162737860387025,-0.037848498891805846,0.004706791924747678
3.8993664275581543,3.0304674016247226,0.0,0.3633836329637603,0.44472457542333926,1.8618508220590626,2.2977923421694104
-0.03498453944481272,-0.030490734393755853,0.0,-0.011864043510023275,-0.19550548120816177,-0.04278809341632192,0.14731670861221824
-0.011889514424286738,-0.01718139821921873,0.0,0.045952036293543136,-0.10976982959315643,0.014267208920373758,-0.05604617023933258
-0.006947234319273789,-0.01257942231984001,0.0,-0.017867642935377223,1.0892677924653227,-0.7395013994634472,-0.4004151492293056
-0.017659216068620514,-0.018891420858617045,0.0,0.008188528920327382,-0.06891415259316537,-0.018995803915877314,-0.037045530949507514
-0.017337704564467694,-0.0254295642719668,0.0,0.007345775193617501,-0.1543800573550984,0.07315965381064526,-0.05091765140701363
-0.02194530239094195,-0.027512462872212342,0.0,0.004823976305531713,-0.06973814690554647,-0.19550514169958486,0.12044918575268664
-0.017337704564467694,-0.0254295642719668,0.0,0.007345775193617501,-0.1543800573550984,0.07315965381064526,-0.05091765140701363
-0.017050305795971627,-0.01911354282969484,0.0,0.00022920768212936223,-0.09757625683657453,-0.019639602517944436,-0.02384268765141353
-0.012418398278804447,-0.014436833356587781,0.0,0.11225379803256816,1.1890620950863928,-0.8812346665808217,-0.20437334397348864
-0.01862493105841759,-0.016953900381406848,0.0,0.2962807057697331,-0.5181589845042192,2.2264792732875915,-2.1134608237475696
-0.017050305795971627,-0.01911354282969484,0.0,-1.46890783633215e-05,-0.10442751017304557,-0.009950859096840802,-0.02384268765141353
-0.007713490657375906,-0.01188013850616312,0.0,0.17053190569701018,1.1340124294996459,-1.0389705472172577,-0.3521239333017493
-0.010696883407149041,-0.016017643982210294,0.0,0.8951533390764634,2.1082446295079817,0.004994659903636807,0.06518929463397775
-0.027001381200406797,-0.020776844379512913,0.0,0.04470600200313014,-0.07973349551173303,-0.02637862578393426,-0.08618934188302924
-0.01729985422151399,-0.01912596385168385,0.0,0.008188528920327382,-0.06891415259316537,-0.02520512817894344,-0.035687796870713925
-0.017477304070200865,-0.018136421132508067,0.0,0.015208607679487372,-0.03421229820838962,-0.07010994061690998,-0.0422853217083203
-0.017659216068620514,-0.018891420858617045,0.0,0.008188528920327382,-0.06891415259316537,-0.018995803915877314,-0.037045530949507514
-0.017606286648474637,-0.019647991087962904,0.0,0.015682700137104124,-0.18701259019058927,0.014756664722715588,0.03985700816675154
-0.032180515398218174,-0.02749294803586055,0.0,-0.011843712190705437,-0.16620033428596118,-0.04619236755965058,0.11898814625554051
-0.032180515398218174,-0.02749294803586055,0.0,-0.011843712190705437,-0.16620033428596118,-0.04619236755965058,0.11898814625554051
-0.017666204594300676,-0.018859064112584274,0.0,-0.003445793415785334,-0.07104552663877706,-0.05197417003036659,0.0003400713665379458
-0.012196817263414407,-0.011830819221587895,0.0,-0.5881376087835839,1.0512648879129391,-0.31323064728232075,-0.30943422750040545
-0.03325219999309041,-0.02486735482874048,0.0,0.0008820671772397583,-0.18165070224354884,-0.04179381196906914,0.11174764781247674
-0.018180495919563527,-0.018440416748245713,0.0,0.010215215907473138,-0.051499701093777564,-0.008458893843093724,-0.05166235421981193
-0.012196817263414407,-0.011830819221587895,0.0,-0.3940088755565541,1.0457751962612947,-0.3897640228908427,-0.06465335226556533
-0.017221629057259703,-0.01598343589090149,0.0,0.02938859414440983,-0.05361035813174788,-0.03756260521957254,-0.060670375768681166
-0.016322430423833197,-0.018346060026661785,0.0,0.030012147055686632,-0.0261500887799113,-0.07930950780135673,-0.04426117566603701
-0.032147898132020035,-0.021760890197691684,0.0,0.015458578883292159,-0.2521152706679946,0.44734226455745957,-0.23512367087798128
-0.017666204594300676,-0.018859064112584274,0.0,0.0036822381865806633,-0.06509089747743102,-0.04341673815764738,-0.019085259272703332
-0.026512483245636435,-0.019686251999232303,0.0,0.007506970745287829,-0.1220852133852271,-0.07072148085504357,0.060645223633573615
-0.032180515398218174,-0.02749294803586055,0.0,-0.010654998628622115,-0.16742863170045874,-0.04629995767528406,0.11837379096447286
-0.022993538769153627,-0.01418737790612548,0.0,0.008919272728623256,-0.14533489995706353,-0.06093800934631182,0.06535554929948927
-0.0122825937173657,-0.013985981296893856,0.0,0.13849209406954374,1.2806808755558043,-1.068120519081825,-0.10578029214385569
-0.015144286748816104,-0.016953900381406848,0.0,0.44462948693216675,-0.3834919753999915,1.8859731489613754,-2.024953395734163
-0.015039271688719156,-0.016854614178303078,0.0,0.013781207835224669,-0.09356865588380828,-0.019038976699453217,-0.07401653745667323
-0.014865437975756174,-0.021957077385706774,0.0,0.00977893684190556,-0.0634735011579737,0.03232050147368698,-0.083435533659677
-0.03212610810554655,-0.02169236293617526,0.0,0.0049819564988729005,-0.08901725043734225,-0.08426458216890008,0.05235033362219578
-0.01631533099698851,-0.015677120286777115,0.0,0.047882052321995924,-0.024216160974472874,-0.1354218170780349,0.04683365875942073
-0.026512483245636435,-0.021604369686401958,0.0,0.007320498766442275,-0.12463588677936038,-0.07461968349058466,0.06956898831337414
-0.03325219999309041,-0.029043651137521123,0.0,0.011303674424059358,-0.22886085465180134,-0.033946158959391994,0.15108292711069954
-0.03605622403968496,-0.03204143749541641,0.0,0.011882962923052303,-0.25095954016018146,-0.04387254037299498,0.17942546967725664
-0.017477304070200865,-0.018136421132508067,0.0,0.015725453951898734,-0.031399479014840255,-0.07179314476397852,-0.04553250006088105
-0.017659216068620514,-0.019371969642212696,0.0,0.007242224326075442,-0.06962769561101498,-0.029914618450017916,-0.031092415262252638
-0.07341409508844662,-0.031342825297315975,0.0,-0.010657169682712696,-0.2001414310440581,-0.10926940149839073,0.2516283917896163
-0.03325219999309041,-0.02486735482874048,0.0,-0.0001111324130095537,-0.17849332585658623,-0.04392712670896975,0.11174537670618882
-0.026512483245636435,-0.01968426805961108,0.0,0.007229944761535926,-0.12184074232718857,-0.07106471504684646,0.060605611444881094
-0.017443730728962745,-0.021369932466108424,0.0,-0.0002022433991733032,-0.13655569268277112,-0.006737198292821337,0.022094979715538324
-0.017477304070200865,-0.018370964125574873,0.0,0.014202180871207266,-0.030202602618174004,-0.06901931056782201,-0.04161067209294237
-0.018474269007141466,-0.017820900245953564,0.0,-0.17223975520495377,-0.39886555437400906,0.9530372338009808,-0.5241990539153449
-0.009354944855540441,-0.019163475065106662,0.0,-0.007374120904979439,-0.042386099637104956,-0.047119604051975295,-0.06006603276540689
-0.017477304070200865,-0.018136421132508067,0.0,0.015725453951898734,-0.031399479014840255,-0.07179314476397852,-0.04553250006088105
-0.006947234319273789,-0.01257942231984001,0.0,-0.017867642935377223,1.0892677924653227,-0.7395013994634472,-0.4004151492293056
-0.032147898132020035,-0.02204986571814493,0.0,0.0018299568133775999,-0.11382207220754575,-0.013382854257644865,0.007984749077087188
-0.010955428473700487,-0.016915665572326793,0.0,0.07838827849701101,-0.06774300004330246,0.06459445338434093,0.0017118199323364188
-0.012418398278804447,-0.014436833356587781,0.0,0.11225379803256816,1.1890620950863928,-0.8812346665808217,-0.20437334397348864
-0.017487218807104285,-0.016940569671239882,0.0,0.03788566090273549,-0.08970936694466616,-0.017197187353668535,-0.016146500458883738
-0.018604663385270483,-0.01727279184511604,0.0,-0.2369927271938486,1.0366836807257218,-0.42049748024652084,-0.34584363378472555
-0.014318258620069578,-0.023614167558161942,0.0,-0.014386966333461192,-0.05605008476553929,-0.1348532494855128,0.062294352660741875
-0.016322430423833197,-0.018346060026661785,0.0,0.030012147055686632,-0.0261500887799113,-0.07930950780135673,-0.04426117566603701
-0.018474269007141466,-0.017820900245953564,0.0,-0.17223975520495377,-0.39886555437400906,0.9530372338009808,-0.5241990539153449
-0.022839997062789687,-0.024879486026477337,0.0,0.06141880258723896,0.19435224849198568,-0.33509479575768963,0.05041524444723971
-0.018228042630064466,-0.019251893589664174,0.0,0.0033657004006440337,-0.11316216142893679,0.0020818537009359844,-0.025376865372017582
-0.01749616121547245,-0.018751172782913612,0.0,1.0291136533776801,-0.15373416955296354,-0.9724464386428566,-0.01809068857745171
-0.012429790919111935,-0.014072488899618584,0.0,0.13369093126575016,1.2654030942218542,-1.0253222897610728,-0.11069634743861292
-0.017443730728962745,-0.021369932466108424,0.0,-0.05501706273858717,-0.48039816201609753,0.026214411140997523,0.44491261112290165
-0.009150106944923896,-0.013203183579701868,0.0,0.13506766967910422,1.200544452746416,-1.2984269168756002,-0.20425806475278782
-0.007266453744538808,-0.013203183579701868,0.0,0.11559318471076709,1.0989141407820258,-1.044451682882455,-0.3400704776983109
-0.017666204594300676,-0.018859064112584274,0.0,-0.0032830273619473393,-0.07609718936700502,-0.0486059921147675,0.004355324023960416
-0.05371160529590835,-0.03208692692424164,0.0,0.011696588923298,-0.25351642293606935,-0.06589868305411789,0.22174225455554222
-0.018604663385270483,-0.01727279184511604,0.0,-0.2369927271938486,1.0366836807257218,-0.42049748024652084,-0.34584363378472555
-0.016490385773850324,-0.01683281400868671,0.0,0.11764921761681671,-0.4133817077278316,1.3557190010865465,-1.1436426150478667
-0.017050305795971627,-0.01911354282969484,0.0,-1.46890783633215e-05,-0.10442751017304557,-0.009950859096840802,-0.02384268765141353
-0.03325219999309041,-0.029043651137521123,0.0,0.011303674424059358,-0.22886085465180134,-0.033946158959391994,0.15108292711069954
-0.018604663385270483,-0.01727279184511604,0.0,-0.23542039997715533,1.0349342058770046,-0.3861765718353024,-0.35504248044568215
-0.010498116454214789,-0.019163475065106662,0.0,0.03875445369328088,0.08707274134095659,-0.2191426387843018,-0.06027227729889909
-0.036054526178687644,-0.032035334265428504,0.0,0.011385917131751863,-0.24786712779069295,-0.048286384914224524,0.18486366175011193
-0.018897789261874142,-0.021984903190618073,0.0,0.008370013522659321,-0.06862122944311776,-0.005602396066339853,-0.014522792272083897
-0.07341409508844662,-0.032909671995274774,0.0,-0.008710188475036323,-0.20014243043792262,-0.11091561192673348,0.2543739693544482
-0.01930105375138229,-0.020685161074182397,0.0,-0.2312281514543894,1.038800921176025,-0.19040245364985234,-0.3812418329734822
-0.01930105375138229,-0.020615433589835825,0.0,-0.22878366272772,0.9933639866373302,-0.09450191654355933,-0.5542115456035683
-0.018248670479681733,-0.01695262892325427,0.0,-0.0487769989166025,-0.2951871349826837,1.0815773915597915,-0.8538853372008814
-0.05263992070103611,-0.03055759261302029,0.0,-0.010663210701960999,-0.19243309571543346,-0.07504005054120896,0.18704786374428348
-0.012675241721833045,-0.02386022056812259,0.0,0.030238365603702532,0.07626711672296478,-0.6280514561067467,0.5191434515839565
-0.04632163167016785,-0.032035334265428504,0.0,0.01099869379561237,-0.25381253186523706,-0.0683654641537749,0.22124562809458706
-0.03142859232267352,-0.02398439872419389,0.0,-5.225942548163808e-05,-0.14868304267045182,-0.061249057795593885,0.09307011459093231
-0.018604663385270483,-0.01727279184511604,0.0,-0.2317425014549435,1.0361383961426678,-0.24298768577150598,-0.3832553454291774
-0.02541334090106429,-0.023220423955245754,0.0,-0.08988284398962562,-0.07459433286118326,-0.08323036140692751,0.19645978217549198
-0.026512483245636435,-0.021602385746780736,0.0,0.007222083980333325,-0.12439136448245433,-0.07106471504684646,0.06412852513423091
-0.031100875394239617,-0.02178670616426773,0.0,0.36442374950882395,-0.5428777302978964,1.6908110991925924,-1.502167519287403
-0.016188531869809147,-0.019424739075178152,0.0,0.0007042324871418679,-0.043481914365148054,-0.09056538193635143,0.0032852771550515715
-0.02375580801805397,-0.02122357436896206,0.0,0.039996261052969474,-0.07793641387020897,-0.03668411240072928,-0.07197991831165551
-0.017487218807104285,-0.017176929582398283,0.0,0.03748594872486221,-0.0980979834559626,-0.007084931835826452,-0.007768178872108025
-0.017117942223094342,-0.018370964125574873,0.0,0.014618801300973976,-0.03585237557142759,-0.07015345310832541,-0.04517405724704899
-0.024772741452883926,-0.015247348580872629,0.0,0.00021435165402851098,-0.0893458345545952,-0.05606702461625436,0.01218374533724813
-0.017602539681659927,-0.019647991087962904,0.0,0.014505457920699258,-0.14572833987105605,-0.033022003494611485,0.02981896765218296
-0.014865437975756174,-0.021629140363011994,0.0,0.006783507010885218,-0.06534504079298302,-0.017188558765737234,-0.03449029128638539
-0.021129097544132974,-0.02355075861500158,0.0,0.032145301285653544,-0.10920910860168623,-0.19126992576180477,0.156588877390884
-0.010955428473700487,-0.01699931084006195,0.0,0.06503450361945318,-0.08293985333841064,0.002872805851603369,-0.022720741987065925
-0.016322430423833197,-0.018136421132508067,0.0,0.01984753929669711,-0.026603429881998066,-0.08146964041327819,-0.03549995696266551
-0.009150106944923896,-0.013203183579701868,0.0,0.1817513990734194,1.2937167741698314,-1.4336105687495142,-0.05058527803584257
-0.017477304070200865,-0.018136421132508067,0.0,0.01607915181404598,-0.02856578594229896,-0.08095523785799133,-0.04134326529620629
-0.017477304070200865,-0.018136421132508067,0.0,0.015725453951898734,-0.031399479014840255,-0.07179314476397852,-0.04553250006088105
-0.012429790919111935,-0.014072488899618584,0.0,0.13369093126575016,1.2654030942218542,-1.0253222897610728,-0.11069634743861292
-0.010434594084044258,-0.019422682962010232,0.0,0.029885778488484335,0.09050932930564372,-0.19790302783543412,-0.07225543810725346
-0.00935367166237484,-0.019422682962010232,0.0,-0.027894950585804094,-0.04124119918549307,-0.013654285610513121,-0.04413475393469545
-0.017050305795971627,-0.01911354282969484,0.0,0.00022920768212936223,-0.10101429638239252,-0.01541272527751396,-0.02384268765141353
-0.03325219999309041,-0.029043651137521123,0.0,0.011303674424059358,-0.22886085465180134,-0.033946158959391994,0.15108292711069954
-0.017679899738498296,-0.018859064112584274,0.0,-0.011477865077013783,-0.08795563433468793,-0.008820365360385418,-0.01533534530017336
-0.052739278539563283,-0.02363258988714851,0.0,0.005184679825985156,-0.08949377533183303,-0.041316798891491015,0.03416974336695771
-0.046323329531165164,-0.03204143749541641,0.0,0.011283505414175067,-0.264105098464563,-0.049981939784217395,0.21579345581185252
-0.017487218807104285,-0.016940569671239882,0.0,0.038033212333432306,-0.09442038337311383,-0.007216071925670711,-0.008030496843511523
-0.07448577968331888,-0.03208692692424164,0.0,0.011517977725655054,-0.261750808858906,-0.10312934578418817,0.28926465637537924
-0.018157711809724496,-0.017660737057957215,0.0,0.019315635983396078,-0.1760381329045975,0.022665711461771935,0.018095712845388995
-0.029690414642366995,-0.014340625605356367,0.0,0.00899145783323217,-0.14463972526422716,-0.06960749442531246,0.078310443969791
-0.033250502132093095,-0.025937425179089445,0.0,0.009504731261330486,-0.22162696947340707,-0.04487009220829493,0.1463408269819443
-0.02756711700317631,-0.02823266438401888,0.0,0.08281249192545515,0.23621434069384292,-0.1611452055266818,0.1311160263284872
-0.017602539681659927,-0.019647991087962904,0.0,0.011389609331226496,-0.12788273587750024,-0.039507881851403234,0.027087586857274384
-0.009291937352883592,-0.013753503253105068,0.0,0.19867816355172005,1.4046240030109531,-1.3620627200540312,-0.0013960547582501938
-0.017221629057259703,-0.01598343589090149,0.0,0.02938859414440983,-0.05361035813174788,-0.03756260521957254,-0.060670375768681166
-0.033250502132093095,-0.024860485607802775,0.0,0.0001753861152973335,-0.17857479046111846,-0.04311818231305963,0.11178498889488135
-0.017221629057259703,-0.01598343589090149,0.0,0.029838775266101222,-0.053620906895688394,-0.03686470451832223,-0.059573640661610576
-0.018604663385270483,-0.01727279184511604,0.0,-0.2369927271938486,1.0366836807257218,-0.42049748024652084,-0.34584363378472555
-0.0173317034684835,-0.019422682962010232,0.0,0.05353883712100961,0.0834867538135656,-0.2279412000281394,-0.04741570757081389
-0.03422970019404724,-0.020820616741103203,0.0,0.015554988603506096,-0.14358847412054448,-0.006602633894268649,0.014613164330666504
-0.017846580654210808,-0.016915665572326793,0.0,0.03350893834082065,-0.07732292157627128,-0.03240244418062809,-0.0534336290867362
-0.018474269007141466,-0.017820900245953564,0.0,0.05594258103675579,-0.38865752830117684,1.2045931067668185,-0.9907672102059736
-0.014938150228341029,-0.02360101267121902,0.0,0.037865105078109765,0.10999378847171748,-0.19779031039026365,-0.048800527788760734
-0.015039271688719156,-0.016854614178303078,0.0,0.013781207835224669,-0.09356865588380828,-0.019038976699453217,-0.07401653745667323
-0.012196817263414407,-0.011830819221587895,0.0,-0.31223029228107607,1.0108309164391518,-0.48672038692581954,-0.3504091362263072
-0.007306596166380315,-0.012344879326773205,0.0,-0.03533917270226013,1.0759753061276138,-0.7728476168947749,-0.38300266817783235
-0.07341409508844662,-0.031342825297315975,0.0,-0.008710170701392964,-0.2001414822829256,-0.11104199395496914,0.2527610397235241
-0.017477304070200865,-0.018136421132508067,0.0,0.015725453951898734,-0.031399479014840255,-0.07179314476397852,-0.04553250006088105
-0.032180515398218174,-0.024180089647802546,0.0,-0.0004493960376977312,-0.15870754356932812,-0.05765728113433831,0.09993665205922074
-0.033250502132093095,-0.024861251598752562,0.0,0.00017624693800922527,-0.1785645458191759,-0.042948478146153816,0.11178498889488135
-0.02969211250336431,-0.01434672883534428,0.0,0.009875889270105654,-0.14772583044973267,-0.06455462561268673,0.07287225189693569
-0.018474269007141466,-0.017820900245953564,0.0,-0.08163823187391647,-0.3365299303514402,0.6884739851763253,-0.41685305350908675
-0.019909090919144563,-0.02211973621355264,0.0,0.0035419470497198937,-0.10463849070095746,0.013723529959142897,-0.029665961713589414
-0.032178817537220857,-0.02419228492989219,0.0,-0.0004520554968047929,-0.15746272194761007,-0.05713751472584212,0.09997626424791327
-0.016078457458585355,-0.01598343589090149,0.0,0.029039978459767253,-0.050989037107208646,-0.04435578816454036,-0.05763621955738334
-0.01729985422151399,-0.01912596385168385,0.0,0.008188528920327382,-0.06891415259316537,-0.02520512817894344,-0.035687796870713925
-0.018604663385270483,-0.01727279184511604,0.0,-0.23680250801858202,1.0347958576716494,-0.4142948750507022,-0.3457042333891266
-0.03325219999309041,-0.029043651137521123,0.0,0.01120641819316819,-0.22953347867656704,-0.03021506630737281,0.14636180734895807
-0.01833879656732675,-0.022414321119724568,0.0,0.06532946560947626,0.12455495392375202,-0.23676599493174869,0.13261961174980255
-0.01392870314499925,-0.01718139821921873,0.0,0.04522293258792897,-0.11205724640114499,0.03233325980757011,-0.058723192936786496
-0.014938150228341029,-0.023684799550472646,0.0,0.03317784870917631,0.10887600133442285,-0.18652301361363682,-0.04233983344222096
-0.07448577968331888,-0.034439006306496135,0.0,0.011904696977327602,-0.26174544982992,-0.10236393948455628,0.2914715052804659
-0.017221629057259703,-0.01598343589090149,0.0,0.02548513155839832,-0.061487011086261444,-0.051573654016316965,-0.057984955747975915
-0.032180515398218174,-0.024180089647802546,0.0,-0.0015809478079529453,-0.15832169097924761,-0.05763701966319715,0.09993585135106421
-0.032180515398218174,-0.02749294803586055,0.0,-0.011244092372394647,-0.1589938728721409,-0.05952302311658232,0.11900212646541973
-0.012418398278804447,-0.014436833356587781,0.0,0.10520098327806161,1.178024316931756,-0.8907306678841231,-0.3280978231658389
-0.010021415210069617,-0.016249168537793426,0.0,0.04002227338766206,-0.09245914453715066,0.008025818798879548,-0.05728477168720758
-0.01809855736116346,-0.018440416748245713,0.0,0.012156404467032847,-0.049702475428413995,-0.009132450217322586,-0.05244894920830271
-0.03605622403968496,-0.03204143749541641,0.0,0.01128334310474152,-0.2581660015740018,-0.030541884816063337,0.1794114894673774
-0.014865437975756174,-0.021629140363011994,0.0,0.00616598722970687,-0.06500664565692427,-0.0182294725318866,-0.03450804773600561
-0.017661005566564105,-0.018859064112584274,0.0,0.05146103623641389,-0.1628255892274613,0.646495006039478,-0.664417149723193
-0.03325219999309041,-0.029043651137521123,0.0,0.01120641819316819,-0.22953347867656704,-0.03021506630737281,0.14636180734895807
-0.01930105375138229,-0.020615433589835825,0.0,-0.22737329929482825,0.9796994098351376,-0.10777476290991181,-0.5745137111859285
-0.007266453744538808,-0.013203183579701868,0.0,0.07547308562419779,1.1170010513268311,-0.8647977628021767,-0.3846865249296586
-0.017050305795971627,-0.01911354282969484,0.0,-1.46890783633215e-05,-0.10442751017304557,-0.009950859096840802,-0.02384268765141353
-0.017477304070200865,-0.018541943636469542,0.0,0.004833623223846899,-0.02162101668203068,-0.07490502782686942,-0.044529506754822486
-0.015150702142792197,-0.02360101267121902,0.0,-0.06327113637273267,-0.2737170413878634,-0.17413839724355,0.4677667166531655
-0.012377659817900904,-0.012739438961809808,0.0,0.8050570540495526,1.8833344820921367,-0.27137893510741073,-0.1291126516425165
-0.017477304070200865,-0.018136421132508067,0.0,0.015208607679487372,-0.03421229820838962,-0.07010994061690998,-0.04279329353544852
-0.016188531869809147,-0.019422682962010232,0.0,0.0006494295428640806,-0.036436153098698146,-0.05246687602372717,-0.05796630391281034
-0.010955428473700487,-0.016915665572326793,0.0,0.07795022899700314,-0.07190699272573968,0.059245428001917455,-0.004447217153120186
-0.018604663385270483,-0.01727279184511604,0.0,-0.23239648142680716,1.0267474030025816,-0.22127526985957538,-0.39391596224273423
-0.007266453744538808,-0.013203183579701868,0.0,0.08770504839004378,1.1285300110740608,-0.9574978560502175,-0.3823179614033355
-0.006947234319273789,-0.01257942231984001,0.0,-0.017867642935377223,1.0892677924653227,-0.7395013994634472,-0.4004151492293056
-0.022993538769153627,-0.014185393966504258,0.0,0.008820857942514313,-0.14509037766015745,-0.05738304090257359,0.05991508612034609
-0.032180515398218174,-0.02749294803586055,0.0,-0.011244092372394647,-0.1589938728721409,-0.05952302311658232,0.11900212646541973
-0.02541334090106429,-0.023220423955245754,0.0,-0.08988284398962562,-0.07459433286118326,-0.08323036140692751,0.19645978217549198
-0.07341409508844662,-0.03055759261302029,0.0,-0.009153253683233921,-0.20012958170185136,-0.11123408693124401,0.2521671204493615
-0.017659216068620514,-0.018891420858617045,0.0,0.008188528920327382,-0.06891415259316537,-0.018995803915877314,-0.037045530949507514
-0.018604663385270483,-0.01727279184511604,0.0,-0.23239648142680716,1.0267474030025816,-0.22127526985957538,-0.39391596224273423
-0.012418398278804447,-0.014498270983610364,0.0,0.11624288938797404,1.1786541561678607,-0.8906983391947962,-0.32722707749389546
-0.031826306914369794,-0.020287409901203788,0.0,0.006959612554025664,-0.08127261795076625,-0.05349547527408162,0.019760632997741067
-0.018228042630064466,-0.019087854030192655,0.0,0.0033657004006440337,-0.11316216142893679,-0.0022750957727162248,-0.02033168131399514
-0.05263992070103611,-0.03055759261302029,0.0,-0.009153253683233921,-0.19189524701788227,-0.0779016268367149,0.19004556961997518
-0.017659216068620514,-0.018891420858617045,0.0,0.008188528920327382,-0.06891415259316537,-0.018995803915877314,-0.037045530949507514
-0.01723117881451158,-0.02145371934536205,0.0,0.011000422366563649,-0.13221844594152307,0.030319669815217318,-0.021561696840064783
-0.03182800477536711,-0.020274448628164358,0.0,0.003283240620535106,-0.08934824179929922,-0.039061436364832405,0.018573591957105014
-0.018604663385270483,-0.01727279184511604,0.0,-0.2369927271938486,1.0366836807257218,-0.42049748024652084,-0.34584363378472555
-0.017487218807104285,-0.016940569671239882,0.0,0.03809519588029973,-0.0897977629336741,-0.01335301456880397,-0.015699750585993176
-0.016322430423833197,-0.018136421132508067,0.0,0.01984753929669711,-0.026603429881998066,-0.08146964041327819,-0.03549995696266551
-0.00929142248536991,-0.019422682962010232,0.0,-0.015817335281326925,-0.038683123566299105,-0.026730053720126212,-0.0706073777571265
-0.045251644936292926,-0.03054463133998086,0.0,-0.012392511986179114,-0.2015062689945122,-0.06248899761911759,0.18599984271855777
-0.018197474103260978,-0.019251893589664174,0.0,0.003445320792999423,-0.1151888642042383,0.014469359407770648,-0.026759932758698944
-0.018897789261874142,-0.021984903190618073,0.0,0.004912233820279609,-0.07052597489464618,-0.0049816273199816625,-0.008123984430734262
-0.033250502132093095,-0.024860485607802775,0.0,0.0001753861152973335,-0.17857479046111846,-0.04311818231305963,0.11178498889488135
-0.03132461992241233,-0.02065984485410334,0.0,0.02777631037435108,-0.0833466906993218,-0.20019050299761884,0.0736441849407728
-0.01833879656732675,-0.022414321119724568,0.0,0.06532946560947626,0.12455495392375202,-0.23676599493174869,0.13261961174980255
-0.031598011789271255,-0.023123646442102217,0.0,0.009187017006391204,-0.11643576417920197,-0.0750235188603366,0.06362040895164052
-0.01930105375138229,-0.020615433589835825,0.0,-0.22737329929482825,0.9796994098351376,-0.10777476290991181,-0.5745137111859285
-0.01571352015118431,-0.018248047894946735,0.0,0.009571948315053718,-0.05699872211327377,-0.06157709936685289,-0.016422930318109215
-0.017050305795971627,-0.01911354282969484,0.0,-1.46890783633215e-05,-0.10442751017304557,-0.009950859096840802,-0.02384268765141353
-0.03451169511652668,-0.02728011771434746,0.0,0.005614535724560598,-0.07224784749605752,-0.14070402706726773,0.2123470885359874
-0.02045876279554734,-0.01964188785797499,0.0,0.010017923797346518,-0.12877800062952677,-0.04083928436133043,0.028436241543438653
-0.017666204594300676,-0.018859064112584274,0.0,-0.003445793415785334,-0.0697308477196289,-0.05689643399180481,0.0046677534422530035
-0.024772741452883926,-0.015247348580872629,0.0,0.00021435165402851098,-0.0893458345545952,-0.05606702461625436,0.01218374533724813
-0.017602539681659927,-0.019647991087962904,0.0,0.014505457920699258,-0.14572833987105605,-0.033022003494611485,0.02981896765218296
-0.018604663385270483,-0.01727279184511604,0.0,-0.23239648142680716,1.0267474030025816,-0.22127526985957538,-0.39391596224273423
-0.016492519551376223,-0.015998413582429424,0.0,0.045290886565984144,-0.16335815169882156,0.08756269409489138,-0.0461113570714659
-0.02215533565309544,-0.022414321119724568,0.0,0.277639642062634,-0.39544997621926603,0.1827266361410997,1.1094094366163347
-0.017477304070200865,-0.018541943636469542,0.0,0.004833623223846899,-0.02162101668203068,-0.07490502782686942,-0.044529506754822486
-0.019257151108980665,-0.021959999091704985,0.0,0.013665442501911942,-0.061848628279916516,-0.02322932913566631,-0.03804409256939994
-0.02651418110663375,-0.021610472916389872,0.0,0.007605310385004962,-0.13492845337868617,-0.05623615912102723,0.0641168160306396
-0.01050667487718489,-0.018823302691542507,0.0,0.008377943721343132,-0.07746306754580355,-0.01694437597245696,-0.057282030134596824
-0.01729985422151399,-0.01912596385168385,0.0,0.008188528920327382,-0.06891415259316537,-0.02520512817894344,-0.035687796870713925
-0.00935367166237484,-0.019422682962010232,0.0,-0.026466211593580084,-0.03993256895179651,-0.021059724069585117,-0.045518941058051
-0.015150702142792197,-0.02386022056812259,0.0,-0.011183479840861174,0.17101320809364262,-0.23186444993421768,-0.033271545904804266
-0.02170262856697045,-0.021717214335072354,0.0,0.03610569384536201,-0.061285048024037905,-0.06319847341797016,0.001522034085625667
-0.07448577968331888,-0.03287215960853734,0.0,0.011904714750970961,-0.26174450167492297,-0.10249032151279194,0.2898585756495418
-0.02756711700317631,-0.02823266438401888,0.0,0.08281249192545515,0.23621434069384292,-0.1611452055266818,0.1311160263284872
-0.017050305795971627,-0.01911354282969484,0.0,0.00022920768212936223,-0.09757625683657453,-0.019639602517944436,-0.02384268765141353
-0.032180515398218174,-0.02749294803586055,0.0,-0.010391978399468923,-0.1678559608554653,-0.04399377503198309,0.11541462928010128
-0.04524994707529561,-0.03055759261302029,0.0,-0.008716140052688543,-0.19343064514597927,-0.07692303652836682,0.18718688375919382
-0.018604663385270483,-0.017203064360769467,0.0,-0.22568319281116458,0.9788523907619907,-0.16213834894717902,-0.5877833917279159
-0.018604663385270483,-0.01727279184511604,0.0,-0.2369927271938486,1.0366836807257218,-0.42049748024652084,-0.34584363378472555
-0.015144286748816104,-0.016953900381406848,0.0,0.3636519081786789,-0.47229424044194596,1.657987705521462,-1.6396572099091007
-0.017659216068620514,-0.019101059752770762,0.0,0.004978109961988263,-0.06565566373233024,-0.025884091384739467,-0.03750770063852437
-0.02045876279554734,-0.01964188785797499,0.0,0.00983931259970357,-0.12877805186839428,-0.044737486996871516,0.03383709253388933
-0.015144286748816104,-0.016953900381406848,0.0,0.297582358499825,-0.5284104898436928,2.190002086592888,-2.074709159292952
-0.05371160529590835,-0.03208692692424164,0.0,0.01190536337122809,-0.25351016699095386,-0.06915786141826277,0.22714310554599287
-0.012116124503775557,-0.011553474753700043,0.0,-0.5010121449333722,1.0249913885777888,-0.38415876526293935,-0.3031941985474447
-0.015762592872074065,-0.019444069323888553,0.0,-0.0024391384310343944,-0.04769234503789884,-0.08711656701735401,0.0053414106920104
-0.017596044179222132,-0.018612406161704478,0.0,0.024545165543601706,-0.14350935843503973,-0.044961828338987396,0.02924708042257826
-0.014126778712620818,-0.01583098143544064,0.0,0.01611326657724434,-0.10871214996531336,0.03864919864466985,-0.05269107426747257
-0.017659216068620514,-0.01912596385168385,0.0,0.008188528920327382,-0.06891415259316537,-0.017644248864724096,-0.03706427768930828
-0.03159631392827394,-0.023136607715141647,0.0,0.010316770140251246,-0.11556655050562185,-0.07435430975607575,0.06366082184848958
-0.018604663385270483,-0.01727279184511604,0.0,-0.2310898390941013,1.027887545201777,-0.2350197057139604,-0.3912238721559452
-0.032180515398218174,-0.024180089647802546,0.0,-0.0015809478079529453,-0.15832169097924761,-0.05763701966319715,0.09993585135106421
-0.018604663385270483,-0.01727279184511604,0.0,-0.2369927271938486,1.0366836807257218,-0.42049748024652084,-0.34584363378472555
-0.026512483245636435,-0.019686251999232303,0.0,0.007506970745287829,-0.1220852133852271,-0.07072148085504357,0.060645223633573615
-0.00935367166237484,-0.019422682962010232,0.0,-0.027894950585804094,-0.04124119918549307,-0.013654285610513121,-0.04413475393469545
-0.017050305795971627,-0.01911354282969484,0.0,-1.46890783633215e-05,-0.10442751017304557,-0.009950859096840802,-0.02384268765141353
-0.05083337925365635,-0.030757695044588716,0.0,0.01449199120560183,-0.1413380029241177,-0.014144664186073328,0.05387252698680131
-0.010090593644709241,-0.019163475065106662,0.0,0.04178992814554392,0.0851718127087965,-0.21507781026027203,-0.06557304820785095
-0.03182800477536711,-0.020274448628164358,0.0,0.0038828604388458933,-0.08214178038547885,-0.05239209192176404,0.018587572166984256
-0.017394306235306644,-0.01873965742380735,0.0,0.005542383675863334,-0.05787877492425401,-0.027021947488515198,-0.053279410750275535
-0.012418398278804447,-0.014436833356587781,0.0,0.10520098327806161,1.178024316931756,-0.8907306678841231,-0.3280978231658389
-0.06981384772966744,-0.08739486369825199,0.0,0.01159065526842165,-0.002659607633454994,-0.08014323117640021,-0.08032162454990686
-0.017666204594300676,-0.018859064112584274,0.0,0.0014565758239449536,-0.07655419312924501,-0.04248733845137324,-0.016007931645437786
-0.019257151108980665,-0.021962055204872905,0.0,0.00284808742676206,-0.08636704532223796,-0.01153502171960784,-0.01697544837775562
-0.032271707494961624,-0.02728011771434746,0.0,0.0037702321057123717,-0.09557576096957004,-0.06739901378650412,0.05346449633848341
-0.019909090919144563,-0.02211973621355264,0.0,0.0035419470497198937,-0.10463849070095746,0.013723529959142897,-0.029665961713589414
-0.017051365072465782,-0.01830206598827638,0.0,0.0057401492675297995,-0.03615773415304324,-0.05221974018176208,-0.04444191645557805
-0.007306596166380315,-0.01255451822092692,0.0,-0.039137426022590384,1.0754197603807083,-0.767757505565872,-0.3885762897033477
-0.017487218807104285,-0.016940569671239882,0.0,0.038033212333432306,-0.09442038337311383,-0.007216071925670711,-0.008030496843511523
-0.00744842657434001,-0.013002779174681924,0.0,-0.031074982908361432,1.1441546508685814,-0.6112904522821712,-0.3979725810566489
-0.017596044179222132,-0.018612406161704478,0.0,0.02519814954937481,-0.13095246796056048,-0.056003859988326334,0.028766345627094635
-0.0340960325368084,-0.022715520128551325,0.0,0.00914064226967268,-0.17742457493905592,-0.05541596174904171,0.10782694220844322
-0.012423564094711957,-0.021959999091704985,0.0,-0.01838093607207773,-0.057278074357316515,0.020848934331383517,-0.04634478129198583
-0.007492936354061703,-0.013166818734153443,0.0,-0.03607778357553312,1.1523084599339117,-0.5843192520054046,-0.4014612772797277
-0.05083337925365635,-0.030757695044588716,0.0,0.014313380007958879,-0.1413380541629852,-0.018042866821614423,0.05927337797725196
-0.011150573952509938,-0.016272235589164765,0.0,-0.13076264174146401,0.0416228543640549,1.4264141007836157,-1.4211360936487425
-0.01723117881451158,-0.020370575234164665,0.0,0.003111838588599309,-0.16056063877258636,0.04062643751827273,-0.006862451268793847
-0.018474269007141466,-0.017820900245953564,0.0,-0.17223975520495377,-0.39886555437400906,0.9530372338009808,-0.5241990539153449
-0.018604663385270483,-0.017331982716640857,0.0,-0.2308619671359161,1.0384042308078725,-0.40930313968097976,-0.3560419577782079
-0.017477304070200865,-0.018136421132508067,0.0,0.01607915181404598,-0.02856578594229896,-0.08095523785799133,-0.04083529346907807
-0.030695628694052218,-0.021779825174646546,0.0,0.07634423703351706,-0.03262000048084278,-1.9810064562431184,1.8465452721457092
-0.018604663385270483,-0.01727279184511604,0.0,-0.23542039997715533,1.0349342058770046,-0.3861765718353024,-0.35504248044568215
-0.018604663385270483,-0.017331982716640857,0.0,-0.2370177353607086,1.0369478635826006,-0.4178550231344135,-0.3345208264904905
-0.032180515398218174,-0.02749294803586055,0.0,-0.010654998628622115,-0.16742863170045874,-0.04629995767528406,0.11837379096447286
-0.012116124503775557,-0.011553474753700043,0.0,-0.5010121449333722,1.0249913885777888,-0.38415876526293935,-0.3031941985474447
-0.01749616121547245,-0.019022082672355545,0.0,1.0307598021235636,-0.15719479742056894,-0.9781497741163285,-0.012537989174367601
-0.012360041724541426,-0.021959999091704985,0.0,-0.009972162964039896,-0.059027988812651803,0.010615733072374518,-0.06812256971799
-0.00744842657434001,-0.013166818734153443,0.0,-0.012297919883873173,1.2248447860594502,-0.5679230365418799,-0.30034818010292097
-0.01729985422151399,-0.01912596385168385,0.0,0.008398063897891613,-0.06900254858217329,-0.02136095539407887,-0.03524104699782336
-0.01930105375138229,-0.020685161074182397,0.0,-0.2312281514543894,1.038800921176025,-0.19040245364985234,-0.3812418329734822
-0.017513887753804427,-0.020274448628164358,0.0,0.006841977241515468,-0.0742385494569701,-0.05882075967266371,-0.000382686041787093
-0.03451169511652668,-0.021779825174646546,0.0,0.07774822214910312,0.05089259392484889,-1.8988962323583136,1.8590478909472334
-0.017666204594300676,-0.018859064112584274,0.0,-0.0032821928059088967,-0.0832391373052813,-0.04067006960974787,0.004656593721237083
-0.012116124503775557,-0.011553474753700043,0.0,-0.5010121449333722,1.0249913885777888,-0.38415876526293935,-0.3031941985474447
-0.032843687092450426,-0.03365613049868135,0.0,0.02140213590248653,-0.13851056107396498,-0.08899036806239248,0.1506899405341079
-0.01729985422151399,-0.01912596385168385,0.0,0.008188528920327382,-0.06891415259316537,-0.02520512817894344,-0.035687796870713925
-0.0173317034684835,-0.019422682962010232,0.0,0.048428088210126445,0.08903702809314652,-0.2176006498639159,-0.05839115114080293
-0.032180515398218174,-0.02749294803586055,0.0,-0.011244092372394647,-0.1589938728721409,-0.05952302311658232,0.11900212646541973
-0.012418398278804447,-0.014498270983610364,0.0,0.11624288938797404,1.1786541561678607,-0.8906983391947962,-0.32722707749389546
-0.03459458009549402,-0.024171072626147743,0.0,0.23422358910969843,-0.2849647981224741,-1.6019327662133998,2.3077152279484525
-0.016322430423833197,-0.018136421132508067,0.0,0.01984753929669711,-0.026603429881998066,-0.08146964041327819,-0.03549995696266551
-0.018811166960372352,-0.020370575234164665,0.0,0.002945838009945872,-0.16527305058986053,-0.002856791065342766,0.032215704953774224
-0.03325219999309041,-0.029043651137521123,0.0,0.011303674424059358,-0.22886085465180134,-0.033946158959391994,0.15108292711069954
-0.0122825937173657,-0.013985981296893856,0.0,0.13849209406954374,1.2806808755558043,-1.068120519081825,-0.10578029214385569
-0.007266453744538808,-0.013203183579701868,0.0,0.10213164091024175,1.0879033477172608,-0.9429999418343905,-0.34114997667392943
-0.012418398278804447,-0.014436833356587781,0.0,0.12038702866536558,1.2229062709390888,-0.9409633852226025,-0.1435139064552712
-0.04682266503045331,-0.03208692692424164,0.0,0.011609439751887404,-0.2543670381536811,-0.06856220820793602,0.22522922289694333
-0.017477304070200865,-0.018136421132508067,0.0,0.015725453951898734,-0.031399479014840255,-0.07179314476397852,-0.04553250006088105
-0.018248670479681733,-0.016953900381406848,0.0,0.2378232103532321,-0.5834741942035416,2.4492227967724323,-2.241590571813504
-0.016322430423833197,-0.018370964125574873,0.0,0.01984753929669711,-0.026603429881998066,-0.08011808536212496,-0.03551870370246627
-0.05263992070103611,-0.03055759261302029,0.0,-0.010663210701960999,-0.19243309571543346,-0.07504005054120896,0.18704786374428348
-0.01729985422151399,-0.01912596385168385,0.0,0.008188528920327382,-0.06891415259316537,-0.02520512817894344,-0.035687796870713925
-0.0122825937173657,-0.013985981296893856,0.0,0.1339163800974621,1.2658999791389607,-1.057594530957495,-0.16223530720632623
-0.017627156318749705,-0.012578460589755295,0.0,-1.181589848799715,1.222808328077753,-1.110050798728538,0.2858425545266288
-0.036087773917436096,-0.02728011771434746,0.0,0.007831147288154948,-0.09966770075028598,0.0029627408153090127,0.043345720565226446
-0.03142859232267352,-0.023963350281545323,0.0,-4.010742181958166e-05,-0.14976485783866347,-0.06130311399998279,0.09303050240223978
-0.2589367773387043,-0.032080308019301916,0.0,0.0077941806829815545,-0.3329598167140492,0.09466991103079975,0.365191628875779
-0.07341579294944395,-0.031329864024276545,0.0,-0.010655371046317526,-0.20139649730771866,-0.10995887207379275,0.2515887796009238
-0.017487218807104285,-0.017176929582398283,0.0,0.03748594872486221,-0.0980979834559626,-0.007084931835826452,-0.007768178872108025
-0.010496843261049188,-0.019422682962010232,0.0,0.028498335700448643,0.09026293943755291,-0.19566139811748498,-0.05982988680836128
-0.05371160529590835,-0.03208692692424164,0.0,0.011609439751887404,-0.2533858060612906,-0.06856220820793602,0.22529248653969303
-0.019909090919144563,-0.02211973621355264,0.0,0.004571168756290648,-0.10550167948375,0.013723529959142897,-0.02954127231387961
-0.017506353044604128,-0.02242747600666749,0.0,0.023345845908628877,-0.09932542969151346,-0.05209088890252566,0.1431783918204115
-0.01760084182066261,-0.01964188785797499,0.0,0.010075762307306217,-0.13178861442602285,-0.043977606576614384,0.03231293831009087
-0.018604663385270483,-0.01727279184511604,0.0,-0.2318014080676722,1.0501350528745235,-0.24059496044146214,-0.3759584334034043
-0.012377659817900904,-0.012739438961809808,0.0,0.7993610139252006,1.8318072826072573,-0.32543423816882217,-0.21841260425741219
-0.017221629057259703,-0.01598343589090149,0.0,0.02938859414440983,-0.05361035813174788,-0.03756260521957254,-0.060670375768681166
-0.017050305795971627,-0.01911354282969484,0.0,0.00022920768212936223,-0.09757625683657453,-0.019639602517944436,-0.02384268765141353
3.42704172192888,2.663311173840083,0.0,0.3405391297766906,0.326554450133821,1.3960037603849882,1.2505118820725827
-0.017949417312030678,-0.019087854030192655,0.0,-0.00848024889089993,-0.11625908932127413,0.017209798645614872,-0.02773048065309409
-0.05371160529590835,-0.03208692692424164,0.0,0.011517977725655054,-0.25351647417493683,-0.069796885689659,0.22714310554599287
-0.017050305795971627,-0.01911354282969484,0.0,0.00022920768212936223,-0.09757625683657453,-0.019639602517944436,-0.02384268765141353
-0.018604663385270483,-0.01727279184511604,0.0,-0.2369927271938486,1.0366836807257218,-0.42049748024652084,-0.34584363378472555
-0.009354944855540441,-0.019163475065106662,0.0,-0.027697413896035743,-0.05319129120796751,-0.0106360878841287,-0.07003568324633146
-0.012418398278804447,-0.014436833356587781,0.0,0.13414447167892124,1.2609819842371246,-1.0187668319068366,-0.10282562241486215
-0.017666204594300676,-0.018859064112584274,0.0,-0.0032821928059088967,-0.0832391373052813,-0.04067006960974787,0.004656593721237083
-0.017661005566564105,-0.018859064112584274,0.0,0.05146103623641389,-0.1628255892274613,0.646495006039478,-0.664417149723193
-0.01930105375138229,-0.020615433589835825,0.0,-0.23007076491330156,0.992730834385151,-0.09033804017243052,-0.5155281069361813
-0.04632163167016785,-0.032035334265428504,0.0,0.011386079441185406,-0.253806224681254,-0.06772643988237867,0.22124562809458706
-0.033250502132093095,-0.024861251598752562,0.0,0.00017624693800922527,-0.1785645458191759,-0.042948478146153816,0.11178498889488135
-0.012060603930782128,-0.016249168537793426,0.0,0.04002282805165042,-0.09245914453715066,0.022856542510525213,-0.05728477168720758
-0.01723117881451158,-0.021369932466108424,0.0,-0.0019502051822370562,-0.07615303939265124,-0.03200311992221853,-0.03756948009952663
-0.019137972056790235,-0.02280923100887733,0.0,0.024896528677892542,-0.04387428409200781,-0.03281525889805508,-0.04631580136878688
-0.012429790919111935,-0.014072488899618584,0.0,0.13369093126575016,1.2654030942218542,-1.0253222897610728,-0.11069634743861292
-0.029856881101591154,-0.029725524849625436,0.0,0.015416978283297085,-0.20337798281625918,-0.051786294550146765,0.12676301967036463
-0.032180515398218174,-0.02749294803586055,0.0,-0.010654998628622115,-0.16742863170045874,-0.04629995767528406,0.11837379096447286
-0.01571352015118431,-0.018248047894946735,0.0,0.009571948315053718,-0.05944645451005941,-0.06870888820582799,-0.016422930318109215
-0.01749616121547245,-0.0187760768818267,0.0,1.0323007749578579,-0.1528572725898422,-0.9764407222339115,-0.013852634610326991
-0.019661116277545708,-0.021963779801785464,0.0,0.04704443082687405,-0.08385468380257116,-0.0879946256109561,-0.02394474029447257
-0.018214327145344548,-0.019106403194517348,0.0,0.016072276720990288,-0.10120641066884907,-0.000896972958738207,-0.03553542382548094
-0.017666204594300676,-0.018859064112584274,0.0,0.0014565758239449536,-0.07655419312924501,-0.04248733845137324,-0.016007931645437786
-0.02858999435030228,-0.024495973108776724,0.0,-0.3319014862723926,-0.5072070114914977,0.15293299028604823,0.5397601294732041
-0.01930105375138229,-0.01727279184511604,0.0,-0.2324143670609399,1.0284860444049648,-0.20226576241776137,-0.38194843076413926
-0.017477304070200865,-0.018346060026661785,0.0,0.025403695858320127,-0.034080308322518675,-0.06788601011662435,-0.05081834274053956
-0.018604663385270483,-0.01727279184511604,0.0,-0.23542039997715533,1.0349342058770046,-0.3861765718353024,-0.35504248044568215
-0.019257151108980665,-0.021962055204872905,0.0,0.00284808742676206,-0.08636704532223796,-0.01153502171960784,-0.01697544837775562
-0.01596306857672667,-0.018370964125574873,0.0,0.020057074274261334,-0.026691825871006002,-0.08383479189147976,-0.03369547301098135
-0.02375580801805397,-0.021596730753575898,0.0,0.046690214753397345,-0.08054482439047367,-0.020272816590538197,-0.07123702236393352
-0.019257151108980665,-0.021959999091704985,0.0,0.01100714211123269,-0.06263250692571744,-0.02154423773964318,-0.042984588890192535
-0.0173317034684835,-0.019422682962010232,0.0,0.048428088210126445,0.08903702809314652,-0.2176006498639159,-0.05839115114080293
-0.046323329531165164,-0.03204143749541641,0.0,0.011283505414175067,-0.264105098464563,-0.049981939784217395,0.21579345581185252
-0.019257151108980665,-0.021962055204872905,0.0,0.00284808742676206,-0.08636704532223796,-0.01153502171960784,-0.01697544837775562
-0.020281143655464583,-0.024750393364993455,0.0,0.06874667187913813,0.09169757136039718,-0.18400500588364296,-0.08091917307124041
-0.016322430423833197,-0.018370964125574873,0.0,0.01984753929669711,-0.026603429881998066,-0.08011808536212496,-0.03551870370246627
-0.046323329531165164,-0.032093030154229554,0.0,0.01150693739282978,-0.26468217803627775,-0.05092810164035414,0.2188466863379611
-0.017487218807104285,-0.017176929582398283,0.0,0.03748594872486221,-0.0980979834559626,-0.007084931835826452,-0.007768178872108025
-0.04997199391438589,-0.015037310344391796,0.0,0.0002382746373288445,-0.07060317990670394,-0.04498160997920718,0.013598727992315162
-0.016188531869809147,-0.019422682962010232,0.0,0.003487823863784561,-0.03746745221445327,-0.0673066271193427,-0.05112762986996665
-0.014695403251877999,-0.016515445416713577,0.0,0.5488294622682043,4.952904988502189,-7.115899211312286,2.5183780220667495
-0.017477304070200865,-0.018541943636469542,0.0,0.004833623223846899,-0.02162101668203068,-0.07490502782686942,-0.044529506754822486
-0.018604663385270483,-0.01727279184511604,0.0,-0.22141465631407403,1.029302431459984,-0.22735905028980977,-0.3616205207277915
-0.016188531869809147,-0.01968394697208172,0.0,0.005356977090663934,-0.031708430681020194,-0.0984325192616826,0.004422131310860654
-0.014865437975756174,-0.021629140363011994,0.0,0.00616598722970687,-0.06500664565692427,-0.0182294725318866,-0.03450804773600561
-0.009354944855540441,-0.019163475065106662,0.0,-0.007374120904979439,-0.042386099637104956,-0.047119604051975295,-0.06006603276540689
-0.05371160529590835,-0.032084942984620425,0.0,0.011419562939546114,-0.25327195187803075,-0.06624191724592075,0.2217026423668497
-0.017477304070200865,-0.018346060026661785,0.0,0.025373215438476905,-0.03375895710630288,-0.06794980800498851,-0.05155451223881998
-0.032178817537220857,-0.02419228492989219,0.0,-0.0004520554968047929,-0.15746272194761007,-0.05713751472584212,0.09997626424791327
-0.009291937352883592,-0.013753503253105068,0.0,0.182816011970386,1.422346841967724,-1.3470820439523064,0.05782953805936559
-0.02375580801805397,-0.02122357436896206,0.0,0.039996261052969474,-0.07793641387020897,-0.03668411240072928,-0.07197991831165551
-0.014695403251877999,-0.016515445416713577,0.0,0.587526002991602,5.168519747989208,-6.923401869283227,2.6595267455713048
-0.019257151108980665,-0.021959999091704985,0.0,0.006129863812144202,-0.05634275682899144,-0.013474908505282794,-0.053572328647662655
-0.018604663385270483,-0.017331982716640857,0.0,-0.2308619671359161,1.0384042308078725,-0.40930313968097976,-0.3560419577782079
-0.017659216068620514,-0.019371969642212696,0.0,0.007242224326075442,-0.06962769561101498,-0.029914618450017916,-0.031092415262252638
-0.01863452535161186,-0.021981385453583305,0.0,-0.00041238321715861964,-0.09375984218153387,-0.0033957383501909823,-0.023049655277733234
-0.012060603930782128,-0.016249168537793426,0.0,0.039860106121215357,-0.09251750425920967,0.023577684537703987,-0.056098035690087054
-0.017477304070200865,-0.018086852129758222,0.0,0.03323122070194496,-0.03988782219865015,-0.05094450206330468,-0.08280790771503671
-0.01625078127629011,-0.015677120286777115,0.0,0.04618316656463786,-0.011276366884064765,-0.12260836778642546,0.018527193428074587
-0.017659216068620514,-0.018891420858617045,0.0,0.008188528920327382,-0.06891415259316537,-0.018995803915877314,-0.037045530949507514
-0.07341409508844662,-0.031342825297315975,0.0,-0.008710170701392964,-0.2001414822829256,-0.11104199395496914,0.2527610397235241
-0.009150106944923896,-0.013203183579701868,0.0,0.11272497450509855,1.1150564035006827,-1.0401020363653557,-0.32031726621725987
-0.006947234319273789,-0.01257942231984001,0.0,-0.017867642935377223,1.0892677924653227,-0.7395013994634472,-0.4004151492293056
-0.03451169511652668,-0.021779825174646546,0.0,0.23199899444362723,0.2083019599166557,-1.7370335065668991,2.269749829467802
-0.032178817537220857,-0.024193050920841976,0.0,-0.00045119467409290116,-0.15745247730566753,-0.056967810558936294,0.09997626424791327
-0.018474269007141466,-0.017820900245953564,0.0,0.05594258103675579,-0.38865752830117684,1.2045931067668185,-0.9907672102059736
-0.010955428473700487,-0.016915665572326793,0.0,0.07838827849701101,-0.06774300004330246,0.06459445338434093,0.0017118199323364188
-0.0122825937173657,-0.013985981296893856,0.0,0.13849209406954374,1.2806808755558043,-1.068120519081825,-0.10578029214385569
-0.03325219999309041,-0.029266406965536895,0.0,0.011303679471655314,-0.22869598137277075,-0.035095266331151724,0.15258517760408777
-0.010021415210069617,-0.016249168537793426,0.0,0.04002227338766206,-0.09245914453715066,0.008025818798879548,-0.05728477168720758
-0.017666204594300676,-0.018859064112584274,0.0,-0.003445793415785334,-0.07104552663877706,-0.05197417003036659,0.0003400713665379458
-0.032178817537220857,-0.024193050920841976,0.0,-0.00045119467409290116,-0.15745247730566753,-0.056967810558936294,0.09997626424791327
-0.04524994707529561,-0.03055759261302029,0.0,-0.008716140052688543,-0.19343064514597927,-0.07692303652836682,0.18718688375919382
-0.018897789261874142,-0.021959999091704985,0.0,0.010009506871394935,-0.06830605071128519,0.00024023283794748524,-0.020374077735810264
-0.01703659031125171,-0.019132091994019534,0.0,0.011984194041569357,-0.08501081092775825,-0.017870757881672496,-0.03828400077877115
-0.017596044179222132,-0.018612406161704478,0.0,0.02372124704126369,-0.1307344537962504,-0.054665560830054784,0.024387915965293563
-0.016322430423833197,-0.018136421132508067,0.0,0.01984753929669711,-0.026603429881998066,-0.08146964041327819,-0.03549995696266551
-0.02858999435030228,-0.024495973108776724,0.0,-0.3319014862723926,-0.5072070114914977,0.15293299028604823,0.5397601294732041
-0.02375580801805397,-0.02122357436896206,0.0,0.043831549760805014,-0.08570301223124321,-0.03626510113364571,-0.062017424203772493
-0.05371160529590835,-0.03208692692424164,0.0,0.011517977725655054,-0.25351647417493683,-0.069796885689659,0.22714310554599287
-0.04524994707529561,-0.03055759261302029,0.0,-0.008716140052688543,-0.19343064514597927,-0.07692303652836682,0.18718688375919382
-0.032147898132020035,-0.02204986571814493,0.0,0.0018299568133775999,-0.11382207220754575,-0.013382854257644865,0.007984749077087188
-0.03451169511652668,-0.021779825174646546,0.0,0.09128216983761057,0.054159412221389716,-1.8660186741338585,1.8743389460024156
-0.010496843261049188,-0.019422682962010232,0.0,0.021021333181513148,0.08817354250172686,-0.19196351516295432,-0.044330504777818795
-0.016322430423833197,-0.018370964125574873,0.0,0.01984753929669711,-0.026603429881998066,-0.08011808536212496,-0.03551870370246627
-0.015150702142792197,-0.02386022056812259,0.0,-0.05377477567664038,-0.2112622830213203,-0.19841800087213782,0.44685068156398117
-0.06648578983331405,-0.09170188817740961,0.0,0.06682467969890966,0.25589806287062344,-0.251711953218073,-0.07905028764961759
-0.017679899738498296,-0.018859064112584274,0.0,-0.011477865077013783,-0.08795563433468793,-0.008820365360385418,-0.01533534530017336
-0.01862493105841759,-0.016953900381406848,0.0,0.2962807057697331,-0.5181589845042192,2.2264792732875915,-2.1134608237475696
-0.02045876279554734,-0.01964188785797499,0.0,0.010017923797346518,-0.12877800062952677,-0.04083928436133043,0.028436241543438653
-0.010696883407149041,-0.016017643982210294,0.0,0.8951533390764634,2.1082446295079817,0.004994659903636807,0.06518929463397775
-0.017659216068620514,-0.018891420858617045,0.0,0.008188528920327382,-0.06891415259316537,-0.018995803915877314,-0.037045530949507514
-0.017337704564467694,-0.0254295642719668,0.0,0.009037507318547414,-0.15187399177255606,0.06949627834000249,-0.04875799559623025
-0.01930105375138229,-0.020615433589835825,0.0,-0.23007076491330156,0.992730834385151,-0.09033804017243052,-0.5155281069361813
-0.007530365132740077,-0.013166818734153443,0.0,-0.04580883551614473,1.16805948936925,-0.5965705006893149,-0.36171717426483246
-0.020137746081875973,-0.018440416748245713,0.0,0.012157609421236774,-0.05153091916498055,0.009503569613552856,-0.05374202167987838
-0.020281143655464583,-0.024750393364993455,0.0,0.06874667187913813,0.09169757136039718,-0.18400500588364296,-0.08091917307124041
-0.017337704564467694,-0.0254295642719668,0.0,0.007345775193617501,-0.1543800573550984,0.07315965381064526,-0.05091765140701363
-0.015039271688719156,-0.016854614178303078,0.0,0.016465159345258273,-0.09356865588380828,-0.0238918464845931,-0.07490763671643717
-0.018897789261874142,-0.021984903190618073,0.0,0.008370013522659321,-0.06862122944311776,-0.005602396066339853,-0.014522792272083897
-0.020137746081875973,-0.018440416748245713,0.0,0.010404358241142062,-0.0517714759662327,0.010177125987781718,-0.05263783930422561
-0.0122825937173657,-0.013985981296893856,0.0,0.13849209406954374,1.2806808755558043,-1.068120519081825,-0.10578029214385569
-0.00744842657434001,-0.013002779174681924,0.0,-0.02358260621082485,1.1784530055870692,-0.601361748802917,-0.3643158876956829
-0.026512483245636435,-0.019686251999232303,0.0,0.0073283595476448795,-0.12208526462409461,-0.07461968349058466,0.06604607462402429
-0.00929142248536991,-0.019422682962010232,0.0,-0.014388596289102912,-0.03737449333260251,-0.03413549217919823,-0.07199156488048207
-0.018214327145344548,-0.019270442753988867,0.0,0.01802250939057277,-0.09537175685673938,0.01279021238462509,-0.03531310857216383
-0.017659216068620514,-0.0188418518558672,0.0,0.0076407485790670965,-0.11450388473499018,0.06326004957233655,-0.08597947702740916
-0.033250502132093095,-0.024861251598752562,0.0,0.00017624693800922527,-0.1785645458191759,-0.042948478146153816,0.11178498889488135
-0.016322430423833197,-0.018136421132508067,0.0,0.01984753929669711,-0.026603429881998066,-0.08146964041327819,-0.03549995696266551
-0.01930105375138229,-0.020685161074182397,0.0,-0.2312281514543894,1.038800921176025,-0.19040245364985234,-0.3812418329734822
-0.07448577968331888,-0.03208692692424164,0.0,0.011517977725655054,-0.261750808858906,-0.10312934578418817,0.28926465637537924
-0.012116124503775557,-0.011553474753700043,0.0,-0.5010121449333722,1.0249913885777888,-0.38415876526293935,-0.3031941985474447
-0.017212394236886995,-0.018070046098867,0.0,-0.0025046782160625287,-0.02300362497004216,-0.07028989927729154,-0.028819699908939435
-0.020281143655464583,-0.024750393364993455,0.0,0.06874667187913813,0.09169757136039718,-0.18400500588364296,-0.08091917307124041
-0.017487218807104285,-0.017176929582398283,0.0,0.03748594872486221,-0.0980979834559626,-0.007084931835826452,-0.007768178872108025
-0.015150702142792197,-0.02386022056812259,0.0,-0.011183479840861174,0.17101320809364262,-0.23186444993421768,-0.033271545904804266
-0.01760084182066261,-0.01964188785797499,0.0,0.00983931259970357,-0.12877805186839428,-0.04445786937277518,0.028479091586819816
-0.017487218807104285,-0.016940569671239882,0.0,0.03809519588029973,-0.0897977629336741,-0.01335301456880397,-0.015699750585993176
-0.009150106944923896,-0.013203183579701868,0.0,0.1128516627437196,1.1149817211511202,-1.0406988254245784,-0.3203774107617633
-0.010103064241615684,-0.012005285486097446,0.0,0.6240436117495202,1.709043171068525,-0.6629702921796405,0.00043364797202423064
-0.01723117881451158,-0.020370575234164665,0.0,-0.001021491995598354,-0.24872792908499025,0.10743587219452351,0.11823451587272404
-0.04632163167016785,-0.03203335032580728,0.0,0.01090027900950343,-0.253568009568331,-0.06481049571003668,0.21580516491544385
-0.017661005566564105,-0.018859064112584274,0.0,0.05146103623641389,-0.1628255892274613,0.646495006039478,-0.664417149723193
-0.017659216068620514,-0.0188418518558672,0.0,0.017132437582127784,-0.0699934938830848,-0.010386217801997022,-0.07128436907103054
-0.015590906223412637,-0.02208282988099353,0.0,0.05617160715344419,0.015473034370443705,-0.08708357525120228,-0.04025467741896364
-0.01154994315907416,-0.013707562172465198,0.0,0.14458094611908584,1.2851776920606808,-0.9559972802974076,-0.125706521197899
-0.032178817537220857,-0.02419228492989219,0.0,-0.0004520554968047929,-0.15746272194761007,-0.05713751472584212,0.09908525926509089
-0.016322430423833197,-0.018346060026661785,0.0,0.030042627475529854,-0.026471439996127097,-0.07924570991299257,-0.04352500616775659
-0.07448577968331888,-0.03287215960853734,0.0,0.011517329105397925,-0.261750808858906,-0.10312934578418817,0.2898585756495418
-0.007267726937704409,-0.012925839111814013,0.0,0.07383241234394564,1.103288609181228,-0.9204378458967869,-0.3889667783185793
-0.016078457458585355,-0.01598343589090149,0.0,0.029490159581458647,-0.05099958587114916,-0.04365788746329005,-0.05653948445031275
-0.015144286748816104,-0.016953900381406848,0.0,0.297582358499825,-0.5284104898436928,2.190002086592888,-2.074709159292952
-0.009150106944923896,-0.013203183579701868,0.0,0.1128516627437196,1.1149817211511202,-1.0406988254245784,-0.3203774107617633
-0.018604663385270483,-0.01727279184511604,0.0,-0.23542039997715533,1.0349342058770046,-0.3861765718353024,-0.35504248044568215
-0.0122825937173657,-0.013985981296893856,0.0,0.13849209406954374,1.2806808755558043,-1.068120519081825,-0.10578029214385569
-0.00744842657434001,-0.013166818734153443,0.0,-0.031074982908361432,1.1441546508685814,-0.6069335028085189,-0.40301776511467136
-0.017477304070200865,-0.018136421132508067,0.0,0.01607915181404598,-0.02856578594229896,-0.08095523785799133,-0.04134326529620629
-0.02651418110663375,-0.021610472916389872,0.0,0.00721173061306644,-0.12456461557790321,-0.07170012941785954,0.06412852513423091
-0.03108476775354321,-0.028377125330207077,0.0,0.05012682510354269,-0.2623115695503957,-0.011623612634944212,0.08119950042195033
-0.07448577968331888,-0.03287215960853734,0.0,0.011904714750970961,-0.26174450167492297,-0.10249032151279194,0.2898585756495418
-0.025936141997471726,-0.024624664452633806,0.0,0.02593078984675865,-0.070867972093188,-0.0025769478681045414,-0.050369909912497894
-0.01794515989527333,-0.01740152916105365,0.0,0.04826877853572669,-0.20273389628899346,0.049335206363899514,0.003869256975571608
-0.017487218807104285,-0.016940569671239882,0.0,0.03809519588029973,-0.0897977629336741,-0.01335301456880397,-0.015699750585993176
-0.017477304070200865,-0.018136421132508067,0.0,0.015208607679487372,-0.03421229820838962,-0.07010994061690998,-0.04279329353544852
-0.026512483245636435,-0.019686251999232303,0.0,0.0073283595476448795,-0.12208526462409461,-0.07461968349058466,0.06604607462402429
-0.03472594184607538,-0.03204143749541641,0.0,0.011292042059775608,-0.22870787557029726,-0.032850990145609736,0.1510580389883769
-0.017659216068620514,-0.018891420858617045,0.0,0.00874588286247533,-0.06477876676920886,-0.031038000602006472,-0.03267024861128941
-0.017627156318749705,-0.017203064360769467,0.0,-0.1935488968508972,0.9485714546865504,-0.2261017916452439,-0.5740021221894277
-0.020281143655464583,-0.024750393364993455,0.0,0.06874667187913813,0.09169757136039718,-0.18400500588364296,-0.08091917307124041
-0.07448577968331888,-0.034439006306496135,0.0,0.011904696977327602,-0.26174544982992,-0.10236393948455628,0.2914715052804659
-0.03278235610041727,-0.02728011771434746,0.0,0.004624662123893623,-0.09203771212627015,-0.06396176229165042,0.06836889795585618
-0.017487218807104285,-0.016940569671239882,0.0,0.03809519588029973,-0.0897977629336741,-0.01335301456880397,-0.015699750585993176
-0.05083507711465367,-0.03076379827457662,0.0,0.014598191626521567,-0.1516306207623111,0.00034065754794292515,0.053821205694517454
-0.05083337925365635,-0.030757695044588716,0.0,0.014313380007958879,-0.1413380541629852,-0.018042866821614423,0.05927337797725196
-0.01154994315907416,-0.013707562172465198,0.0,0.1361933832951828,1.2661041708027432,-0.9842784320038506,-0.21243233041217888
-0.016492519551376223,-0.015914626703175797,0.0,0.022630781557700423,-0.14732762641139205,0.04517745723124773,-0.05511196440119392
-0.030695628694052218,-0.021779825174646546,0.0,0.07647343884410103,-0.032739578192414,-1.970642403620025,1.8501957468913195
-0.016492519551376223,-0.015914626703175797,0.0,0.013558610571948154,-0.3010244130035491,0.2097881030540283,0.14996624490288546
-0.017315215629285497,-0.0188611821045776,0.0,0.014065298382462595,-0.06843825306400553,-0.009781334379634701,-0.06911162434197093
-0.04997199391438589,-0.015037310344391796,0.0,0.0002382746373288445,-0.07060317990670394,-0.04498160997920718,0.013598727992315162
-0.00744842657434001,-0.013002779174681924,0.0,-0.031074982908361432,1.1441546508685814,-0.6112904522821712,-0.3979725810566489
-0.021948279639857075,-0.02211973621355264,0.0,0.003542501713708258,-0.10463849070095746,0.028554253670788576,-0.029665961713589414
-0.018604663385270483,-0.01727279184511604,0.0,-0.23114921794696477,1.0336349916067795,-0.24287974223064157,-0.3566178299278872
-0.018498520464374706,-0.017418255858813174,0.0,0.04193687111872844,-0.1382754304099278,0.01795138645789728,-0.02744931876480026
-0.012423564094711957,-0.021700791194801415,0.0,-0.0012768697294005267,-0.05975176680561374,-0.011437510614546627,-0.05594310011680058
-0.045251644936292926,-0.030490734393755853,0.0,-0.011863881200589732,-0.20144457809872288,-0.06222814838447605,0.18369867495669337
-0.017487218807104285,-0.016940569671239882,0.0,0.03809519588029973,-0.0897977629336741,-0.01335301456880397,-0.015699750585993176
-0.017659216068620514,-0.018891420858617045,0.0,0.00874588286247533,-0.06477876676920886,-0.031038000602006472,-0.03267024861128941
-0.046323329531165164,-0.03204143749541641,0.0,0.01188312523248585,-0.25689863705074256,-0.06331259534114912,0.21580743602173177
-0.01729985422151399,-0.01912596385168385,0.0,0.008188528920327382,-0.06891415259316537,-0.02520512817894344,-0.035687796870713925
-0.018157711809724496,-0.017660737057957215,0.0,0.03589602404102601,-0.15363875831720314,0.017482187219247724,-0.010128522171936634
-0.016322430423833197,-0.018370964125574873,0.0,0.01984753929669711,-0.026603429881998066,-0.08011808536212496,-0.03551870370246627
-0.02375580801805397,-0.021596730753575898,0.0,0.046690214753397345,-0.08054482439047367,-0.020272816590538197,-0.07123702236393352
-0.018897789261874142,-0.021984903190618073,0.0,0.006748991786560851,-0.06894604163904358,-0.009847249311671103,-0.014018463753802092
-0.022839997062789687,-0.02482029515495252,0.0,0.07115100795151792,0.2041901374254432,-0.16852390711989357,0.08650896138522862
-0.017659216068620514,-0.018891420858617045,0.0,0.00874588286247533,-0.06477876676920886,-0.031038000602006472,-0.03267024861128941
-0.01930105375138229,-0.020615433589835825,0.0,-0.22737329929482825,0.9796994098351376,-0.10777476290991181,-0.5745137111859285
-0.07341409508844662,-0.03055759261302029,0.0,-0.008709522081135837,-0.2001414822829256,-0.11104199395496914,0.2521671204493615
-0.029856881101591154,-0.029725524849625436,0.0,0.015416978283297085,-0.20337798281625918,-0.051786294550146765,0.12676301967036463
-0.02045876279554734,-0.01964188785797499,0.0,0.00983931259970357,-0.12877805186839428,-0.044737486996871516,0.03383709253388933
-0.010496843261049188,-0.019422682962010232,0.0,0.018589828308944963,0.08792501873812207,-0.18656360846457062,-0.043126836902087524
-0.017659216068620514,-0.018891420858617045,0.0,0.008188528920327382,-0.06891415259316537,-0.018995803915877314,-0.037045530949507514
-0.01930105375138229,-0.020615433589835825,0.0,-0.226831931162159,0.9905921303628912,-0.10101184420234219,-0.5763713495619356
-0.01062264212238462,-0.018905783296090696,0.0,-1.6007930552349474,4.419524714872091,-2.9078443619662298,2.246476422375961
-0.07341409508844662,-0.030536544170371722,0.0,-0.010644369058793512,-0.20122324621226978,-0.10932345770277967,0.2509948603267612
-0.016322430423833197,-0.018346060026661785,0.0,0.030012147055686632,-0.0261500887799113,-0.07930950780135673,-0.04426117566603701
-0.017487218807104285,-0.017176929582398283,0.0,0.03748594872486221,-0.0980979834559626,-0.007084931835826452,-0.007768178872108025
-0.00519973015107632,-0.012938821105455061,0.0,1.2379905156407405,1.0864261188849098,-2.074599423959994,-0.29969651817452786
-0.01571352015118431,-0.018248047894946735,0.0,0.009571948315053718,-0.05944645451005941,-0.06870888820582799,-0.016422930318109215
-0.01930105375138229,-0.017203064360769467,0.0,-0.22719894754651726,0.9803959319712799,-0.10823219166791503,-0.5708946288835037
-0.01723117881451158,-0.021369932466108424,0.0,-0.0019502051822370562,-0.07615303939265124,-0.03200311992221853,-0.03756948009952663
-0.036054526178687644,-0.032035334265428504,0.0,0.011385917131751863,-0.24786712779069295,-0.048286384914224524,0.18486366175011193
-0.01729985422151399,-0.01912596385168385,0.0,0.008188528920327382,-0.06891415259316537,-0.02520512817894344,-0.035687796870713925
-0.02756711700317631,-0.02823266438401888,0.0,0.08281249192545515,0.23621434069384292,-0.1611452055266818,0.1311160263284872
-0.018604663385270483,-0.017203064360769467,0.0,-0.22568319281116458,0.9788523907619907,-0.16213834894717902,-0.5877833917279159
-0.009291937352883592,-0.013753503253105068,0.0,0.19867816355172005,1.4046240030109531,-1.3620627200540312,-0.0013960547582501938
-0.01751218989280711,-0.020287409901203788,0.0,0.008531156316762281,-0.07821369675072005,-0.055779358572431284,-0.004534175852416571
-0.04632163167016785,-0.03208692692424164,0.0,0.011222125774267093,-0.2543896114369518,-0.06931162600991164,0.22429885862069562
-0.032180515398218174,-0.027715703863876322,0.0,-0.011843707143109481,-0.1660354610069306,-0.047341474931410304,0.12049039674892874
-0.01729985422151399,-0.01912596385168385,0.0,0.008188528920327382,-0.06891415259316537,-0.02520512817894344,-0.035687796870713925
-0.006947234319273789,-0.01257942231984001,0.0,-0.017867642935377223,1.0892677924653227,-0.7395013994634472,-0.4004151492293056
-0.012418398278804447,-0.014436833356587781,0.0,0.11225332687156983,1.1890912842798944,-0.8811433246153253,-0.20437334397348864
-0.033967212925534826,-0.02053164122064995,0.0,-0.05724664140462396,-0.2995362716516958,0.3627377203382111,-0.042593601145754174
-0.03490083417601766,-0.028377125330207077,0.0,0.04994875650714178,-0.26103782812332177,0.045730917077309224,0.07284897590298409
-0.018897789261874142,-0.021984903190618073,0.0,0.006748991786560851,-0.06894604163904358,-0.009847249311671103,-0.014018463753802092
-0.017506353044604128,-0.02242747600666749,0.0,0.023345845908628877,-0.09932542969151346,-0.05209088890252566,0.1431783918204115
-0.07341409508844662,-0.031342825297315975,0.0,-0.008710170701392964,-0.2001414822829256,-0.11104199395496914,0.2527610397235241
-0.017659216068620514,-0.018891420858617045,0.0,0.008188528920327382,-0.06891415259316537,-0.018995803915877314,-0.037045530949507514
-0.03451169511652668,-0.02728011771434746,0.0,0.005614535724560598,-0.07224784749605752,-0.14070402706726773,0.2123470885359874
-0.019257151108980665,-0.021984903190618073,0.0,0.010257329932126153,-0.06610314983952231,-0.0025508771056090736,-0.010068076044210138
-0.01154994315907416,-0.013707562172465198,0.0,0.14458094611908584,1.2851776920606808,-0.9559972802974076,-0.125706521197899
-0.01729985422151399,-0.01912596385168385,0.0,0.007305660066099002,-0.06971787066763419,-0.017366994446370403,-0.03926135480275486
-0.007306596166380315,-0.012344879326773205,0.0,-0.03533917270226013,1.0759753061276138,-0.7728476168947749,-0.38300266817783235
-0.03212780596654387,-0.021680167654085616,0.0,0.0038530641877247466,-0.08987621946897979,-0.08476408710625508,0.05230992072534673
-0.016188531869809147,-0.019424739075178152,0.0,0.0007042324871418679,-0.043481914365148054,-0.09056538193635143,0.0032852771550515715
-0.017602539681659927,-0.019647991087962904,0.0,0.014505457920699258,-0.14572833987105605,-0.033022003494611485,0.02981896765218296
-0.015150702142792197,-0.02360101267121902,0.0,-0.016986973182677487,0.06394007782719205,-0.20729614564824084,0.03876439172975977
-0.018604663385270483,-0.017331982716640857,0.0,-0.22533635511435662,1.048139659840691,-0.3910094939113631,-0.3813590310269212
-0.016547630430824505,-0.0192597817279595,0.0,-0.2531645432236727,-0.23764971460418227,1.1727758925761005,-0.7481735410304896
-0.01729985422151399,-0.01912596385168385,0.0,0.008188528920327382,-0.06891415259316537,-0.02520512817894344,-0.035687796870713925
-0.0122825937173657,-0.013985981296893856,0.0,0.13849209406954374,1.2806808755558043,-1.068120519081825,-0.10578029214385569
-0.010608529857350698,-0.01883481805064877,0.0,1.038161285054603,-0.17990199216731562,-0.9750488042208861,-0.03687081312883059
-0.01760084182066261,-0.01964188785797499,0.0,0.00983931259970357,-0.12877805186839428,-0.04445786937277518,0.028479091586819816
-0.007492936354061703,-0.013166818734153443,0.0,-0.017300720551044892,1.2329985951247806,-0.5522922515260521,-0.2987916922679773
-0.022131083674985962,-0.023503388470580665,0.0,0.024423261169151354,-0.070867972093188,-0.007241406577608088,-0.037227105436871584
-0.017212394236886995,-0.017874162489059243,0.0,0.02810943315432923,-0.025670007176782424,-0.059324184320369254,-0.06279330345244227
-0.01809855736116346,-0.018440416748245713,0.0,0.010403153286938133,-0.04994303222966613,-0.008458893843093724,-0.05134476683264994
-0.017627156318749705,-0.017203064360769467,0.0,-0.1935488968508972,0.9485714546865504,-0.2261017916452439,-0.5740021221894277
-0.032180515398218174,-0.024180089647802546,0.0,-0.002180567626263737,-0.16552815239306792,-0.04430636410626545,0.09992187114118496
-0.012423564094711957,-0.021700791194801415,0.0,-0.0012768697294005267,-0.05975176680561374,-0.011437510614546627,-0.05594310011680058
-0.017050305795971627,-0.01911354282969484,0.0,0.00022920768212936223,-0.10101429638239252,-0.01541272527751396,-0.02384268765141353
-0.017506353044604128,-0.02242747600666749,0.0,0.023345845908628877,-0.09932542969151346,-0.05209088890252566,0.1431783918204115
-0.031100875394239617,-0.02178670616426773,0.0,0.36442374950882395,-0.5428777302978964,1.6908110991925924,-1.502167519287403
-0.017679899738498296,-0.018859064112584274,0.0,-0.011477865077013783,-0.08795563433468793,-0.008820365360385418,-0.01533534530017336
-0.021293231699274252,-0.020183240914613976,0.0,0.007607644471724638,-0.1828173617571114,0.03888886418369468,0.09882376397720011
-0.016322430423833197,-0.018346060026661785,0.0,0.030012147055686632,-0.0261500887799113,-0.07930950780135673,-0.04426117566603701
-0.017477304070200865,-0.018086852129758222,0.0,0.03323122070194496,-0.03988782219865015,-0.05094450206330468,-0.08280790771503671
-0.01103573804494525,-0.012739438961809808,0.0,0.6393478313557691,1.754959844127055,-0.6494100407542938,0.07277598990124436
-0.018604663385270483,-0.01727279184511604,0.0,-0.23542039997715533,1.0349342058770046,-0.3861765718353024,-0.35504248044568215
-0.01154994315907416,-0.013707562172465198,0.0,0.14458094611908584,1.2851776920606808,-0.9559972802974076,-0.125706521197899
-0.01862493105841759,-0.016953900381406848,0.0,0.2962807057697331,-0.5181589845042192,2.2264792732875915,-2.1134608237475696
-0.017487218807104285,-0.016940569671239882,0.0,0.03809519588029973,-0.0897977629336741,-0.01335301456880397,-0.015699750585993176
-0.007713490657375906,-0.01188013850616312,0.0,0.17053190569701018,1.1340124294996459,-1.0389705472172577,-0.3521239333017493
-0.017050305795971627,-0.01911354282969484,0.0,0.00022920768212936223,-0.10101429638239252,-0.01541272527751396,-0.02384268765141353
-0.006947234319273789,-0.01257942231984001,0.0,-0.017867642935377223,1.0892677924653227,-0.7395013994634472,-0.4004151492293056
-0.018604663385270483,-0.017203064360769467,0.0,-0.22568319281116458,0.9788523907619907,-0.16213834894717902,-0.5877833917279159
-0.032180515398218174,-0.027715703863876322,0.0,-0.011244087324798691,-0.1588289995931103,-0.06067213048834203,0.12050437695880796
-0.01760084182066261,-0.01964188785797499,0.0,0.010075762307306217,-0.13178861442602285,-0.043977606576614384,0.03231293831009087
-0.01930105375138229,-0.020685161074182397,0.0,-0.2312281514543894,1.038800921176025,-0.19040245364985234,-0.3812418329734822
-0.015762592872074065,-0.019444069323888553,0.0,-0.002195691087424524,-0.048058551044158605,-0.08699303073764901,0.006642716778893611
-0.010103064241615684,-0.012005285486097446,0.0,0.6240436117495202,1.709043171068525,-0.6629702921796405,0.00043364797202423064
-0.009150106944923896,-0.013203183579701868,0.0,0.1128516627437196,1.1149817211511202,-1.0406988254245784,-0.3203774107617633
-0.026512483245636435,-0.021604369686401958,0.0,0.007320498766442275,-0.12463588677936038,-0.07461968349058466,0.06956898831337414
-0.017666204594300676,-0.018859064112584274,0.0,-0.0032830273619473393,-0.07609718936700502,-0.0486059921147675,0.004355324023960416
-0.016322430423833197,-0.018136421132508067,0.0,0.01984753929669711,-0.026603429881998066,-0.08146964041327819,-0.03549995696266551
-0.01930105375138229,-0.020685161074182397,0.0,-0.23176951958705866,1.0279082006482714,-0.19716537235742204,-0.37938419459747513
-0.017659216068620514,-0.018891420858617045,0.0,0.008188528920327382,-0.06891415259316537,-0.018995803915877314,-0.037045530949507514
-0.017666204594300676,-0.018859064112584274,0.0,0.0014565758239449536,-0.07655419312924501,-0.04248733845137324,-0.016007931645437786
-0.010103064241615684,-0.012005285486097446,0.0,0.6240436117495202,1.709043171068525,-0.6629702921796405,0.00043364797202423064
-0.03212610810554655,-0.021693128927125046,0.0,0.004982817321584792,-0.08900700579539968,-0.08409487800199425,0.05235033362219578
-0.017602539681659927,-0.019647991087962904,0.0,0.00997318828029587,-0.14208748820933176,-0.026233106478453304,0.026860766027356348
-0.015144286748816104,-0.016953900381406848,0.0,0.44462948693216675,-0.3834919753999915,1.8859731489613754,-2.024953395734163
-0.017752395253950136,-0.01819774433786144,0.0,0.006079161052261245,-0.25054117943804166,0.8456048273809708,-0.727613219753396
-0.018474269007141466,-0.017820900245953564,0.0,-0.08163823187391647,-0.3365299303514402,0.6884739851763253,-0.41685305350908675
-0.045251644936292926,-0.030490734393755853,0.0,-0.011863881200589732,-0.20144457809872288,-0.06222814838447605,0.18369867495669337
-0.01703659031125171,-0.019132091994019534,0.0,0.011984095441355907,-0.08506397898253319,-0.017757206376602698,-0.03828400077877115
-0.01154994315907416,-0.013707562172465198,0.0,0.14458094611908584,1.2851776920606808,-0.9559972802974076,-0.125706521197899
-0.03212610810554655,-0.021693128927125046,0.0,0.0069298163029045175,-0.08900705703426719,-0.08586747045857267,0.05348298155610355
-0.012196817263414407,-0.011830819221587895,0.0,-0.5881376087835839,1.0512648879129391,-0.31323064728232075,-0.30943422750040545
-0.01863452535161186,-0.021981385453583305,0.0,-0.00041238321715861964,-0.09375984218153387,-0.0033957383501909823,-0.023049655277733234
-0.006947234319273789,-0.01257942231984001,0.0,-0.017867642935377223,1.0892677924653227,-0.7395013994634472,-0.4004151492293056
-0.015039271688719156,-0.016854614178303078,0.0,0.015027805378567015,-0.09845996527444772,-0.02376739483659954,-0.07671862300334235
-0.016188531869809147,-0.01968394697208172,0.0,0.005356977090663934,-0.031708430681020194,-0.0984325192616826,0.004422131310860654
-0.032147898132020035,-0.02204986571814493,0.0,-0.0011397316896514286,-0.10948341713424428,-0.00956469463022191,0.012760579686346763
-0.017659216068620514,-0.018891420858617045,0.0,0.008188528920327382,-0.06891415259316537,-0.018995803915877314,-0.037045530949507514
-0.017659216068620514,-0.01912596385168385,0.0,0.008188528920327382,-0.06891415259316537,-0.017644248864724096,-0.03706427768930828
-0.032180515398218174,-0.02749294803586055,0.0,-0.011244092372394647,-0.1589938728721409,-0.05952302311658232,0.11900212646541973
-0.01782458142834593,-0.025375097544386608,0.0,0.005829409077491621,-0.15423819769774463,0.07255015094676054,-0.054347060398210974
-0.017846580654210808,-0.016940569671239882,0.0,0.037823677355868064,-0.09433198738410589,-0.0034993653963159193,-0.009853727534996437
-0.018604663385270483,-0.017331982716640857,0.0,-0.22533635511435662,1.048139659840691,-0.3910094939113631,-0.3813590310269212
-0.017050305795971627,-0.01911354282969484,0.0,0.00022920768212936223,-0.09757625683657453,-0.019639602517944436,-0.02384268765141353
-0.015590906223412637,-0.021993201703594534,0.0,0.05336331388207976,0.01572266910468559,-0.05682959965975299,-0.05243460083004969
-0.045251644936292926,-0.030490734393755853,0.0,-0.010132709612023724,-0.19462396927498302,-0.07557906541254887,0.18371345587472912
-0.01994949674540644,-0.018929564643630943,0.0,0.047359764884425115,0.0662221991963876,-0.2097580473766759,0.04615791764258887
-0.017659216068620514,-0.018891420858617045,0.0,0.008188528920327382,-0.06891415259316537,-0.018995803915877314,-0.037045530949507514
-0.036054526178687644,-0.032035334265428504,0.0,0.011385917131751863,-0.24786712779069295,-0.048286384914224524,0.18486366175011193
-0.017319020684266873,-0.01764266267556594,0.0,0.8205778483592112,-0.15609190880719287,-0.4295497373290579,-0.19260031838296823
-0.018315017252511487,-0.022084866174505603,0.0,0.019545546683236235,-0.07213922766671693,-0.08085877611763188,-0.02583095094391395
-0.018604663385270483,-0.01727279184511604,0.0,-0.2369927271938486,1.0366836807257218,-0.42049748024652084,-0.34584363378472555
-0.045251644936292926,-0.03054463133998086,0.0,-0.012392511986179114,-0.2015062689945122,-0.06248899761911759,0.18599984271855777
-0.02617331190639769,-0.020157122528185967,0.0,0.02660299565453762,-0.0593587931493564,-0.03246189085599977,-0.08065658774431972
-0.017666204594300676,-0.018859064112584274,0.0,-0.0015753111357356888,-0.08162737860387025,-0.037848498891805846,0.004706791924747678
-0.053713303156905666,-0.032093030154229554,0.0,0.012402409162528534,-0.2566025793604423,-0.06474401687703323,0.22170491347313762
-0.012418398278804447,-0.014436833356587781,0.0,0.12038702866536558,1.2229062709390888,-0.9409633852226025,-0.1435139064552712
-0.00929142248536991,-0.019422682962010232,0.0,-0.01596440684441295,-0.037317038066737765,-0.02891230732651511,-0.07149241504303509
-0.03325219999309041,-0.029043651137521123,0.0,0.011903294242370141,-0.22165439323798097,-0.04727681451632366,0.1510969073205788
-0.025603429756361148,-0.01897160045009013,0.0,0.02735652417883771,-0.24042202241745528,0.4301250588728899,-0.25839200079197644
-0.018604663385270483,-0.017331982716640857,0.0,-0.2370177353607086,1.0369478635826006,-0.4178550231344135,-0.3345208264904905
-0.014318258620069578,-0.023614167558161942,0.0,-0.014386966333461192,-0.05605008476553929,-0.1348532494855128,0.062294352660741875
-0.017050305795971627,-0.019087854030192655,0.0,-0.001184925332219994,-0.10667502917275805,-0.006796796107733356,-0.023930120733294778
-0.07341409508844662,-0.03132177685466741,0.0,-0.010645017679050642,-0.20122324621226978,-0.10932345770277967,0.2515887796009238
-0.017659216068620514,-0.018891420858617045,0.0,0.008188528920327382,-0.06891415259316537,-0.018995803915877314,-0.037045530949507514
-0.010955428473700487,-0.016915665572326793,0.0,0.07838827849701101,-0.06774300004330246,0.06459445338434093,0.0017118199323364188
-0.022993538769153627,-0.01418737790612548,0.0,0.009097883926266205,-0.14533484871819602,-0.05703980671077071,0.0599546983090386
-0.015144286748816104,-0.016953900381406848,0.0,0.297582358499825,-0.5284104898436928,2.190002086592888,-2.074709159292952
-0.01822910190655862,-0.018276377188774194,0.0,0.012077267459120128,-0.044705516065942544,-0.02290713219508224,-0.043888589920780235
-0.01766450673330336,-0.018854119856072323,0.0,0.0017045025040426035,-0.07450914456132729,-0.0528269511912184,0.004306138334380616
-0.016188531869809147,-0.019424739075178152,0.0,0.0007042324871418679,-0.043481914365148054,-0.09056538193635143,0.0032852771550515715
-0.01809855736116346,-0.018440416748245713,0.0,0.014106637136615332,-0.04386782161630429,-0.006785680134898022,-0.047181449896963164
-0.03325219999309041,-0.029266406965536895,0.0,0.011303679471655314,-0.22869598137277075,-0.035095266331151724,0.15258517760408777
-0.00744842657434001,-0.013002779174681924,0.0,-0.04568071165465558,1.1678289464407252,-0.601361748802917,-0.3589624186711804
-0.03325219999309041,-0.029043651137521123,0.0,0.011303674424059358,-0.22886085465180134,-0.033946158959391994,0.15108292711069954
-0.01392870314499925,-0.01718139821921873,0.0,0.04522293258792897,-0.11205724640114499,0.03233325980757011,-0.058723192936786496
-0.0173317034684835,-0.019422682962010232,0.0,0.048428088210126445,0.08903702809314652,-0.2176006498639159,-0.05839115114080293
-0.017659216068620514,-0.01912596385168385,0.0,0.008188528920327382,-0.06891415259316537,-0.017644248864724096,-0.03706427768930828
-0.01930105375138229,-0.020615433589835825,0.0,-0.23007076491330156,0.992730834385151,-0.09033804017243052,-0.5155281069361813
-0.018228042630064466,-0.019251893589664174,0.0,0.0033657004006440337,-0.11316216142893679,0.0020818537009359844,-0.025376865372017582
-0.032180515398218174,-0.02749294803586055,0.0,-0.011843712190705437,-0.16620033428596118,-0.04619236755965058,0.11898814625554051
-0.016547630430824505,-0.0192597817279595,0.0,-0.2531645432236727,-0.23764971460418227,1.1727758925761005,-0.7481735410304896
-0.017477304070200865,-0.018136421132508067,0.0,0.015725453951898734,-0.031399479014840255,-0.07179314476397852,-0.04553250006088105
-0.02375580801805397,-0.02122357436896206,0.0,0.043831549760805014,-0.08570301223124321,-0.03626510113364571,-0.062017424203772493
-0.03212610810554655,-0.0203317740424611,0.0,0.006433295561728973,-0.07086077361784802,-0.08409487800199425,0.03327804832664146
-0.07448577968331888,-0.03287215960853734,0.0,0.011517329105397925,-0.261750808858906,-0.10312934578418817,0.2898585756495418
-0.010103064241615684,-0.012005285486097446,0.0,0.6240436117495202,1.709043171068525,-0.6629702921796405,0.00043364797202423064
-0.017221629057259703,-0.01598343589090149,0.0,0.02938859414440983,-0.05361035813174788,-0.03756260521957254,-0.060670375768681166
-0.017666204594300676,-0.018859064112584274,0.0,-0.003445793415785334,-0.0697308477196289,-0.05689643399180481,0.0046677534422530035
-0.017487218807104285,-0.016940569671239882,0.0,0.03809519588029973,-0.0897977629336741,-0.01335301456880397,-0.015699750585993176
-0.007306596166380315,-0.012344879326773205,0.0,-0.03533917270226013,1.0759753061276138,-0.7728476168947749,-0.38300266817783235
-0.017846580654210808,-0.016940569671239882,0.0,0.037823677355868064,-0.09433198738410589,-0.0034993653963159193,-0.009853727534996437
-0.01566979432712143,-0.01797718114747163,0.0,0.11176442867511951,1.3280539771884399,-1.0382551261960218,-0.367718403221943
-0.017659216068620514,-0.018891420858617045,0.0,0.00874588286247533,-0.06477876676920886,-0.031038000602006472,-0.03267024861128941
-0.018604663385270483,-0.01727279184511604,0.0,-0.2317425014549435,1.0361383961426678,-0.24298768577150598,-0.3832553454291774
-0.018474269007141466,-0.017820900245953564,0.0,-0.08163823187391647,-0.3365299303514402,0.6884739851763253,-0.41685305350908675
-0.011609296629456499,-0.016230862265665436,0.0,-0.15724462047766752,-0.48275599008255754,2.168636949928216,-1.6563597655237612
-0.01729985422151399,-0.01912596385168385,0.0,0.008188528920327382,-0.06891415259316537,-0.02520512817894344,-0.035687796870713925
-0.045251644936292926,-0.03054463133998086,0.0,-0.012392511986179114,-0.2015062689945122,-0.06248899761911759,0.18599984271855777
-0.017487218807104285,-0.017176929582398283,0.0,0.03774898703894755,-0.0967829490797156,-0.008491344058942578,-0.00705293898599196
-0.03182800477536711,-0.020274448628164358,0.0,0.0038828604388458933,-0.08214178038547885,-0.05239209192176404,0.018587572166984256
-0.017666204594300676,-0.018859064112584274,0.0,0.0036822381865806633,-0.06509089747743102,-0.04341673815764738,-0.019085259272703332
-0.012418398278804447,-0.014436833356587781,0.0,0.11225332687156983,1.1890912842798944,-0.8811433246153253,-0.20437334397348864
-0.01723117881451158,-0.021369932466108424,0.0,-0.0019502051822370562,-0.07615303939265124,-0.03200311992221853,-0.03756948009952663
-0.017477304070200865,-0.018541943636469542,0.0,0.004833623223846899,-0.02162101668203068,-0.07490502782686942,-0.044529506754822486
-0.016188531869809147,-0.019424739075178152,0.0,0.0007042324871418679,-0.043481914365148054,-0.09056538193635143,0.0032852771550515715
-0.017477304070200865,-0.018136421132508067,0.0,0.015725453951898734,-0.031399479014840255,-0.07179314476397852,-0.04553250006088105
-0.03325219999309041,-0.029043651137521123,0.0,0.011903294242370141,-0.22165439323798097,-0.04727681451632366,0.1510969073205788
-0.020281143655464583,-0.024750393364993455,0.0,0.06874667187913813,0.09169757136039718,-0.18400500588364296,-0.08091917307124041
-0.016078457458585355,-0.01598343589090149,0.0,0.029039978459767253,-0.050989037107208646,-0.04435578816454036,-0.05763621955738334
-0.052739278539563283,-0.02363258988714851,0.0,0.005184679825985156,-0.08949377533183303,-0.041316798891491015,0.03416974336695771
-0.016699947271320754,-0.017826491682828037,0.0,-0.23066286879912568,-0.2734071675302619,1.051631735518359,-0.5857710508163849
-0.017666204594300676,-0.018859064112584274,0.0,0.0015968186009987903,-0.06581250473348559,-0.043446797042685954,-0.016425592596331473
-0.02375580801805397,-0.02122357436896206,0.0,0.043831549760805014,-0.08570301223124321,-0.03626510113364571,-0.062017424203772493
-0.017627156318749705,-0.012578460589755295,0.0,-1.181589848799715,1.222808328077753,-1.110050798728538,0.2858425545266288
-0.01930105375138229,-0.01727279184511604,0.0,-0.2324143670609399,1.0284860444049648,-0.20226576241776137,-0.38194843076413926
-0.018604663385270483,-0.01727279184511604,0.0,-0.2369927271938486,1.0366836807257218,-0.42049748024652084,-0.34584363378472555
-0.016078457458585355,-0.01598343589090149,0.0,0.029039978459767253,-0.050989037107208646,-0.04435578816454036,-0.05763621955738334
-0.029856881101591154,-0.029725524849625436,0.0,0.015416978283297085,-0.20337798281625918,-0.051786294550146765,0.12676301967036463
-0.018604663385270483,-0.01727279184511604,0.0,-0.2369927271938486,1.0366836807257218,-0.42049748024652084,-0.34584363378472555
-0.012196817263414407,-0.011830819221587895,0.0,-0.31223029228107607,1.0108309164391518,-0.48672038692581954,-0.3504091362263072
-0.017477304070200865,-0.018346060026661785,0.0,0.025403695858320127,-0.034080308322518675,-0.06788601011662435,-0.05081834274053956
-0.047167162074883154,-0.026533864201332587,0.0,0.002356315183764423,-0.21743932052491555,-0.07767538294984308,0.19424502114316297
-0.016188531869809147,-0.019424739075178152,0.0,0.0007042324871418679,-0.043481914365148054,-0.09056538193635143,0.0032852771550515715
-0.012060603930782128,-0.016249168537793426,0.0,0.04002282805165042,-0.09245914453715066,0.022856542510525213,-0.05728477168720758
-0.029240648825356333,-0.03132267658657652,0.0,0.027186122642420665,-0.049151040291288806,-0.15115885229112366,0.042651056543364596
-0.04632163167016785,-0.03208692692424164,0.0,0.011222125774267093,-0.2543896114369518,-0.06931162600991164,0.22429885862069562
-0.017596044179222132,-0.018612406161704478,0.0,0.023884847651140132,-0.1429280644627546,-0.04336146040943608,0.02870443831999272
-0.022839997062789687,-0.02482029515495252,0.0,0.07115100795151792,0.2041901374254432,-0.16852390711989357,0.08650896138522862
-0.046323329531165164,-0.03204143749541641,0.0,0.011283505414175067,-0.264105098464563,-0.049981939784217395,0.21579345581185252
-0.028889131481101667,-0.024495973108776724,0.0,0.0004250723680386323,-0.17219939401952927,-0.02631103614807296,0.08862591311049985
-0.029836890725429565,-0.02412684553856694,0.0,-0.05081365340313521,-0.2918720396905107,0.1759804754708357,0.02791921744470007
-0.017050305795971627,-0.01911354282969484,0.0,-1.46890783633215e-05,-0.10442751017304557,-0.009950859096840802,-0.02384268765141353
-0.017443730728962745,-0.021369932466108424,0.0,-0.013850612809985088,-0.25332316808197053,0.15699950376118757,0.16608774766478537
-0.07448577968331888,-0.03287017566891612,0.0,0.011418914319288985,-0.26150628656199987,-0.09957437734044992,0.28441811247039867
-0.018604663385270483,-0.01727279184511604,0.0,-0.2317425014549435,1.0361383961426678,-0.24298768577150598,-0.3832553454291774
-0.07341409508844662,-0.032909671995274774,0.0,-0.010657187456356059,-0.20014237919905511,-0.10914301947015508,0.25324132142054046
-0.017487218807104285,-0.017176929582398283,0.0,0.03748594872486221,-0.0980979834559626,-0.007084931835826452,-0.007768178872108025
-0.032180515398218174,-0.02749294803586055,0.0,-0.009792358581158126,-0.16064949944164497,-0.05732443058891479,0.11542860948998053
-0.012060603930782128,-0.016249168537793426,0.0,0.04002282805165042,-0.09245914453715066,0.022856542510525213,-0.05728477168720758
-0.032180515398218174,-0.02749294803586055,0.0,-0.011843712190705437,-0.16620033428596118,-0.04619236755965058,0.11898814625554051
-0.036087773917436096,-0.02728011771434746,0.0,0.004711565113615059,-0.09984979493577077,-0.009791211407883766,0.048178271511306776
-0.01833879656732675,-0.022414321119724568,0.0,0.06520259661569404,0.12246622012531087,-0.23604854127394967,0.13308139245168613
-0.02046046065654466,-0.019647991087962904,0.0,0.010723744036577052,-0.1318641570538998,-0.039684618184245776,0.02839890046103405
-0.04524994707529561,-0.03055759261302029,0.0,-0.010663139034008277,-0.19343059390711176,-0.07515044407178836,0.1860542358252861
-0.0173317034684835,-0.019422682962010232,0.0,0.05184495149245204,0.07693794700866204,-0.2167343885361712,-0.020145093051869754
-0.016078457458585355,-0.01598343589090149,0.0,0.029039978459767253,-0.050989037107208646,-0.04435578816454036,-0.05763621955738334
-0.032180515398218174,-0.02749294803586055,0.0,-0.011843712190705437,-0.16620033428596118,-0.04619236755965058,0.11898814625554051
-0.01154994315907416,-0.013707562172465198,0.0,0.13405574380785998,1.2647019789547673,-0.9854112078486889,-0.21759911653532812
-0.018604663385270483,-0.017331982716640857,0.0,-0.22533635511435662,1.048139659840691,-0.3910094939113631,-0.3813590310269212
-0.012196817263414407,-0.011830819221587895,0.0,-0.31437230650869347,1.0392086976141852,-0.44274423235270816,-0.31293315787808146
-0.022839997062789687,-0.02482029515495252,0.0,0.06547037970215021,0.20820063716258055,-0.2936553844091403,0.04166617403591684
-0.01154994315907416,-0.013707562172465198,0.0,0.1361933832951828,1.2661041708027432,-0.9842784320038506,-0.21243233041217888
-0.032180515398218174,-0.02749294803586055,0.0,-0.010654998628622115,-0.16742863170045874,-0.04629995767528406,0.11837379096447286
-0.017050305795971627,-0.01911354282969484,0.0,0.00022920768212936223,-0.09757625683657453,-0.019639602517944436,-0.02384268765141353
-0.07448577968331888,-0.03287215960853734,0.0,0.01169594030304087,-0.26175075762003847,-0.09923114314864706,0.2844577246590912
-0.012418398278804447,-0.014436833356587781,0.0,0.11225379803256816,1.1890620950863928,-0.8812346665808217,-0.20437334397348864
-0.018604663385270483,-0.01727279184511604,0.0,-0.2369927271938486,1.0366836807257218,-0.42049748024652084,-0.34584363378472555
-0.014865437975756174,-0.021629140363011994,0.0,0.00616598722970687,-0.06500664565692427,-0.0182294725318866,-0.03450804773600561
-0.014841168926232818,-0.01543127920693047,0.0,-0.01721692666311097,0.05522237923528666,-0.17549337063428785,-0.023381714236657476
-0.01729985422151399,-0.01912596385168385,0.0,0.008188528920327382,-0.06891415259316537,-0.02520512817894344,-0.035687796870713925
-0.018474269007141466,-0.017826491682828037,0.0,-0.5488085268966758,-0.46498188053716477,1.8518125410173452,-0.9756773499672055
-0.01703659031125171,-0.019132091994019534,0.0,0.011740746697959487,-0.08464460492149849,-0.01799429416137751,-0.03958530686565436
-0.01729985422151399,-0.01912596385168385,0.0,0.007305660066099002,-0.06971787066763419,-0.017366994446370403,-0.03926135480275486
-0.012418398278804447,-0.014436833356587781,0.0,0.11225379803256816,1.1890620950863928,-0.8812346665808217,-0.20437334397348864
-0.028785196506718916,-0.028196190538404067,0.0,-0.006936131702456497,-0.14176865624027885,-0.06182455289989058,0.09393368680088994
-0.01863452535161186,-0.02195569665408112,0.0,-0.003104104511943794,-0.10427941643852451,0.007204347710881349,-0.022847710079585755
-0.017659216068620514,-0.019371969642212696,0.0,0.007242224326075442,-0.06962769561101498,-0.029914618450017916,-0.031092415262252638
-0.022839997062789687,-0.02482029515495252,0.0,0.07120991456424662,0.2189926658779549,-0.16328302065262995,0.10801123454382273
-0.01154994315907416,-0.013707562172465198,0.0,0.13405574380785998,1.2647019789547673,-0.9854112078486889,-0.21759911653532812
-0.01760084182066261,-0.01964188785797499,0.0,0.00968837666173317,-0.13179492161000586,-0.04461663084801065,0.03231293831009087
-0.058301155558638046,-0.03834699506216368,0.0,0.011432963501219818,-0.24358015604443564,-0.06363540759602891,0.22192903168210912
-0.017659216068620514,-0.018891420858617045,0.0,0.008188528920327382,-0.06891415259316537,-0.018995803915877314,-0.037045530949507514
-0.006947234319273789,-0.01257942231984001,0.0,-0.017867642935377223,1.0892677924653227,-0.7395013994634472,-0.4004151492293056
-0.028889131481101667,-0.024495973108776724,0.0,0.0004250723680386323,-0.17219939401952927,-0.02631103614807296,0.08862591311049985
-0.018157711809724496,-0.017660737057957215,0.0,0.019315635983396078,-0.1760381329045975,0.022665711461771935,0.018095712845388995
-0.014008725403510199,-0.015444434093873393,0.0,-0.0131917910737596,-0.03132878296208754,-0.12957436021432486,-0.010184298209419126
-0.01822910190655862,-0.018276377188774194,0.0,0.012077267459120128,-0.044705516065942544,-0.02290713219508224,-0.043888589920780235
-0.022131083674985962,-0.022084866174505603,0.0,0.023606461865678822,-0.07623116744743295,-0.010497021515818734,-0.03594972671717093
-0.00935367166237484,-0.019422682962010232,0.0,-0.027894950585804094,-0.04124119918549307,-0.013654285610513121,-0.04413475393469545
-0.02858999435030228,-0.024495973108776724,0.0,-0.3319014862723926,-0.5072070114914977,0.15293299028604823,0.5397601294732041
-0.015144286748816104,-0.016953900381406848,0.0,0.297582358499825,-0.5284104898436928,2.190002086592888,-2.074709159292952
4.6317618381024594,4.839836198946672,0.0,0.6865335865702789,0.5425823881508098,2.0738382557660495,5.413686211817722
-0.0744874775443162,-0.032093030154229554,0.0,0.012402409162528534,-0.2648369140444115,-0.0980764769715624,0.283826464302524
-0.012418398278804447,-0.014436833356587781,0.0,0.11225332687156983,1.1890912842798944,-0.8811433246153253,-0.20437334397348864
-0.03142859232267352,-0.023963350281545323,0.0,-4.010742181958166e-05,-0.14976485783866347,-0.06130311399998279,0.09303050240223978
-0.01723117881451158,-0.021369932466108424,0.0,-0.0019502051822370562,-0.07615303939265124,-0.03200311992221853,-0.03756948009952663
-0.02651418110663375,-0.021610472916389872,0.0,0.007605310385004962,-0.13492845337868617,-0.05623615912102723,0.0641168160306396
-0.01596306857672667,-0.018136421132508067,0.0,0.01984753929669711,-0.026603429881998066,-0.08903051972749755,-0.03412347614407116
-0.01994949674540644,-0.018929564643630943,0.0,0.047359764884425115,0.0662221991963876,-0.2097580473766759,0.04615791764258887
-0.07341409508844662,-0.031342825297315975,0.0,-0.008710170701392964,-0.2001414822829256,-0.11104199395496914,0.2527610397235241
-0.022839997062789687,-0.02482029515495252,0.0,0.07120991456424662,0.2189926658779549,-0.16328302065262995,0.10801123454382273
-0.07341409508844662,-0.03134205930636619,0.0,-0.01065803050542459,-0.20015167568600065,-0.10943910566529656,0.2516283917896163
-0.04632163167016785,-0.03208692692424164,0.0,0.011609511419840126,-0.25438330425296884,-0.06867260173851542,0.22429885862069562
-0.010021415210069617,-0.016249168537793426,0.0,0.04002227338766206,-0.09245914453715066,0.008025818798879548,-0.05728477168720758
-0.018248670479681733,-0.01695262892325427,0.0,-0.0487769989166025,-0.2951871349826837,1.0815773915597915,-0.8538853372008814
-0.018604663385270483,-0.01727279184511604,0.0,-0.2369927271938486,1.0366836807257218,-0.42049748024652084,-0.34584363378472555
-0.018604663385270483,-0.01727279184511604,0.0,-0.2369927271938486,1.0366836807257218,-0.42049748024652084,-0.34584363378472555
-0.017477304070200865,-0.018136421132508067,0.0,0.015725453951898734,-0.031399479014840255,-0.07179314476397852,-0.04553250006088105
-0.018604663385270483,-0.017331982716640857,0.0,-0.2308619671359161,1.0384042308078725,-0.40930313968097976,-0.3560419577782079
-0.011485724475474881,-0.013691593668979183,0.0,0.13618112129897994,1.2619302278118816,-0.9867494631161348,-0.21078216977809777
-0.02858999435030228,-0.024495973108776724,0.0,-0.3319014862723926,-0.5072070114914977,0.15293299028604823,0.5397601294732041
-0.017659216068620514,-0.01912596385168385,0.0,0.008188528920327382,-0.06891415259316537,-0.017644248864724096,-0.03706427768930828
-0.018228042630064466,-0.019087854030192655,0.0,-0.008522844980578155,-0.11545951978331408,0.017209798645614872,-0.02591288467702838
-0.018604663385270483,-0.01727279184511604,0.0,-0.2317425014549435,1.0361383961426678,-0.24298768577150598,-0.3832553454291774
-0.025708444816458096,-0.018916382209833816,0.0,0.36503519217730285,-0.4898591020104292,1.6645344475854371,-1.5658513651992683
-0.017659216068620514,-0.018891420858617045,0.0,0.008188528920327382,-0.06891415259316537,-0.018995803915877314,-0.037045530949507514
-0.019257151108980665,-0.021984903190618073,0.0,0.010257329932126153,-0.06610314983952231,-0.0025508771056090736,-0.010068076044210138
-0.07448577968331888,-0.03287215960853734,0.0,0.011517329105397925,-0.261750808858906,-0.10312934578418817,0.2898585756495418
-0.016322430423833197,-0.018346060026661785,0.0,0.030012147055686632,-0.0261500887799113,-0.07930950780135673,-0.04426117566603701
-0.01930105375138229,-0.020615433589835825,0.0,-0.2271991334811151,0.9798180882145865,-0.10364237159957823,-0.5708946288835037
-0.020137746081875973,-0.018440416748245713,0.0,0.012305464517687872,-0.05156178640991463,0.009503569613552856,-0.05532971631088153
-0.02756711700317631,-0.02482029515495252,0.0,0.08216293019138446,0.23314817645522387,-0.1698847996439648,0.12855179016182305
-0.017487218807104285,-0.016940569671239882,0.0,0.037823677355868064,-0.09433198738410589,-0.011060244710535277,-0.008477246716402093
-0.007492936354061703,-0.013166818734153443,0.0,-0.03607778357553312,1.1523084599339117,-0.5843192520054046,-0.4014612772797277
-0.018474269007141466,-0.017820900245953564,0.0,0.05594258103675579,-0.38865752830117684,1.2045931067668185,-0.9907672102059736
-0.019829756700779428,-0.018795973471019776,0.0,0.04934074075889838,0.07599449873905789,-0.19659012993633854,-0.05195411614841501
-0.02651418110663375,-0.021610472916389872,0.0,0.007605310385004962,-0.13492845337868617,-0.05623615912102723,0.0641168160306396
-0.017627156318749705,-0.017203064360769467,0.0,-0.1935488968508972,0.9485714546865504,-0.2261017916452439,-0.5740021221894277
-0.018604663385270483,-0.01727279184511604,0.0,-0.23114921794696477,1.0336349916067795,-0.24287974223064157,-0.3566178299278872
-0.018228042630064466,-0.019087854030192655,0.0,0.0033657004006440337,-0.11316216142893679,-0.0022750957727162248,-0.02033168131399514
-0.017136799368365926,-0.0187760768818267,0.0,1.0301931320259707,-0.15688536572674538,-0.9692256505667345,-0.01835426475045069
-0.017602539681659927,-0.019647991087962904,0.0,0.011389609331226496,-0.12788273587750024,-0.039507881851403234,0.027087586857274384
-0.018866296730503815,-0.01648602617738787,0.0,0.040299331401871044,-0.09726972842187621,-0.010800506098240282,-0.006048604993112674
-0.00519973015107632,-0.012938821105455061,0.0,1.2379905156407405,1.0864261188849098,-2.074599423959994,-0.29969651817452786
-0.009532125074774215,-0.013166818734153443,0.0,-0.028583564894489308,1.186415543819843,-0.5541182204899193,-0.3716088380927307
-0.018604663385270483,-0.01727279184511604,0.0,-0.2369927271938486,1.0366836807257218,-0.42049748024652084,-0.34584363378472555
-0.012098187990096815,-0.013803497310613892,0.0,0.14458874174866423,1.2863681391445991,-0.9593076893910725,-0.11728534189716817
-0.012418398278804447,-0.014436833356587781,0.0,0.12023164529261274,1.2229623054126042,-0.9351365350828411,-0.16068860507958302
-0.018897789261874142,-0.02227782368365185,0.0,0.019532237549626297,-0.050953652952799994,0.13675443808471413,0.01611385751847367
-0.017846580654210808,-0.016915665572326793,0.0,0.03741240092683213,-0.06844424095460812,-0.02044616732308169,-0.05511702144029177
-0.018157711809724496,-0.017660737057957215,0.0,0.027039686324784,-0.21290012031488253,0.03222814913810495,0.04051112721300564
-0.02375580801805397,-0.01965556839745977,0.0,0.04847996408743888,-0.07973349551173303,-0.025761593731521766,-0.07325729703135615
-0.017477304070200865,-0.018346060026661785,0.0,0.025403695858320127,-0.034080308322518675,-0.06788601011662435,-0.05081834274053956
-0.017627156318749705,-0.017203064360769467,0.0,-0.1935488968508972,0.9485714546865504,-0.2261017916452439,-0.5740021221894277
-0.04632163167016785,-0.03203335032580728,0.0,0.01090027900950343,-0.253568009568331,-0.06481049571003668,0.21580516491544385
-0.018604663385270483,-0.01727279184511604,0.0,-0.22141465631407403,1.029302431459984,-0.22735905028980977,-0.3616205207277915
-0.07448577968331888,-0.03287215960853734,0.0,0.011517329105397925,-0.261750808858906,-0.10312934578418817,0.2898585756495418
-0.01840169173093484,-0.017418255858813174,0.0,0.042144187948464716,-0.13422977944739287,0.005648490392632831,-0.02354379591808179
-0.04632163167016785,-0.032035334265428504,0.0,0.011177304993255316,-0.2538124806263695,-0.06446726151823379,0.21584477710413638
-0.01782458142834593,-0.025375097544386608,0.0,0.005829409077491621,-0.15423819769774463,0.07255015094676054,-0.054347060398210974
-0.01782458142834593,-0.025375097544386608,0.0,0.005829409077491621,-0.15423819769774463,0.07255015094676054,-0.054347060398210974
-0.032178817537220857,-0.02419228492989219,0.0,-0.0004520554968047929,-0.15746272194761007,-0.05713751472584212,0.09997626424791327
-0.017846580654210808,-0.016915665572326793,0.0,0.03741240092683213,-0.06844424095460812,-0.02044616732308169,-0.05511702144029177
-0.006947234319273789,-0.01257942231984001,0.0,-0.017867642935377223,1.0892677924653227,-0.7395013994634472,-0.4004151492293056
-0.012418398278804447,-0.014498270983610364,0.0,0.12572109057115705,1.2194127356306228,-0.9455332729499903,-0.2775326371379502
-0.014008725403510199,-0.015444434093873393,0.0,-0.0131917910737596,-0.03132878296208754,-0.12957436021432486,-0.010184298209419126
-0.03182800477536711,-0.020274448628164358,0.0,0.005014412209101109,-0.06867681504965711,-0.0815207317350599,0.030673886534448875
-0.032178817537220857,-0.02417200247819341,0.0,-0.00043904267043084387,-0.15853429247387923,-0.05702186676332523,0.09993665205922074
-0.04632163167016785,-0.03208692692424164,0.0,0.011222125774267093,-0.2543896114369518,-0.06931162600991164,0.22429885862069562
-0.017050305795971627,-0.01911354282969484,0.0,0.00022920768212936223,-0.10101429638239252,-0.01541272527751396,-0.02384268765141353
-0.05722947096376581,-0.03679661230829375,0.0,-0.010729383283228748,-0.18305259339779947,-0.06982951951462041,0.1836592356334911
-0.00744842657434001,-0.013002779174681924,0.0,-0.02358260621082485,1.1784530055870692,-0.601361748802917,-0.3643158876956829
-0.07448577968331888,-0.034439006306496135,0.0,0.011517311331754565,-0.261751757013903,-0.10300296375595251,0.2914715052804659
-0.012418398278804447,-0.014436833356587781,0.0,0.12038702866536558,1.2229062709390888,-0.9409633852226025,-0.1435139064552712
-0.026001473007520287,-0.01964188785797499,0.0,0.007663791099089031,-0.12175408672068307,-0.06805282403890969,0.05970450254969167
3.8993664275581543,3.0304674016247226,0.0,0.3633836329637603,0.44472457542333926,1.8618508220590626,2.2977923421694104
-0.018604663385270483,-0.017331982716640857,0.0,-0.22533635511435662,1.048139659840691,-0.3910094939113631,-0.3813590310269212
-0.017659216068620514,-0.019371969642212696,0.0,0.007242224326075442,-0.06962769561101498,-0.029914618450017916,-0.031092415262252638
-0.018604663385270483,-0.017331982716640857,0.0,-0.2308619671359161,1.0384042308078725,-0.40930313968097976,-0.3560419577782079
-0.07341409508844662,-0.032909671995274774,0.0,-0.008710188475036323,-0.20014243043792262,-0.11091561192673348,0.2543739693544482
-0.015040982560588447,-0.023684799550472646,0.0,0.04350852210824873,0.120483314553032,-0.22469085716043605,-0.0033858900431908015
-0.018604663385270483,-0.01727279184511604,0.0,-0.23239648142680716,1.0267474030025816,-0.22127526985957538,-0.39391596224273423
-0.007492936354061703,-0.013166818734153443,0.0,-0.03607778357553312,1.1523084599339117,-0.5843192520054046,-0.4014612772797277
-0.009150106944923896,-0.013203183579701868,0.0,0.1128516627437196,1.1149817211511202,-1.0406988254245784,-0.3203774107617633
-0.020370110867691842,-0.020287409901203788,0.0,0.008531156316762281,-0.07821369675072005,-0.05605897619652765,0.0008238250946529416
3.935863300724644,3.2601200659176177,0.0,0.5727723760655639,0.21001169263796676,0.24058523585296154,3.629869272438091
-0.010498116454214789,-0.019163475065106662,0.0,0.03875445369328088,0.08707274134095659,-0.2191426387843018,-0.06027227729889909
-0.018604663385270483,-0.01727279184511604,0.0,-0.2317425014549435,1.0361383961426678,-0.24298768577150598,-0.3832553454291774
-0.032180515398218174,-0.024180089647802546,0.0,-0.0004493960376977312,-0.15870754356932812,-0.05765728113433831,0.09993665205922074
-0.017666204594300676,-0.018859064112584274,0.0,-0.0032821928059088967,-0.0832391373052813,-0.04067006960974787,0.004656593721237083
-0.01822910190655862,-0.018276377188774194,0.0,0.012077267459120128,-0.044705516065942544,-0.02290713219508224,-0.043888589920780235
-0.03212780596654387,-0.021680167654085616,0.0,0.0032534443694139594,-0.09708268088280016,-0.07143343154932347,0.05229594051546749
-0.018604663385270483,-0.01727279184511604,0.0,-0.23239648142680716,1.0267474030025816,-0.22127526985957538,-0.39391596224273423
-0.032016841346635246,-0.021889093831145075,0.0,0.006823069663034192,-0.013578323711263947,-0.12431532409975077,0.06212047890801904
-0.018604663385270483,-0.01727279184511604,0.0,-0.23239648142680716,1.0267474030025816,-0.22127526985957538,-0.39391596224273423
-0.018897789261874142,-0.021959999091704985,0.0,0.010823826734464255,-0.06829042122771538,0.002725920267953349,-0.018911547622333554
-0.01596306857672667,-0.018370964125574873,0.0,0.01984753929669711,-0.026603429881998066,-0.08767896467634433,-0.03414222288387192
-0.012098187990096815,-0.013803497310613892,0.0,0.14458874174866423,1.2863681391445991,-0.9593076893910725,-0.11728534189716817
-0.017659216068620514,-0.018891420858617045,0.0,0.008188528920327382,-0.06891415259316537,-0.018995803915877314,-0.037045530949507514
-0.07448577968331888,-0.03208692692424164,0.0,0.011517977725655054,-0.261750808858906,-0.10312934578418817,0.28926465637537924
-0.01584453143047413,-0.019444069323888553,0.0,-0.0032556116370780286,-0.04829353390536995,-0.07907413401937513,0.009141695798097342
-0.01103573804494525,-0.012739438961809808,0.0,0.633742062329005,1.7991739223193728,-0.4559292304444183,0.23101215065763628
-0.01596306857672667,-0.018136421132508067,0.0,0.01984753929669711,-0.026603429881998066,-0.08903051972749755,-0.03412347614407116
-0.026512483245636435,-0.019686251999232303,0.0,0.0073283595476448795,-0.12208526462409461,-0.07461968349058466,0.06604607462402429
-0.01582917002270262,-0.019213044067856514,0.0,0.005278075470038168,-0.027991908638506355,-0.09270194628296409,0.00724641735470696
-0.020281143655464583,-0.024750393364993455,0.0,0.06874667187913813,0.09169757136039718,-0.18400500588364296,-0.08091917307124041
-0.010021415210069617,-0.016249168537793426,0.0,0.04002227338766206,-0.09245914453715066,0.008025818798879548,-0.05728477168720758
-0.03212610810554655,-0.02167208048447648,0.0,0.004994969325246849,-0.0900888209636114,-0.08414893420638316,0.05231072143350326
-0.007266453744538808,-0.013203183579701868,0.0,0.08770504839004378,1.1285300110740608,-0.9574978560502175,-0.3823179614033355
-0.017487218807104285,-0.016940569671239882,0.0,0.038033212333432306,-0.09442038337311383,-0.007216071925670711,-0.008030496843511523
-0.011485724475474881,-0.013691593668979183,0.0,0.14456868412288298,1.2810037490698192,-0.9783355247475916,-0.1439235739017179
-0.018604663385270483,-0.01727279184511604,0.0,-0.23114921794696477,1.0336349916067795,-0.24287974223064157,-0.3566178299278872
-0.028889131481101667,-0.024495973108776724,0.0,0.0004250723680386323,-0.17219939401952927,-0.02631103614807296,0.08862591311049985
-0.006947234319273789,-0.01257942231984001,0.0,-0.017867642935377223,1.0892677924653227,-0.7395013994634472,-0.4004151492293056
-0.018180495919563527,-0.018440416748245713,0.0,0.010215215907473138,-0.051499701093777564,-0.008458893843093724,-0.05166235421981193
-0.01631533099698851,-0.015677120286777115,0.0,0.047882052321995924,-0.024216160974472874,-0.1354218170780349,0.04683365875942073
-0.02021968464027604,-0.018268939508915002,0.0,0.04271886347987241,-0.052919039217689416,0.015633309718728013,-0.02812352514907856
-0.02651418110663375,-0.021610472916389872,0.0,0.007605310385004962,-0.13492845337868617,-0.05623615912102723,0.0641168160306396
-0.017594346318224815,-0.01860431899209534,0.0,0.02520850291664169,-0.1307792168651116,-0.055368445617313265,0.028766345627094635
-0.012196817263414407,-0.011830819221587895,0.0,-0.31437230650869347,1.0392086976141852,-0.44274423235270816,-0.31293315787808146
-0.01596306857672667,-0.018370964125574873,0.0,0.01984753929669711,-0.026603429881998066,-0.08767896467634433,-0.03414222288387192
-0.017487218807104285,-0.016940569671239882,0.0,0.038033212333432306,-0.09442038337311383,-0.007216071925670711,-0.008030496843511523
-0.018604663385270483,-0.01727279184511604,0.0,-0.23542039997715533,1.0349342058770046,-0.3861765718353024,-0.35504248044568215
-0.01095894929608905,-0.01699931084006195,0.0,0.057474173285265676,-0.08667111188331457,-0.006525143131632705,-0.04857777276341961
-0.010103064241615684,-0.012005285486097446,0.0,0.6240436117495202,1.709043171068525,-0.6629702921796405,0.00043364797202423064
-0.0346518427105593,-0.02728011771434746,0.0,0.005905871835657897,-0.10372338682168224,-0.15635902911097815,0.17350064373679572
-0.00744842657434001,-0.013166818734153443,0.0,-0.031074982908361432,1.1441546508685814,-0.5999500370212324,-0.40301776511467136
-0.01729985422151399,-0.01912596385168385,0.0,0.008398063897891613,-0.06900254858217329,-0.02136095539407887,-0.03524104699782336
-0.01729985422151399,-0.01912596385168385,0.0,0.008398063897891613,-0.06900254858217329,-0.02136095539407887,-0.03524104699782336
-0.017666204594300676,-0.018859064112584274,0.0,-0.003445793415785334,-0.0697308477196289,-0.05689643399180481,0.0046677534422530035
-0.017659216068620514,-0.018891420858617045,0.0,0.00874588286247533,-0.06477876676920886,-0.031038000602006472,-0.03267024861128941
-0.01930105375138229,-0.020615433589835825,0.0,-0.23007076491330156,0.992730834385151,-0.09033804017243052,-0.5155281069361813
-0.018474269007141466,-0.017820900245953564,0.0,-0.08163823187391647,-0.3365299303514402,0.6884739851763253,-0.41685305350908675
-0.017666204594300676,-0.018859064112584274,0.0,0.0017287870081157386,-0.07617351015147064,-0.04186346814203761,-0.015838006922544504
-0.012429790919111935,-0.014072488899618584,0.0,0.13369093126575016,1.2654030942218542,-1.0253222897610728,-0.11069634743861292
-0.012423564094711957,-0.021700791194801415,0.0,-0.0006814835847654737,-0.05961209637454731,-0.011540685512979846,-0.05619174144554992
-0.016188531869809147,-0.019424739075178152,0.0,0.0007042324871418679,-0.043481914365148054,-0.09056538193635143,0.0032852771550515715
-0.017394306235306644,-0.01873965742380735,0.0,0.00599256479755473,-0.05788932368819452,-0.02632404678726489,-0.052182675643204945
-0.014836854370878689,-0.01711668178919923,0.0,-0.05413378935846392,-0.05056061541985367,-0.10956430806681329,-0.020239024025058276
-0.018604663385270483,-0.01727279184511604,0.0,-0.2310898390941013,1.027887545201777,-0.2350197057139604,-0.3912238721559452
-0.01582917002270262,-0.01944758706092332,0.0,0.005278075470038168,-0.027991908638506355,-0.09135039123181087,0.006719698787777968
-0.01596306857672667,-0.018370964125574873,0.0,0.01984753929669711,-0.026603429881998066,-0.08767896467634433,-0.03414222288387192
-0.028200774924160777,-0.021889093831145075,0.0,0.005418477715807687,-0.022388880599401192,-0.1880095343687992,0.06132029584476742
-0.006947234319273789,-0.01257942231984001,0.0,-0.017867642935377223,1.0892677924653227,-0.7395013994634472,-0.4004151492293056
-0.02375580801805397,-0.02122357436896206,0.0,0.039996261052969474,-0.07793641387020897,-0.03668411240072928,-0.07197991831165551
-0.018604663385270483,-0.017331982716640857,0.0,-0.2370177353607086,1.0369478635826006,-0.4178550231344135,-0.3345208264904905
-0.01930105375138229,-0.020685161074182397,0.0,-0.23176951958705866,1.0279082006482714,-0.19716537235742204,-0.37938419459747513
-0.016492519551376223,-0.015914626703175797,0.0,0.048114391914321236,-0.16206466792509938,0.0802908519085358,-0.05677163460812621
-0.01323192937777999,-0.010353635664819153,0.0,-0.10227684839921636,1.0667117783861637,-0.7145865778718932,-0.4153418429853615
-0.032180515398218174,-0.024180089647802546,0.0,-0.002180567626263737,-0.16552815239306792,-0.04430636410626545,0.09992187114118496
-0.017846580654210808,-0.016915665572326793,0.0,0.037862582048523524,-0.06845478971854863,-0.019748266621831382,-0.05402028633322118
-0.07448577968331888,-0.034439006306496135,0.0,0.011904696977327602,-0.26174544982992,-0.10236393948455628,0.2914715052804659
-0.025936141997471726,-0.024624664452633806,0.0,0.02593078984675865,-0.070867972093188,-0.0025769478681045414,-0.050369909912497894
-0.01631533099698851,-0.015677120286777115,0.0,0.044759733007925885,-0.039568166642726575,-0.0976628700023363,0.08195527499843408
-0.018897789261874142,-0.021984903190618073,0.0,0.006748991786560851,-0.06894604163904358,-0.009847249311671103,-0.014018463753802092
-0.018897789261874142,-0.021984903190618073,0.0,0.006748991786560851,-0.06894604163904358,-0.009847249311671103,-0.014018463753802092
-0.015150702142792197,-0.02386022056812259,0.0,-0.011183479840861174,0.17101320809364262,-0.23186444993421768,-0.033271545904804266
-0.020129419086328672,-0.018932022708753948,0.0,0.052952764229821404,0.06196462394611345,-0.2515148196320756,0.03370266508100031
-0.033250502132093095,-0.024859267659131344,0.0,-0.00010077904574266205,-0.17832007476113734,-0.043291712337956666,0.11174537670618882
-0.010103064241615684,-0.012005285486097446,0.0,0.6240436117495202,1.709043171068525,-0.6629702921796405,0.00043364797202423064
-0.018604663385270483,-0.01727279184511604,0.0,-0.23542039997715533,1.0349342058770046,-0.3861765718353024,-0.35504248044568215
-0.01729985422151399,-0.01912596385168385,0.0,0.008188528920327382,-0.06891415259316537,-0.02520512817894344,-0.035687796870713925
-0.019257151108980665,-0.021984903190618073,0.0,0.010257329932126153,-0.06610314983952231,-0.0025508771056090736,-0.010068076044210138
-0.018157711809724496,-0.017660737057957215,0.0,0.019315014326979525,-0.17582167204494045,0.022783536826540097,0.018365085175711886
-0.016492519551376223,-0.015914626703175797,0.0,0.022630781557700423,-0.14732762641139205,0.04517745723124773,-0.05511196440119392
-0.016078457458585355,-0.01598343589090149,0.0,0.029039978459767253,-0.050989037107208646,-0.04435578816454036,-0.05763621955738334
-0.017477304070200865,-0.018346060026661785,0.0,0.025373215438476905,-0.03375895710630288,-0.06794980800498851,-0.05155451223881998
-0.018157711809724496,-0.017660737057957215,0.0,0.027039686324784,-0.21290012031488253,0.03222814913810495,0.04051112721300564
-0.02375580801805397,-0.02122357436896206,0.0,0.043831549760805014,-0.08570301223124321,-0.03626510113364571,-0.062017424203772493
-0.017627156318749705,-0.017203064360769467,0.0,-0.1935488968508972,0.9485714546865504,-0.2261017916452439,-0.5740021221894277
-0.04524994707529561,-0.030503695666795283,0.0,-0.008631240869197249,-0.19335705366911568,-0.07685428027000016,0.18488571599732936
-0.016322430423833197,-0.018370964125574873,0.0,0.018841112488416998,-0.022593734291782467,-0.08037901036419022,-0.0343173355201594
-0.01729985422151399,-0.01912596385168385,0.0,0.008188528920327382,-0.06891415259316537,-0.02520512817894344,-0.035687796870713925
-0.018474269007141466,-0.017826491682828037,0.0,-0.5488085268966758,-0.46498188053716477,1.8518125410173452,-0.9756773499672055
-0.011889514424286738,-0.01718139821921873,0.0,0.045952036293543136,-0.10976982959315643,0.014267208920373758,-0.05604617023933258
-0.026512483245636435,-0.019686251999232303,0.0,0.0073283595476448795,-0.12208526462409461,-0.07461968349058466,0.06604607462402429
-0.01760084182066261,-0.01964188785797499,0.0,0.010075762307306217,-0.13178861442602285,-0.043977606576614384,0.03231293831009087
-0.017050305795971627,-0.01911354282969484,0.0,0.00022920768212936223,-0.10101429638239252,-0.01541272527751396,-0.02384268765141353
-0.007266453744538808,-0.013203183579701868,0.0,0.07547308562419779,1.1170010513268311,-0.8647977628021767,-0.3846865249296586
-0.02541334090106429,-0.023220423955245754,0.0,-0.08988284398962562,-0.07459433286118326,-0.08323036140692751,0.19645978217549198
-0.018157711809724496,-0.017660737057957215,0.0,0.019315635983396078,-0.1760381329045975,0.022665711461771935,0.018095712845388995
-0.018811166960372352,-0.020370575234164665,0.0,0.002945838009945872,-0.16527305058986053,-0.002856791065342766,0.032215704953774224
-0.03325219999309041,-0.02486735482874048,0.0,0.00028244735892896426,-0.18885716365736926,-0.02846315641213751,0.11084266261977513
-0.018604663385270483,-0.01727279184511604,0.0,-0.22141465631407403,1.029302431459984,-0.22735905028980977,-0.3616205207277915
-0.017050305795971627,-0.01911354282969484,0.0,0.00022920768212936223,-0.10101429638239252,-0.01541272527751396,-0.02384268765141353
-0.05083337925365635,-0.030757695044588716,0.0,0.014313380007958879,-0.1413380541629852,-0.018042866821614423,0.05927337797725196
-0.018604663385270483,-0.01727279184511604,0.0,-0.2317425014549435,1.0361383961426678,-0.24298768577150598,-0.3832553454291774
-0.02541334090106429,-0.023220423955245754,0.0,-0.08988284398962562,-0.07459433286118326,-0.08323036140692751,0.19645978217549198
-0.018604663385270483,-0.01727279184511604,0.0,-0.2369927271938486,1.0366836807257218,-0.42049748024652084,-0.34584363378472555
-0.017487218807104285,-0.017176929582398283,0.0,0.03774898703894755,-0.0967829490797156,-0.008491344058942578,-0.00705293898599196
-0.03325219999309041,-0.02486735482874048,0.0,0.0008820671772397583,-0.18165070224354884,-0.04179381196906914,0.11174764781247674
-0.009150106944923896,-0.013203183579701868,0.0,0.13506766967910422,1.200544452746416,-1.2984269168756002,-0.20425806475278782
-0.0173317034684835,-0.019422682962010232,0.0,0.05442851829063868,0.08113505699764145,-0.2029331204199811,-0.013910633763043022
-0.018604663385270483,-0.01727279184511604,0.0,-0.2369927271938486,1.0366836807257218,-0.42049748024652084,-0.34584363378472555
-0.015150702142792197,-0.02386022056812259,0.0,0.04024698905555851,0.09719839133168565,-0.18770692492598753,0.010696330695988361
-0.018604663385270483,-0.017203064360769467,0.0,-0.22560409395051542,0.9829141203468631,-0.18656710421160788,-0.5866043150906736
-0.016492519551376223,-0.015914626703175797,0.0,0.022630781557700423,-0.14732762641139205,0.04517745723124773,-0.05511196440119392
-0.01930105375138229,-0.020685161074182397,0.0,-0.2312281514543894,1.038800921176025,-0.19040245364985234,-0.3812418329734822
-0.0744874775443162,-0.03287826283852525,0.0,0.012401760542271404,-0.2648369140444115,-0.0980764769715624,0.2844203835766866
-0.017627156318749705,-0.017203064360769467,0.0,-0.1935488968508972,0.9485714546865504,-0.2261017916452439,-0.5740021221894277
-0.01103573804494525,-0.012739438961809808,0.0,0.6393478313557691,1.754959844127055,-0.6494100407542938,0.07277598990124436
-0.010955428473700487,-0.016915665572326793,0.0,0.07795022899700314,-0.07190699272573968,0.059245428001917455,-0.004447217153120186
-0.01760084182066261,-0.01964188785797499,0.0,0.010017923797346518,-0.12877800062952677,-0.04055966673723409,0.02307824059636914
-0.007492936354061703,-0.013166818734153443,0.0,-0.03607778357553312,1.1523084599339117,-0.5843192520054046,-0.4014612772797277
-0.012060603930782128,-0.016249168537793426,0.0,0.04002282805165042,-0.09245914453715066,0.022856542510525213,-0.05728477168720758
-0.017050305795971627,-0.01911354282969484,0.0,-1.46890783633215e-05,-0.10442751017304557,-0.009950859096840802,-0.02384268765141353
-0.0173317034684835,-0.019422682962010232,0.0,0.05126648253104692,0.0880057289773914,-0.23244040095953136,-0.051552477097959244
-0.018315017252511487,-0.022084866174505603,0.0,0.018108192716544975,-0.07703053705735638,-0.08073432446963832,-0.02764193723081913
-0.046293906138126006,-0.02209631932752154,0.0,0.009571206659296496,-0.13069525637859775,-0.020517262687938454,0.03972094549001533
-0.018408915648604418,-0.020370575234164665,0.0,-0.0018226414860647677,-0.17523306145090833,0.06080452943710137,-0.016155280330317715
-0.02651418110663375,-0.021610472916389872,0.0,0.00721173061306644,-0.12456461557790321,-0.07170012941785954,0.06412852513423091
-0.01729985422151399,-0.01912596385168385,0.0,0.008188528920327382,-0.06891415259316537,-0.02520512817894344,-0.035687796870713925
-0.032180515398218174,-0.02749294803586055,0.0,-0.011244092372394647,-0.1589938728721409,-0.05952302311658232,0.11900212646541973
-0.03472594184607538,-0.03204143749541641,0.0,0.011292042059775608,-0.22870787557029726,-0.032850990145609736,0.1510580389883769
-0.016492519551376223,-0.015914626703175797,0.0,0.022630781557700423,-0.14732762641139205,0.04517745723124773,-0.05511196440119392
-0.012196817263414407,-0.011830819221587895,0.0,-0.3940088755565541,1.0457751962612947,-0.3897640228908427,-0.06465335226556533
-0.018157711809724496,-0.01740152916105365,0.0,0.04848956496333024,-0.20488777727476398,0.05123536406208366,0.003644890337281503
-0.01729985422151399,-0.01912596385168385,0.0,0.008188528920327382,-0.06891415259316537,-0.02520512817894344,-0.035687796870713925
-0.01729985422151399,-0.01912596385168385,0.0,0.008188528920327382,-0.06891415259316537,-0.02520512817894344,-0.035687796870713925
-0.01596306857672667,-0.018370964125574873,0.0,0.01984753929669711,-0.026603429881998066,-0.08767896467634433,-0.03414222288387192
-0.017443730728962745,-0.021369932466108424,0.0,-0.05501706273858717,-0.48039816201609753,0.026214411140997523,0.44491261112290165
-0.03556977438979337,-0.026533864201332587,0.0,0.0027522374749380024,-0.18203579044666673,-0.05990540903983912,0.1295096043196876
-0.03605622403968496,-0.03204143749541641,0.0,0.011882962923052303,-0.25095954016018146,-0.04387254037299498,0.17942546967725664
-0.01729985422151399,-0.01912596385168385,0.0,0.008188528920327382,-0.06891415259316537,-0.02520512817894344,-0.035687796870713925
-0.017050305795971627,-0.01911354282969484,0.0,0.00022920768212936223,-0.10101429638239252,-0.01541272527751396,-0.02384268765141353
-0.018604663385270483,-0.01727279184511604,0.0,-0.23542039997715533,1.0349342058770046,-0.3861765718353024,-0.35504248044568215
-0.017666204594300676,-0.018859064112584274,0.0,-0.003445793415785334,-0.0697308477196289,-0.05689643399180481,0.0046677534422530035
-0.04997199391438589,-0.015037310344391796,0.0,0.0002382746373288445,-0.07060317990670394,-0.04498160997920718,0.013598727992315162
-0.015150702142792197,-0.02360101267121902,0.0,-0.06327113637273267,-0.2737170413878634,-0.17413839724355,0.4677667166531655
-0.01729985422151399,-0.01912596385168385,0.0,0.007305660066099002,-0.06971787066763419,-0.017366994446370403,-0.03926135480275486
-0.007492936354061703,-0.013166818734153443,0.0,-0.03607778357553312,1.1523084599339117,-0.5843192520054046,-0.4014612772797277
-0.017223954896842003,-0.017254216299341655,0.0,0.05021743143881565,-0.12683264772524336,0.01337663818354523,-0.018899025338701903
-0.04632163167016785,-0.032035334265428504,0.0,0.011386079441185406,-0.253806224681254,-0.06772643988237867,0.22124562809458706
-0.04682266503045331,-0.03208692692424164,0.0,0.011609439751887404,-0.2543670381536811,-0.06856220820793602,0.22522922289694333
-0.01582917002270262,-0.019213044067856514,0.0,0.0038867912124539356,-0.029603334643755058,-0.09233299397815363,0.0068849874381656595
-0.016078457458585355,-0.01598343589090149,0.0,0.029039978459767253,-0.050989037107208646,-0.04435578816454036,-0.05763621955738334
-0.017627156318749705,-0.017203064360769467,0.0,-0.19795229981756401,0.9518815990495059,-0.05126324026698381,-0.5383544299697695
-0.016078457458585355,-0.01598343589090149,0.0,0.029490159581458647,-0.05099958587114916,-0.04365788746329005,-0.05653948445031275
-0.015144286748816104,-0.016953900381406848,0.0,0.297582358499825,-0.5284104898436928,2.190002086592888,-2.074709159292952
-0.017846580654210808,-0.016915665572326793,0.0,0.03741240092683213,-0.06844424095460812,-0.02044616732308169,-0.05511702144029177
-0.017752395253950136,-0.01819774433786144,0.0,0.006079161052261245,-0.25054117943804166,0.8456048273809708,-0.727613219753396
-0.01796567523735006,-0.026942407012535415,0.0,0.021457518647939343,-0.1235083540028926,0.004361285772402648,-0.03597371954270068
-0.01729985422151399,-0.01912596385168385,0.0,0.008188528920327382,-0.06891415259316537,-0.02520512817894344,-0.035687796870713925
-0.017221629057259703,-0.01598343589090149,0.0,0.02548513155839832,-0.061487011086261444,-0.051573654016316965,-0.057984955747975915
-0.007266453744538808,-0.013203183579701868,0.0,0.07547308562419779,1.1170010513268311,-0.8647977628021767,-0.3846865249296586
-0.04632163167016785,-0.032035334265428504,0.0,0.01099869379561237,-0.25381253186523706,-0.0683654641537749,0.22124562809458706
-0.01930105375138229,-0.020685161074182397,0.0,-0.23176951958705866,1.0279082006482714,-0.19716537235742204,-0.37938419459747513
-0.015896491426098114,-0.018377092267910556,0.0,0.017814633149334003,-0.04621676451251276,-0.07329963570572448,-0.03194931367859319
-0.017487218807104285,-0.016940569671239882,0.0,0.038033212333432306,-0.09442038337311383,-0.007216071925670711,-0.008030496843511523
-0.017666204594300676,-0.018859064112584274,0.0,0.0036822381865806633,-0.06509089747743102,-0.04341673815764738,-0.019085259272703332
-0.03212610810554655,-0.021693128927125046,0.0,0.004982817321584792,-0.08900700579539968,-0.08409487800199425,0.05235033362219578
-0.017602539681659927,-0.019647991087962904,0.0,0.011389609331226496,-0.12919741479664842,-0.03458561788996498,0.022759904781559342
-0.012098187990096815,-0.013803497310613892,0.0,0.14458874174866423,1.2863681391445991,-0.9593076893910725,-0.11728534189716817
-0.046323329531165164,-0.032093030154229554,0.0,0.012106557211140566,-0.26408316422738104,-0.05832586023738135,0.2188466863379611
-0.02037180872868916,-0.020274448628164358,0.0,0.005454404201582504,-0.07908285918543265,-0.054955592844210074,-0.00034923573610387906
-0.012418398278804447,-0.014436833356587781,0.0,0.11225332687156983,1.1890912842798944,-0.8811433246153253,-0.20437334397348864
-0.03451169511652668,-0.02728011771434746,0.0,0.005614535724560598,-0.07224784749605752,-0.14070402706726773,0.2123470885359874
-0.017477304070200865,-0.018136421132508067,0.0,0.015208607679487372,-0.03421229820838962,-0.07010994061690998,-0.04279329353544852
-0.07341409508844662,-0.031342825297315975,0.0,-0.00915390230349105,-0.20012958170185136,-0.11123408693124401,0.2527610397235241
-0.017404733894971516,-0.0192597817279595,0.0,-0.4053276117155602,-0.44420669408313845,1.5189465445800159,-0.7928279909181121
-0.006947234319273789,-0.01257942231984001,0.0,-0.017867642935377223,1.0892677924653227,-0.7395013994634472,-0.4004151492293056
-0.007492936354061703,-0.013166818734153443,0.0,-0.017300720551044892,1.2329985951247806,-0.5522922515260521,-0.2987916922679773
-0.007492936354061703,-0.013166818734153443,0.0,-0.03607778357553312,1.1523084599339117,-0.5843192520054046,-0.4014612772797277
-0.016786455239151912,-0.018153691366602158,0.0,-0.0014985960730193356,-0.04650979509471112,-0.06074264114299644,-0.03322741198902766
-0.009150106944923896,-0.013203183579701868,0.0,0.1128516627437196,1.1149817211511202,-1.0406988254245784,-0.3203774107617633
-0.0173317034684835,-0.019422682962010232,0.0,0.05442851829063868,0.08113505699764145,-0.2029331204199811,-0.013910633763043022
-0.011485724475474881,-0.013691593668979183,0.0,0.14456868412288298,1.2810037490698192,-0.9783355247475916,-0.1439235739017179
-0.014742598518992673,-0.019168826886537763,0.0,0.025334039057303488,-0.15123827124595507,0.026315570261689396,-0.020227817202188456
-0.0744874775443162,-0.034445109536484046,0.0,0.012401742768628045,-0.2648378621994085,-0.09795009494332674,0.28603331320761066
-0.018228042630064466,-0.019087854030192655,0.0,-0.008522844980578155,-0.11545951978331408,0.017209798645614872,-0.02591288467702838
-0.012423564094711957,-0.021700791194801415,0.0,-0.0012768697294005267,-0.05975176680561374,-0.011437510614546627,-0.05594310011680058
-0.017606286648474637,-0.019647991087962904,0.0,0.015682700137104124,-0.18701259019058927,0.014756664722715588,0.03985700816675154
-0.018197474103260978,-0.019251893589664174,0.0,0.003445320792999423,-0.1151888642042383,0.014469359407770648,-0.026759932758698944
-0.01930105375138229,-0.01727279184511604,0.0,-0.2324143670609399,1.0284860444049648,-0.20226576241776137,-0.38194843076413926
-0.017487218807104285,-0.017176929582398283,0.0,0.03753945206138332,-0.09669455309070767,-0.012335516843807147,-0.007499688858882536
-0.016188531869809147,-0.019424739075178152,0.0,0.0007042324871418679,-0.043481914365148054,-0.09056538193635143,0.0032852771550515715
-0.017679899738498296,-0.018859064112584274,0.0,-0.011477865077013783,-0.08795563433468793,-0.008820365360385418,-0.01533534530017336
-0.02985248150072888,-0.02178670616426773,0.0,0.3513341754425289,-1.3376165054027531,2.161477923945754,-1.239491333920305
-0.03472594184607538,-0.03204143749541641,0.0,0.011292042059775608,-0.22870787557029726,-0.032850990145609736,0.1510580389883769
-0.018604663385270483,-0.017331982716640857,0.0,-0.2308619671359161,1.0384042308078725,-0.40930313968097976,-0.3560419577782079
-0.017659216068620514,-0.018891420858617045,0.0,0.008188528920327382,-0.06891415259316537,-0.018995803915877314,-0.037045530949507514
-0.012418398278804447,-0.014436833356587781,0.0,0.11225332687156983,1.1890912842798944,-0.8811433246153253,-0.20437334397348864
-0.017487218807104285,-0.016940569671239882,0.0,0.03809519588029973,-0.0897977629336741,-0.01335301456880397,-0.015699750585993176
-0.0308995042385093,-0.02204986571814493,0.0,-0.006095350879004206,-0.16335634989858053,-0.1371471878427322,0.16879256903538228
-0.017487218807104285,-0.016940569671239882,0.0,0.038033212333432306,-0.09442038337311383,-0.007216071925670711,-0.008030496843511523
-0.020281143655464583,-0.02280923100887733,0.0,0.06901904915832378,0.09332890820964172,-0.19527891925478813,-0.06662441511602549
-0.018604663385270483,-0.01727279184511604,0.0,-0.22141465631407403,1.029302431459984,-0.22735905028980977,-0.3616205207277915
-0.032180515398218174,-0.02749294803586055,0.0,-0.010654998628622115,-0.16742863170045874,-0.04629995767528406,0.11837379096447286
-0.03132461992241233,-0.02065984485410334,0.0,0.02777631037435108,-0.0833466906993218,-0.20019050299761884,0.0736441849407728
-0.007530365132740077,-0.013166818734153443,0.0,-0.04580883551614473,1.16805948936925,-0.5965705006893149,-0.36171717426483246
-0.04524994707529561,-0.03055759261302029,0.0,-0.008716140052688543,-0.19343064514597927,-0.07692303652836682,0.18718688375919382
-0.033250502132093095,-0.024860485607802775,0.0,0.0001753861152973335,-0.17857479046111846,-0.04311818231305963,0.11178498889488135
-0.010103064241615684,-0.012005285486097446,0.0,0.6240436117495202,1.709043171068525,-0.6629702921796405,0.00043364797202423064
-0.03278235610041727,-0.02728011771434746,0.0,0.004624662123893623,-0.09203771212627015,-0.06396176229165042,0.06836889795585618
-0.03325219999309041,-0.029043651137521123,0.0,0.011142955733491835,-0.2215472333284802,-0.045056854853062066,0.1485334999585495
-0.033250502132093095,-0.024860485607802775,0.0,0.0001753861152973335,-0.17857479046111846,-0.04311818231305963,0.11178498889488135
-0.03325219999309041,-0.029043651137521123,0.0,0.011806038011478974,-0.22232701726274667,-0.043545721864304436,0.14637578755883732
-0.024948201749323277,-0.02089732796100937,0.0,0.03412148109509482,-0.06047371914529727,-0.06930428261136624,-0.013430285433470017
-0.018604663385270483,-0.01727279184511604,0.0,-0.2317425014549435,1.0361383961426678,-0.24298768577150598,-0.3832553454291774
-0.017627156318749705,-0.017203064360769467,0.0,-0.20230904626044685,0.9438844023919566,-0.23330792139895629,-0.5478383419499598
-0.010315284852447761,-0.017874162489059243,0.0,0.02281759547913826,-0.033572451175151695,-0.020148015608696127,-0.08247181397487242
-0.011757572375153942,-0.016351376085115436,0.0,-0.053816443079665495,-0.28047603174533325,0.9862689642125414,-0.8466567693970652
-0.01930105375138229,-0.020615433589835825,0.0,-0.22737329929482825,0.9796994098351376,-0.10777476290991181,-0.5745137111859285
-0.017666204594300676,-0.018859064112584274,0.0,-0.0009756913174249063,-0.07442091719004983,-0.05117915444873747,0.0047207721346269205
-0.01095894929608905,-0.01699931084006195,0.0,0.04321349725685404,-0.1025409082886236,0.041763764044997195,-0.06799011846947481
-0.018321952166645217,-0.0192597817279595,0.0,-0.49051234502093205,-0.5148815610451778,1.7149628301759852,-0.8631699773637806
-0.01670507146582739,-0.01583098143544064,0.0,-0.00305790140254381,-0.5730185161519556,0.06481848128693235,0.4473320595368484
-0.023655146508444365,-0.0180649410557576,0.0,0.3855201031286741,-0.13397996730417608,0.3000909328184545,-0.02521116673752218
-0.017659216068620514,-0.01912596385168385,0.0,0.008188528920327382,-0.06891415259316537,-0.017644248864724096,-0.03706427768930828
-0.018604663385270483,-0.017203064360769467,0.0,-0.22568319281116458,0.9788523907619907,-0.16213834894717902,-0.5877833917279159
-0.038417737316406554,-0.026050868737305725,0.0,0.016554344300265197,-0.12551031626037823,0.0019566306431585767,0.06562326871403852
-0.026512483245636435,-0.019686251999232303,0.0,0.0073283595476448795,-0.12208526462409461,-0.07461968349058466,0.06604607462402429
-0.009354944855540441,-0.019163475065106662,0.0,-0.007374120904979439,-0.042386099637104956,-0.047119604051975295,-0.06006603276540689
-0.017659216068620514,-0.018891420858617045,0.0,0.008188528920327382,-0.06891415259316537,-0.018995803915877314,-0.037045530949507514
-0.02651418110663375,-0.019692355229220217,0.0,0.007613171166207563,-0.13237783122342042,-0.05623615912102723,0.060593902341289765
-0.012060603930782128,-0.016249168537793426,0.0,0.04002347834186599,-0.09428758827371718,0.02666183862975504,-0.05857784415878325
-0.07448577968331888,-0.034439006306496135,0.0,0.011517311331754565,-0.261751757013903,-0.10300296375595251,0.2914715052804659
-0.026512483245636435,-0.019686251999232303,0.0,0.007715745193217916,-0.1220789574401116,-0.07398065921918844,0.06604607462402429
-0.017659216068620514,-0.01912596385168385,0.0,0.008188528920327382,-0.06891415259316537,-0.017644248864724096,-0.03706427768930828
-0.014841168926232818,-0.01543127920693047,0.0,-0.01721692666311097,0.05522237923528666,-0.17549337063428785,-0.023381714236657476
-0.0173317034684835,-0.019422682962010232,0.0,0.05442851829063868,0.08113505699764145,-0.2029331204199811,-0.013910633763043022
-0.03241038540053244,-0.021760890197691684,0.0,0.015237305428726597,-0.25805415584310537,0.45282447677219534,-0.24110860878576454
-0.01154994315907416,-0.013707562172465198,0.0,0.14458094611908584,1.2851776920606808,-0.9559972802974076,-0.12120418579724636
-0.017627156318749705,-0.017203064360769467,0.0,-0.20230904626044685,0.9438844023919566,-0.23330792139895629,-0.5478383419499598
-0.03325219999309041,-0.029043651137521123,0.0,0.011303674424059358,-0.22886085465180134,-0.033946158959391994,0.15108292711069954
-0.017487218807104285,-0.016940569671239882,0.0,0.03809519588029973,-0.0897977629336741,-0.01335301456880397,-0.015699750585993176
-0.07341409508844662,-0.031342825297315975,0.0,-0.00915390230349105,-0.20012958170185136,-0.11123408693124401,0.2527610397235241
-0.00935367166237484,-0.019422682962010232,0.0,-0.026466211593580084,-0.03993256895179651,-0.021059724069585117,-0.045518941058051
-0.017477304070200865,-0.018136421132508067,0.0,0.015725453951898734,-0.031399479014840255,-0.07179314476397852,-0.04553250006088105
-0.02969211250336431,-0.01434672883534428,0.0,0.009875889270105654,-0.14772583044973267,-0.06455462561268673,0.07287225189693569
-0.018604663385270483,-0.01727279184511604,0.0,-0.2317425014549435,1.0361383961426678,-0.24298768577150598,-0.3832553454291774
-0.018604663385270483,-0.01727279184511604,0.0,-0.2317425014549435,1.0361383961426678,-0.24298768577150598,-0.3832553454291774
-0.007266453744538808,-0.013203183579701868,0.0,0.07547308562419779,1.1170010513268311,-0.8647977628021767,-0.3846865249296586
-0.012418398278804447,-0.014436833356587781,0.0,0.1067008660402017,1.1849118752618082,-0.8882676758975676,-0.31878340642956515
-0.007266453744538808,-0.013203183579701868,0.0,0.08770504839004378,1.1285300110740608,-0.9574978560502175,-0.3823179614033355
-0.012418398278804447,-0.014498270983610364,0.0,0.12572109057115705,1.2194127356306228,-0.9455332729499903,-0.2775326371379502
-0.020281143655464583,-0.024750393364993455,0.0,0.06874667187913813,0.09169757136039718,-0.18400500588364296,-0.08091917307124041
-0.016972341621376976,-0.01944758706092332,0.0,0.05305673413730052,0.0974812725533383,-0.25648416507199956,0.006294851559785386
-0.009190826100463597,-0.016067081158636646,0.0,0.03375361672419996,-0.08760125970049971,0.020882256329853674,-0.0700982912103856
-0.016188531869809147,-0.019422682962010232,0.0,0.0011200707021544343,-0.03646153440120703,-0.05218511506902665,-0.05810628667244976
-0.01285079111283868,-0.011783725734072522,0.0,-0.12080150659048504,1.1091566130707569,-0.08860342803637408,-0.02315337132261813
-0.020281143655464583,-0.024750393364993455,0.0,0.06874667187913813,0.09169757136039718,-0.18400500588364296,-0.08091917307124041
-0.014865437975756174,-0.021629140363011994,0.0,0.006783507010885218,-0.06534504079298302,-0.017188558765737234,-0.03449029128638539
-0.016322430423833197,-0.018370964125574873,0.0,0.01984753929669711,-0.026603429881998066,-0.08011808536212496,-0.03551870370246627
-0.007492936354061703,-0.013166818734153443,0.0,-0.03607778357553312,1.1523084599339117,-0.5843192520054046,-0.4014612772797277
-0.017477304070200865,-0.018541943636469542,0.0,0.004833623223846899,-0.02162101668203068,-0.07490502782686942,-0.044529506754822486
-0.016078457458585355,-0.01598343589090149,0.0,0.029039978459767253,-0.050989037107208646,-0.04435578816454036,-0.05763621955738334
-0.033250502132093095,-0.024860485607802775,0.0,0.0001753861152973335,-0.17857479046111846,-0.04311818231305963,0.11178498889488135
-0.02215533565309544,-0.022414321119724568,0.0,-0.09735895305493823,0.27426908922383025,-0.7962047049459429,0.4474984639392642
-0.04632163167016785,-0.03203335032580728,0.0,0.01090027900950343,-0.253568009568331,-0.06481049571003668,0.21580516491544385
-0.018228042630064466,-0.019087854030192655,0.0,0.0033657004006440337,-0.11316216142893679,-0.0022750957727162248,-0.02033168131399514
-0.017659216068620514,-0.01912596385168385,0.0,0.006868911919636622,-0.0664155834450839,-0.019102073311837147,-0.032937655408025485
-0.017477304070200865,-0.018136421132508067,0.0,0.015725453951898734,-0.031399479014840255,-0.07179314476397852,-0.04553250006088105
-0.032180515398218174,-0.024180089647802546,0.0,-0.0015809478079529453,-0.15832169097924761,-0.05763701966319715,0.09993585135106421
-0.009354944855540441,-0.019163475065106662,0.0,-0.027697413896035743,-0.05319129120796751,-0.0106360878841287,-0.07003568324633146
-0.01095894929608905,-0.01699931084006195,0.0,0.057474173285265676,-0.08667111188331457,-0.006525143131632705,-0.04857777276341961
-0.015150702142792197,-0.02360101267121902,0.0,-0.016986973182677487,0.06394007782719205,-0.20729614564824084,0.03876439172975977
-0.017602539681659927,-0.019647991087962904,0.0,0.011389609331226496,-0.12788273587750024,-0.039507881851403234,0.027087586857274384
-0.018604663385270483,-0.01727279184511604,0.0,-0.23542039997715533,1.0349342058770046,-0.3861765718353024,-0.35504248044568215
-0.011485724475474881,-0.013691593668979183,0.0,0.14456868412288298,1.2810037490698192,-0.9783355247475916,-0.1439235739017179
-0.00935367166237484,-0.019422682962010232,0.0,-0.027894950585804094,-0.04124119918549307,-0.013654285610513121,-0.04413475393469545
-0.017846580654210808,-0.016915665572326793,0.0,0.03741240092683213,-0.06844424095460812,-0.02044616732308169,-0.05511702144029177
-0.04682436289145063,-0.032093030154229554,0.0,0.012106485543187847,-0.2640668981280933,-0.05821546670680194,0.2197770506142088
-0.01582917002270262,-0.01944758706092332,0.0,0.005278075470038168,-0.027991908638506355,-0.09135039123181087,0.006719698787777968
-0.05722947096376581,-0.03681766075094231,0.0,-0.008794536305571074,-0.1819708294684553,-0.0715480557668099,0.1848314957560914
-0.012422290901546356,-0.021959999091704985,0.0,-0.01141141970053173,-0.05904453208239137,0.010962126274204094,-0.058119789377013197
-0.0308995042385093,-0.020848618534621974,0.0,0.06794565669964045,-0.3869064294480132,-1.67346966913345,2.041324865972333
-0.04632163167016785,-0.032035334265428504,0.0,0.01099869379561237,-0.25381253186523706,-0.0683654641537749,0.22124562809458706
-0.07341409508844662,-0.032909671995274774,0.0,-0.008710188475036323,-0.20014243043792262,-0.11091561192673348,0.2543739693544482
-0.016699947271320754,-0.017826491682828037,0.0,-0.28363411232976043,-0.21268521309927307,1.1536364885495765,-0.7097476471889276
-0.016972341621376976,-0.019213044067856514,0.0,0.05305673413730052,0.0974812725533383,-0.2578357201231528,0.006821570126714376
-0.032147898132020035,-0.021760890197691684,0.0,0.01574431587628759,-0.25645392574129605,0.4483769747151765,-0.23900840222747696
-0.017666204594300676,-0.018859064112584274,0.0,-0.003445793415785334,-0.07104552663877706,-0.05197417003036659,0.0003400713665379458
-0.0340960325368084,-0.023532290404590844,0.0,0.0026523647486116036,-0.18224580175042193,-0.057710338340207536,0.124094029262867
-0.012423564094711957,-0.021700791194801415,0.0,-0.0012768697294005267,-0.05975176680561374,-0.011437510614546627,-0.05594310011680058
-0.01833879656732675,-0.022414321119724568,0.0,0.06520259661569404,0.12246622012531087,-0.23604854127394967,0.13308139245168613
-0.017315215629285497,-0.0188611821045776,0.0,0.014065298382462595,-0.06843825306400553,-0.009781334379634701,-0.06911162434197093
-0.01782458142834593,-0.025375097544386608,0.0,0.0072667630441828855,-0.14934688830710519,0.072425699298767,-0.05253607411130578
-0.018248670479681733,-0.016953900381406848,0.0,0.1765391462331444,-0.6312230212264613,2.5165907796719416,-2.1994481455296473
-0.012418398278804447,-0.014436833356587781,0.0,0.11075344410942972,1.1822037259498421,-0.8836063166018808,-0.2136877607097626
-0.017659216068620514,-0.018891420858617045,0.0,0.008188528920327382,-0.06891415259316537,-0.018995803915877314,-0.037045530949507514
-0.01766450673330336,-0.018854119856072323,0.0,0.0015566474075915094,-0.07447827731639321,-0.0528269511912184,0.005893832965383742
-0.017666204594300676,-0.018859064112584274,0.0,-0.003445793415785334,-0.0697308477196289,-0.05689643399180481,0.0046677534422530035
-0.02969211250336431,-0.01434672883534428,0.0,0.009875889270105654,-0.14772583044973267,-0.06455462561268673,0.07287225189693569
-0.01930105375138229,-0.020615433589835825,0.0,-0.23007076491330156,0.992730834385151,-0.09033804017243052,-0.5155281069361813
-0.03451169511652668,-0.021779825174646546,0.0,0.23199899444362723,0.2083019599166557,-1.7370335065668991,2.269749829467802
-0.017050305795971627,-0.01911354282969484,0.0,-1.46890783633215e-05,-0.10442751017304557,-0.009950859096840802,-0.02384268765141353
-0.01766450673330336,-0.018854119856072323,0.0,-0.0003903515737282231,-0.0744782260775257,-0.05105435873463998,0.004761185031475976
-0.017666204594300676,-0.018859064112584274,0.0,-0.003445793415785334,-0.0697308477196289,-0.05689643399180481,0.0046677534422530035
-0.017487218807104285,-0.016940569671239882,0.0,0.03809519588029973,-0.0897977629336741,-0.01335301456880397,-0.015699750585993176
3.8993664275581543,3.0304674016247226,0.0,0.3633836329637603,0.44472457542333926,1.8618508220590626,2.2977923421694104
-0.017050305795971627,-0.01911354282969484,0.0,-1.46890783633215e-05,-0.10442751017304557,-0.009950859096840802,-0.02384268765141353
-0.015144286748816104,-0.016953900381406848,0.0,0.3680175263502742,-0.4834499241710187,1.657332591786685,-1.644304931842384
-0.0173317034684835,-0.019422682962010232,0.0,0.048428088210126445,0.08903702809314652,-0.2176006498639159,-0.05839115114080293
-0.02045876279554734,-0.01964188785797499,0.0,0.00983931259970357,-0.12877805186839428,-0.044737486996871516,0.03383709253388933
-0.037635540114778245,-0.026050868737305725,0.0,0.02923636076478984,-0.08459856280208684,-0.12241884579808236,0.2408847631748921
-0.046293906138126006,-0.02209631932752154,0.0,0.009571206659296496,-0.13069525637859775,-0.020517262687938454,0.03972094549001533
-0.016492519551376223,-0.015998413582429424,0.0,0.045290886565984144,-0.16335815169882156,0.08756269409489138,-0.0461113570714659
-0.012098187990096815,-0.013803497310613892,0.0,0.14458874174866423,1.2863681391445991,-0.9593076893910725,-0.11728534189716817
-0.017050305795971627,-0.01911354282969484,0.0,-1.46890783633215e-05,-0.10442751017304557,-0.009950859096840802,-0.02384268765141353
-0.05371160529590835,-0.03208692692424164,0.0,0.011517977725655054,-0.25351647417493683,-0.069796885689659,0.22714310554599287
-0.016322430423833197,-0.018616969916103718,0.0,0.019214424894855826,-0.025805846457713544,-0.09119155550237097,-0.032472095374386556
-0.018897789261874142,-0.021959999091704985,0.0,0.010823826734464255,-0.06829042122771538,0.002725920267953349,-0.018911547622333554
-0.017627156318749705,-0.017203064360769467,0.0,-0.20211882708518028,0.9419965793378842,-0.22710531620313767,-0.5476989415543608
-0.006947234319273789,-0.01257942231984001,0.0,-0.017867642935377223,1.0892677924653227,-0.7395013994634472,-0.4004151492293056
-0.017659216068620514,-0.019101059752770762,0.0,0.004978109961988263,-0.06565566373233024,-0.025884091384739467,-0.03750770063852437
-0.01766450673330336,-0.018854119856072323,0.0,-0.0003903515737282231,-0.0744782260775257,-0.05105435873463998,0.004761185031475976
-0.018604663385270483,-0.01727279184511604,0.0,-0.2318014080676722,1.0501350528745235,-0.24059496044146214,-0.3759584334034043
-0.03218760825233777,-0.02420098798220679,0.0,0.13156723968699527,-0.28633788814544575,-0.055013466817480074,0.15334578199577775
-0.017627156318749705,-0.017203064360769467,0.0,-0.1935488968508972,0.9485714546865504,-0.2261017916452439,-0.5740021221894277
-0.017337704564467694,-0.0254295642719668,0.0,0.007554131409456216,-0.15670758642852292,0.06941676268692758,-0.05165591989849957
-0.017659216068620514,-0.018891420858617045,0.0,0.008188528920327382,-0.06891415259316537,-0.018995803915877314,-0.037045530949507514
-0.01729985422151399,-0.01912596385168385,0.0,0.007305660066099002,-0.06873619294061609,-0.01976903073434053,-0.03539563473504697
-0.01782458142834593,-0.025375097544386608,0.0,0.005829409077491621,-0.15423819769774463,0.07255015094676054,-0.054347060398210974
-0.018604663385270483,-0.01727279184511604,0.0,-0.22141465631407403,1.029302431459984,-0.22735905028980977,-0.3616205207277915
-0.046293906138126006,-0.02209631932752154,0.0,0.009571206659296496,-0.13069525637859775,-0.020517262687938454,0.03972094549001533
-0.018604663385270483,-0.01727279184511604,0.0,-0.2317425014549435,1.0361383961426678,-0.24298768577150598,-0.3832553454291774
-0.03325219999309041,-0.029043651137521123,0.0,0.010543335915181038,-0.22875369474230056,-0.03172619929613041,0.14851951974867025
-0.01410570670561841,-0.02369795443741557,0.0,0.016651354005910408,-0.04291464834054302,-0.09319798500151229,0.009142919436146379
-0.014938150228341029,-0.02360101267121902,0.0,0.030529220275446117,0.03711397481056977,-0.16520965363081566,0.03210610475378563
-0.017221629057259703,-0.01598343589090149,0.0,0.02938859414440983,-0.05361035813174788,-0.03756260521957254,-0.060670375768681166
-0.0173317034684835,-0.019422682962010232,0.0,0.05184495149245204,0.07693794700866204,-0.2167343885361712,-0.020145093051869754
-0.009354944855540441,-0.019422682962010232,0.0,-0.024588073928759432,-0.03902226608531072,-0.0169123575724361,-0.05173690070394995
-0.03451169511652668,-0.02728011771434746,0.0,0.005614535724560598,-0.07224784749605752,-0.14070402706726773,0.2123470885359874
-0.006947234319273789,-0.01257942231984001,0.0,-0.017867642935377223,1.0892677924653227,-0.7395013994634472,-0.4004151492293056
-0.017050305795971627,-0.01911354282969484,0.0,-1.46890783633215e-05,-0.10442751017304557,-0.009950859096840802,-0.02384268765141353
-0.018248670479681733,-0.01695262892325427,0.0,-0.054720942902376966,-0.34889157074466604,1.0190242057366354,-0.7717257040669063
-0.017627156318749705,-0.012637651461280111,0.0,1.6187098896257741,3.3779938507507334,1.9388689760239988,2.5589181526982783
-0.03325219999309041,-0.029043651137521123,0.0,0.011303674424059358,-0.22886085465180134,-0.033946158959391994,0.15108292711069954
-0.01930105375138229,-0.020615433589835825,0.0,-0.22737329929482825,0.9796994098351376,-0.10777476290991181,-0.5745137111859285
-0.04632163167016785,-0.03208692692424164,0.0,0.011609511419840126,-0.25438330425296884,-0.06867260173851542,0.22429885862069562
-0.046323329531165164,-0.032093030154229554,0.0,0.01150693739282978,-0.26468217803627775,-0.05092810164035414,0.2188466863379611
-0.015756383312356268,-0.017093749393811624,0.0,-0.038779338195328694,0.05537013353000726,-0.14635253458526087,-0.005443463359058648
-0.022131083674985962,-0.023503388470580665,0.0,0.024423261169151354,-0.070867972093188,-0.007241406577608088,-0.037227105436871584
-0.014865437975756174,-0.021629140363011994,0.0,0.00616598722970687,-0.06500664565692427,-0.0182294725318866,-0.03450804773600561
-0.07341579294944395,-0.031329864024276545,0.0,-0.012386542634883533,-0.20821710613145855,-0.09660795504571996,0.251573998682888
-0.015896491426098114,-0.018377092267910556,0.0,0.019567982929642166,-0.0459230396564857,-0.07408674358502317,-0.033053496054245936
-0.07448577968331888,-0.034439006306496135,0.0,0.011517311331754565,-0.261751757013903,-0.10300296375595251,0.2914715052804659
-0.017627156318749705,-0.017203064360769467,0.0,-0.20230904626044685,0.9438844023919566,-0.23330792139895629,-0.5478383419499598
-0.016078457458585355,-0.01598343589090149,0.0,0.029490159581458647,-0.05099958587114916,-0.04365788746329005,-0.05653948445031275
-0.017487218807104285,-0.016940569671239882,0.0,0.03809519588029973,-0.0897977629336741,-0.01335301456880397,-0.015699750585993176
-0.03159631392827394,-0.023136607715141647,0.0,0.012263769121570981,-0.11556660174448936,-0.07612690221265417,0.06479346978239733
-0.017602539681659927,-0.019647991087962904,0.0,0.011389609331226496,-0.12919741479664842,-0.03458561788996498,0.022759904781559342
-0.036087773917436096,-0.02728011771434746,0.0,0.007831147288154948,-0.09966770075028598,0.0029627408153090127,0.043345720565226446
-0.017602539681659927,-0.019647991087962904,0.0,0.010862069703744356,-0.13401587194960213,-0.03190774565568608,0.02662844431887083
-0.017659216068620514,-0.01912596385168385,0.0,0.008188528920327382,-0.06891415259316537,-0.017644248864724096,-0.03706427768930828
-0.010955428473700487,-0.016915665572326793,0.0,0.07838827849701101,-0.06774300004330246,0.06459445338434093,0.0017118199323364188
-0.018897789261874142,-0.021750360197551267,0.0,0.006748991786560851,-0.06894604163904358,-0.01119880436282432,-0.013491745186873093
-0.017606286648474637,-0.019647991087962904,0.0,0.015682700137104124,-0.18701259019058927,0.014756664722715588,0.03985700816675154
-0.01677168047793784,-0.01911354282969484,0.0,2.7907011314904064e-05,-0.10522707971100562,-0.009950859096840802,-0.025660283627479248
-0.017477304070200865,-0.018541943636469542,0.0,0.004833623223846899,-0.02162101668203068,-0.07490502782686942,-0.044529506754822486
-0.016322430423833197,-0.018136421132508067,0.0,0.01984753929669711,-0.026603429881998066,-0.08146964041327819,-0.03549995696266551
-0.017659216068620514,-0.01912596385168385,0.0,0.006868911919636622,-0.0664155834450839,-0.019102073311837147,-0.032937655408025485
-0.016492519551376223,-0.015914626703175797,0.0,0.022630781557700423,-0.14732762641139205,0.04517745723124773,-0.05511196440119392
-0.017477304070200865,-0.018346060026661785,0.0,0.025373215438476905,-0.03375895710630288,-0.06794980800498851,-0.05155451223881998
-0.010955428473700487,-0.016915665572326793,0.0,0.07838827849701101,-0.06774300004330246,0.06459445338434093,0.0017118199323364188
-0.017050305795971627,-0.01911354282969484,0.0,-1.46890783633215e-05,-0.10442751017304557,-0.009950859096840802,-0.02384268765141353
-0.007266453744538808,-0.013203183579701868,0.0,0.08770504839004378,1.1285300110740608,-0.9574978560502175,-0.3823179614033355
-0.018214327145344548,-0.019106403194517348,0.0,0.016072276720990288,-0.10120641066884907,-0.000896972958738207,-0.03553542382548094
-0.017666204594300676,-0.018859064112584274,0.0,0.0014565758239449536,-0.07655419312924501,-0.04248733845137324,-0.016007931645437786
-0.010955428473700487,-0.016915665572326793,0.0,0.07838827849701101,-0.06774300004330246,0.06459445338434093,0.0017118199323364188
-0.033250502132093095,-0.024859267659131344,0.0,-0.00010077904574266205,-0.17832007476113734,-0.043291712337956666,0.11174537670618882
-0.032180515398218174,-0.024180089647802546,0.0,-0.002180567626263737,-0.16552815239306792,-0.04430636410626545,0.09992187114118496
-0.016699947271320754,-0.017826491682828037,0.0,-0.28363411232976043,-0.21268521309927307,1.1536364885495765,-0.7097476471889276
-0.01930105375138229,-0.020615433589835825,0.0,-0.226831931162159,0.9905921303628912,-0.10101184420234219,-0.5763713495619356
-0.04524994707529561,-0.03055759261302029,0.0,-0.008716140052688543,-0.19343064514597927,-0.07692303652836682,0.18718688375919382
-0.010324519672820467,-0.01598343589090149,0.0,0.02938859414440983,-0.048843590393406563,-0.03756260521957254,-0.06871432452210387
-0.04632163167016785,-0.03203335032580728,0.0,0.01090027900950343,-0.253568009568331,-0.06481049571003668,0.21580516491544385
-0.019159116592973806,-0.022325422067029716,0.0,0.011710537395328126,-0.15054468370320714,-0.02465672064201371,0.03114894057812883
-0.00744842657434001,-0.013002779174681924,0.0,-0.02358260621082485,1.1784530055870692,-0.601361748802917,-0.3643158876956829
-0.07448577968331888,-0.03287215960853734,0.0,0.011517329105397925,-0.261750808858906,-0.10312934578418817,0.2898585756495418
-0.07448577968331888,-0.034439006306496135,0.0,0.011517311331754565,-0.261751757013903,-0.10300296375595251,0.2914715052804659
-0.010498116454214789,-0.019163475065106662,0.0,0.037182284905999216,0.08678447553458495,-0.22041086884754685,-0.06384744481538188
-0.017602539681659927,-0.019647991087962904,0.0,0.010862904259782796,-0.14115781988787843,-0.023971823150666455,0.026929714016147493
-0.017846580654210808,-0.016940569671239882,0.0,0.037823677355868064,-0.09433198738410589,-0.0034993653963159193,-0.009853727534996437
-0.031826306914369794,-0.020287409901203788,0.0,0.005012613572705939,-0.08127256671189874,-0.0517228828175032,0.01862798506383331
-0.0346518427105593,-0.02728011771434746,0.0,0.005905871835657897,-0.10372338682168224,-0.15635902911097815,0.17350064373679572
-0.017477304070200865,-0.018136421132508067,0.0,0.015208607679487372,-0.03421229820838962,-0.07010994061690998,-0.04279329353544852
-0.01930105375138229,-0.01727279184511604,0.0,-0.2324143670609399,1.0284860444049648,-0.20226576241776137,-0.38194843076413926
-0.01729985422151399,-0.01912596385168385,0.0,0.008188528920327382,-0.06891415259316537,-0.02520512817894344,-0.035687796870713925
-0.017627156318749705,-0.017203064360769467,0.0,-0.1935488968508972,0.9485714546865504,-0.2261017916452439,-0.5740021221894277
-0.032180515398218174,-0.02749294803586055,0.0,-0.011843712190705437,-0.16620033428596118,-0.04619236755965058,0.11898814625554051
-0.016322430423833197,-0.018086852129758222,0.0,0.028378463316094,-0.07678934472416406,0.01134206551466063,-0.09020967909863234
-0.017050305795971627,-0.01911354282969484,0.0,-1.46890783633215e-05,-0.10442751017304557,-0.009950859096840802,-0.02384268765141353
-0.03325219999309041,-0.029043651137521123,0.0,0.010543335915181038,-0.22875369474230056,-0.03172619929613041,0.14851951974867025
-0.017074228260190952,-0.01835140346840837,0.0,0.02590510112123251,-0.054470821569384986,-0.044774135598343354,-0.032500169519448154
-0.012429790919111935,-0.014072488899618584,0.0,0.13369093126575016,1.2654030942218542,-1.0253222897610728,-0.11069634743861292
-0.03325219999309041,-0.029043651137521123,0.0,0.011303674424059358,-0.22886085465180134,-0.033946158959391994,0.15108292711069954
-0.017487218807104285,-0.016940569671239882,0.0,0.03809519588029973,-0.0897977629336741,-0.01335301456880397,-0.015699750585993176
-0.009364597196362298,-0.013753503253105068,0.0,0.1870536888220025,1.4342062235775104,-1.3225363610549545,0.06389296931265266
-0.04632163167016785,-0.03208692692424164,0.0,0.011222125774267093,-0.2543896114369518,-0.06931162600991164,0.22429885862069562
-0.014938150228341029,-0.023684799550472646,0.0,-0.015737902292190957,0.1252250799120912,-0.2099548879012614,-0.009106874538426804
-0.018604663385270483,-0.01727279184511604,0.0,-0.2369927271938486,1.0366836807257218,-0.42049748024652084,-0.34584363378472555
-0.032178817537220857,-0.027727899145965965,0.0,-0.01011519501365054,-0.15797003056147277,-0.06017262555098703,0.12054478985565702
-0.028785196506718916,-0.028196190538404067,0.0,-0.004989132721136765,-0.14176870747914636,-0.063597145356469,0.09506633473479771
-0.018248670479681733,-0.01695262892325427,0.0,-0.07859429823981075,-0.2576854735541215,0.6399937435275309,-0.4627832474905986
-0.018897789261874142,-0.021984903190618073,0.0,0.006748991786560851,-0.06894604163904358,-0.009847249311671103,-0.014018463753802092
-0.010696883407149041,-0.016017643982210294,0.0,0.8951533390764634,2.1082446295079817,0.004994659903636807,0.06518929463397775
-0.018897789261874142,-0.021959999091704985,0.0,0.010009506871394935,-0.06830605071128519,0.00024023283794748524,-0.020374077735810264
-0.015896491426098114,-0.018377092267910556,0.0,0.019567982929642166,-0.0459230396564857,-0.07408674358502317,-0.033053496054245936
-0.012418398278804447,-0.014436833356587781,0.0,0.12023164529261274,1.2229623054126042,-0.9351365350828411,-0.16068860507958302
-0.017659216068620514,-0.018891420858617045,0.0,0.008188528920327382,-0.06891415259316537,-0.018995803915877314,-0.037045530949507514
-0.016078457458585355,-0.01598343589090149,0.0,0.025136515873755764,-0.0588656900617222,-0.05836683696128478,-0.05495079953667808
-0.010021415210069617,-0.016249168537793426,0.0,0.04002227338766206,-0.09245914453715066,0.008025818798879548,-0.05728477168720758
-0.032180515398218174,-0.02749294803586055,0.0,-0.011843712190705437,-0.16620033428596118,-0.04619236755965058,0.11898814625554051
-0.017117942223094342,-0.018370964125574873,0.0,0.0154181426570516,-0.034300694197397556,-0.07247509209511155,-0.04098880958376436
-0.01729985422151399,-0.01912596385168385,0.0,0.008188528920327382,-0.06891415259316537,-0.02520512817894344,-0.035687796870713925
-0.026001473007520287,-0.01964188785797499,0.0,0.007485179901446085,-0.12175413795955058,-0.07195102667445079,0.06510535354014232
-0.012418398278804447,-0.014436833356587781,0.0,0.1067008660402017,1.1849118752618082,-0.8882676758975676,-0.31878340642956515
-0.018228042630064466,-0.019087854030192655,0.0,0.0033657004006440337,-0.11316216142893679,-0.0022750957727162248,-0.02033168131399514
-0.018604663385270483,-0.01727279184511604,0.0,-0.23239648142680716,1.0267474030025816,-0.22127526985957538,-0.39391596224273423
-0.018315017252511487,-0.022084866174505603,0.0,0.019138247829479253,-0.07318327040998611,-0.08904518879087273,-0.02730378573967126
-0.018474269007141466,-0.017820900245953564,0.0,-0.08163823187391647,-0.3365299303514402,0.6884739851763253,-0.41685305350908675
-0.020281143655464583,-0.02280923100887733,0.0,0.06901904915832378,0.09332890820964172,-0.19527891925478813,-0.06662441511602549
-0.018604663385270483,-0.01727279184511604,0.0,-0.2369927271938486,1.0366836807257218,-0.42049748024652084,-0.34584363378472555
-0.016078457458585355,-0.01598343589090149,0.0,0.029490159581458647,-0.05099958587114916,-0.04365788746329005,-0.05653948445031275
-0.01596306857672667,-0.018136421132508067,0.0,0.01984753929669711,-0.026603429881998066,-0.08903051972749755,-0.03412347614407116
-0.006947234319273789,-0.01257942231984001,0.0,-0.017867642935377223,1.0892677924653227,-0.7395013994634472,-0.4004151492293056
-0.018604663385270483,-0.01727279184511604,0.0,-0.2317425014549435,1.0361383961426678,-0.24298768577150598,-0.3832553454291774
-0.017477304070200865,-0.018346060026661785,0.0,0.025373215438476905,-0.03375895710630288,-0.06794980800498851,-0.05155451223881998
-0.018604663385270483,-0.01727279184511604,0.0,-0.22141465631407403,1.029302431459984,-0.22735905028980977,-0.3616205207277915
-0.018228042630064466,-0.019251893589664174,0.0,0.0033657004006440337,-0.11316216142893679,0.0020818537009359844,-0.025376865372017582
-0.0173317034684835,-0.019422682962010232,0.0,0.05091430124750987,0.07968225393854332,-0.20939288968880468,-0.02000617641770473
-0.01729985422151399,-0.01912596385168385,0.0,0.007305660066099002,-0.06971787066763419,-0.017366994446370403,-0.03926135480275486
-0.01930105375138229,-0.01727279184511604,0.0,-0.2324143670609399,1.0284860444049648,-0.20226576241776137,-0.38194843076413926
-0.031826306914369794,-0.020287409901203788,0.0,0.006959612554025664,-0.06742180002486403,-0.0826038536162363,0.03184614665704916
-0.017050305795971627,-0.01911354282969484,0.0,0.00022920768212936223,-0.10101429638239252,-0.01541272527751396,-0.02384268765141353
-0.018157711809724496,-0.017660737057957215,0.0,0.03589602404102601,-0.15363875831720314,0.017482187219247724,-0.010128522171936634
-0.010498116454214789,-0.019163475065106662,0.0,0.037182284905999216,0.08678447553458495,-0.22041086884754685,-0.06384744481538188
-0.017074228260190952,-0.01835140346840837,0.0,0.02590510112123251,-0.054470821569384986,-0.044774135598343354,-0.032500169519448154
-0.017557050735467764,-0.017826491682828037,0.0,-0.4276564756092744,-0.40606056957720155,1.520577271796993,-0.7874604948575434
-0.017443730728962745,-0.021369932466108424,0.0,-0.0002022433991733032,-0.13655569268277112,-0.006737198292821337,0.022094979715538324
-0.017477304070200865,-0.018541943636469542,0.0,0.004833623223846899,-0.02162101668203068,-0.07490502782686942,-0.044529506754822486
-0.015144286748816104,-0.016953900381406848,0.0,0.297582358499825,-0.5284104898436928,2.190002086592888,-2.074709159292952
-0.032178817537220857,-0.027484860866251414,0.0,-0.010102187234872547,-0.15920647436677246,-0.0589078702167104,0.11900292717357626
-0.018604663385270483,-0.01727279184511604,0.0,-0.2369927271938486,1.0366836807257218,-0.42049748024652084,-0.34584363378472555
-0.017337704564467694,-0.0254295642719668,0.0,0.008783129160308769,-0.14948874796445893,0.07303520216265172,-0.04910666512010845
-0.03125559178334433,-0.020188037150048067,0.0,-0.4968904709372377,-0.5657976950332663,1.5050307337056335,-0.7322714752713493
-0.011485724475474881,-0.013691593668979183,0.0,0.14456868412288298,1.2810037490698192,-0.9783355247475916,-0.1439235739017179
-0.032180515398218174,-0.02749294803586055,0.0,-0.010112540602139432,-0.15937972546222134,-0.05954328458772348,0.11900292717357626
-0.010498116454214789,-0.019163475065106662,0.0,0.018431160702224635,0.07626754977009403,-0.1826591226164552,-0.07024192777982365
-0.017659216068620514,-0.01912596385168385,0.0,0.008188528920327382,-0.06891415259316537,-0.017644248864724096,-0.03706427768930828
-0.012060603930782128,-0.016249168537793426,0.0,0.0392931696820479,-0.09474656134513923,0.02609186968607595,-0.059961794384661496
-0.017487218807104285,-0.017176929582398283,0.0,0.03748594872486221,-0.0980979834559626,-0.007084931835826452,-0.007768178872108025
-0.01323192937777999,-0.010353635664819153,0.0,-0.10227684839921636,1.0667117783861637,-0.7145865778718932,-0.4153418429853615
-0.03325219999309041,-0.02486735482874048,0.0,0.00028244735892896426,-0.18885716365736926,-0.02846315641213751,0.1117336676025975
-0.01596306857672667,-0.018370964125574873,0.0,0.019257732918183713,-0.02824350724503604,-0.08151315290469362,-0.037880720674266
-0.018604663385270483,-0.01727279184511604,0.0,-0.23239648142680716,1.0267474030025816,-0.22127526985957538,-0.39391596224273423
-0.01094772402526898,0.001717442896459098,0.0,0.5960441765828959,1.9503571930597372,-0.731884325814838,0.669518196252348
-0.007266453744538808,-0.013203183579701868,0.0,0.07547308562419779,1.1170010513268311,-0.8647977628021767,-0.3846865249296586
-0.07341579294944395,-0.032896710722235344,0.0,-0.011786940590216104,-0.2010115928726352,-0.10981222857441592,0.25320090852369137
-0.019257151108980665,-0.021959999091704985,0.0,0.01100714211123269,-0.06263250692571744,-0.02154423773964318,-0.042984588890192535
-0.04632163167016785,-0.032035334265428504,0.0,0.011386079441185406,-0.253806224681254,-0.06772643988237867,0.22124562809458706
3.8113256692228448,2.3954735948246437,0.0,0.263177874407043,0.21779897946016707,0.4500369320253261,1.0398751143422935
-0.017337704564467694,-0.0254295642719668,0.0,0.008783129160308769,-0.14948874796445893,0.07303520216265172,-0.04910666512010845
-0.026512483245636435,-0.019686251999232303,0.0,0.0073283595476448795,-0.12208526462409461,-0.07461968349058466,0.06604607462402429
-0.053713303156905666,-0.032093030154229554,0.0,0.012106485543187847,-0.26308566603570277,-0.05821546670680194,0.21984031425695852
-0.016078457458585355,-0.01598343589090149,0.0,0.029490159581458647,-0.05099958587114916,-0.04365788746329005,-0.05653948445031275
-0.018604663385270483,-0.01727279184511604,0.0,-0.2317425014549435,1.0361383961426678,-0.24298768577150598,-0.3832553454291774
-0.01582917002270262,-0.01944758706092332,0.0,0.005278075470038168,-0.027991908638506355,-0.09135039123181087,0.006719698787777968
-0.01729985422151399,-0.01912596385168385,0.0,0.008188528920327382,-0.06891415259316537,-0.02520512817894344,-0.035687796870713925
-0.018311040464958687,-0.018440416748245713,0.0,0.010136078899560419,-0.04650274173130611,-0.01089316055991464,-0.0481471789903119
-0.007713490657375906,-0.01188013850616312,0.0,0.17053190569701018,1.1340124294996459,-1.0389705472172577,-0.3521239333017493
-0.016699947271320754,-0.017826491682828037,0.0,-0.28363411232976043,-0.21268521309927307,1.1536364885495765,-0.7097476471889276
-0.014318258620069578,-0.023614167558161942,0.0,-0.014386966333461192,-0.05605008476553929,-0.1348532494855128,0.062294352660741875
-0.01930105375138229,-0.017203064360769467,0.0,-0.2235140847629041,0.981723029137178,-0.11999208851120363,-0.5815890999439969
-0.018897789261874142,-0.02227782368365185,0.0,0.019532237549626297,-0.050953652952799994,0.13675443808471413,0.01611385751847367
-0.02756711700317631,-0.02823266438401888,0.0,0.08281249192545515,0.23621434069384292,-0.1611452055266818,0.1311160263284872
-0.008959522055588401,-0.013293764798301638,0.0,0.19488092776778213,1.3614397094313238,-1.4357253044298526,-0.0039610119753422015
-0.014841168926232818,-0.01543127920693047,0.0,-0.01721692666311097,0.05522237923528666,-0.17549337063428785,-0.023381714236657476
-0.026512483245636435,-0.021604369686401958,0.0,0.007320498766442275,-0.12463588677936038,-0.07461968349058466,0.06956898831337414
-0.03241038540053244,-0.02204986571814493,0.0,0.0013229463658166103,-0.11542230230935505,-0.008935352200625963,0.005884542518799614
-0.008959522055588401,-0.013293764798301638,0.0,0.19488092776778213,1.3614397094313238,-1.4357253044298526,-0.0039610119753422015
-0.017659216068620514,-0.018891420858617045,0.0,0.008188528920327382,-0.06891415259316537,-0.018995803915877314,-0.037045530949507514
-0.017666204594300676,-0.018859064112584274,0.0,0.0015968186009987903,-0.06581250473348559,-0.043446797042685954,-0.016425592596331473
-0.02771127638376108,-0.027064272974813165,0.0,0.0870546189322332,0.3059797293255411,-0.3817152458317239,-0.03198126107375951
-0.015590906223412637,-0.02208282988099353,0.0,0.05617160715344419,0.015473034370443705,-0.08708357525120228,-0.04025467741896364
-0.032180515398218174,-0.024180089647802546,0.0,-0.0004493960376977312,-0.15870754356932812,-0.05765728113433831,0.09993665205922074
-0.02046046065654466,-0.019647991087962904,0.0,0.010723744036577052,-0.1318641570538998,-0.039684618184245776,0.02839890046103405
-0.014008725403510199,-0.015444434093873393,0.0,-0.0131917910737596,-0.03132878296208754,-0.12957436021432486,-0.010184298209419126
-0.017627156318749705,-0.017203064360769467,0.0,-0.1935488968508972,0.9485714546865504,-0.2261017916452439,-0.5740021221894277
-0.016285234545794048,-0.012637651461280111,0.0,0.025808832610956314,1.1205657666755628,0.04093252165858365,0.11502358898433664
-0.07448577968331888,-0.03208692692424164,0.0,0.011517977725655054,-0.261750808858906,-0.10312934578418817,0.28926465637537924
-0.03212780596654387,-0.02031881276942167,0.0,0.0047039226095581445,-0.07893644870524853,-0.07143343154932347,0.03322365521991317
-0.017596044179222132,-0.018612406161704478,0.0,0.03493022535615223,-0.13633114044968664,-0.038440439270362926,0.003886722582455482
-0.007306596166380315,-0.01255451822092692,0.0,-0.039137426022590384,1.0754197603807083,-0.767757505565872,-0.3885762897033477
-0.017315215629285497,-0.0188611821045776,0.0,0.014065298382462595,-0.06843825306400553,-0.009781334379634701,-0.06911162434197093
-0.02651418110663375,-0.021610472916389872,0.0,0.007605310385004962,-0.13492845337868617,-0.05623615912102723,0.0641168160306396
-0.0122825937173657,-0.013985981296893856,0.0,0.1339163800974621,1.2658999791389607,-1.057594530957495,-0.16223530720632623
-0.0308995042385093,-0.021760890197691684,0.0,0.01401203637341212,-0.31966798207616887,0.3197769908908535,-0.0790744619830417
-0.0198122621857047,-0.02211973621355264,0.0,0.004778485586026916,-0.10145602852121514,0.0014206338938784532,-0.025635749467161163
1.1249500714036176,1.6270820997613258,0.0,-0.12724564704240285,-0.08985052990171322,-0.6325105699091346,-0.5871599746126345
-0.019829756700779428,-0.018795973471019776,0.0,0.032181246715133144,0.07110944583175455,-0.19630937745266813,0.03496949565710042
-0.05264161856203343,-0.03054463133998086,0.0,-0.01178627419631562,-0.1927763100336691,-0.07660615050812243,0.18887250878921838
-0.036054526178687644,-0.032035334265428504,0.0,0.011385917131751863,-0.24786712779069295,-0.048286384914224524,0.18486366175011193
-0.017659216068620514,-0.01912596385168385,0.0,0.008188528920327382,-0.06891415259316537,-0.017644248864724096,-0.03706427768930828
-0.07341579294944395,-0.031329864024276545,0.0,-0.012386542634883533,-0.20821710613145855,-0.09660795504571996,0.251573998682888
-0.017666204594300676,-0.018859064112584274,0.0,-0.003445793415785334,-0.0697308477196289,-0.05689643399180481,0.0046677534422530035
-0.032178817537220857,-0.027484860866251414,0.0,-0.010102187234872547,-0.15920647436677246,-0.0589078702167104,0.11900292717357626
-0.0173317034684835,-0.019422682962010232,0.0,0.05442851829063868,0.08113505699764145,-0.2029331204199811,-0.013910633763043022
-0.034601670893932075,-0.026050868737305725,0.0,0.019058956673571006,-0.12064362898768406,-0.0686068612724444,0.07342849796261657
-0.012418398278804447,-0.014436833356587781,0.0,0.11225332687156983,1.1890912842798944,-0.8811433246153253,-0.20437334397348864
-0.03325219999309041,-0.025944294400027143,0.0,0.01021141232327291,-0.22470288125583748,-0.043545721864304436,0.1463034858995397
-0.0308995042385093,-0.020848618534621974,0.0,0.06794565669964045,-0.3869064294480132,-1.67346966913345,2.041324865972333
-0.03212610810554655,-0.020331008051511314,0.0,0.006432434739017081,-0.0708710182597906,-0.08426458216890008,0.03327804832664146
-0.033250502132093095,-0.024859267659131344,0.0,-0.00010077904574266205,-0.17832007476113734,-0.043291712337956666,0.11174537670618882
-0.01930105375138229,-0.01727279184511604,0.0,-0.22901500701809566,1.0297348186736763,-0.2155956238910633,-0.390357606725177
-0.018604663385270483,-0.01727279184511604,0.0,-0.22141465631407403,1.029302431459984,-0.22735905028980977,-0.3616205207277915
-0.019909090919144563,-0.02211973621355264,0.0,0.0035419470497198937,-0.10463849070095746,0.013723529959142897,-0.029665961713589414
-0.01729985422151399,-0.019371969642212696,0.0,0.012491500117074906,-0.07987111956757408,-0.010551453293575083,-0.022606791909317362
-0.017666204594300676,-0.018859064112584274,0.0,-0.003445793415785334,-0.0697308477196289,-0.05689643399180481,0.0046677534422530035
-0.018157711809724496,-0.01740152916105365,0.0,0.04848956496333024,-0.20488777727476398,0.05123536406208366,0.003644890337281503
-0.017666204594300676,-0.018859064112584274,0.0,0.0017287870081157386,-0.07617351015147064,-0.04186346814203761,-0.015838006922544504
-0.00935367166237484,-0.019422682962010232,0.0,-0.027894950585804094,-0.04124119918549307,-0.013654285610513121,-0.04413475393469545
-0.016188531869809147,-0.019424739075178152,0.0,0.0007042324871418679,-0.043481914365148054,-0.09056538193635143,0.0032852771550515715
-0.03325219999309041,-0.029043651137521123,0.0,0.011903294242370141,-0.22165439323798097,-0.04727681451632366,0.1510969073205788
-0.017659216068620514,-0.018891420858617045,0.0,0.008188528920327382,-0.06891415259316537,-0.018995803915877314,-0.037045530949507514
-0.017659216068620514,-0.018891420858617045,0.0,0.00874588286247533,-0.06477876676920886,-0.031038000602006472,-0.03267024861128941
-0.017050305795971627,-0.01911354282969484,0.0,0.00022920768212936223,-0.10101429638239252,-0.01541272527751396,-0.02384268765141353
-0.01103573804494525,-0.012739438961809808,0.0,0.6393478313557691,1.754959844127055,-0.6494100407542938,0.07277598990124436
-0.012060603930782128,-0.016249168537793426,0.0,0.04002347834186599,-0.09428758827371718,0.02666183862975504,-0.05857784415878325
-0.025936141997471726,-0.024624664452633806,0.0,0.02593078984675865,-0.070867972093188,-0.0025769478681045414,-0.050369909912497894
-0.04632163167016785,-0.03208692692424164,0.0,0.011222125774267093,-0.2543896114369518,-0.06931162600991164,0.22429885862069562
-0.026512483245636435,-0.021604369686401958,0.0,0.007320498766442275,-0.12463588677936038,-0.07461968349058466,0.06956898831337414
-0.029489900134660116,-0.02391204631641144,0.0,0.0012020934922309845,-0.1532284655166643,-0.032180608514742,0.08134972004275229
-0.03659842252289175,-0.02728011771434746,0.0,0.008685577306336196,-0.09612965190698618,0.006399992310162759,0.05825012218259922
-0.10684969745828982,-0.08166651696132479,0.0,0.031097147916191118,-0.1330767253032681,-0.030051993708263534,0.2530859469883551
-0.032180515398218174,-0.02749294803586055,0.0,-0.011244092372394647,-0.16560132047706444,-0.05359012615667779,0.11898814625554051
-0.017513887753804427,-0.020274448628164358,0.0,0.005454404201582504,-0.07908285918543265,-0.05467597522011371,-0.00570723668317339
-0.01729985422151399,-0.01912596385168385,0.0,0.007305660066099002,-0.06971787066763419,-0.017366994446370403,-0.03926135480275486
-0.017666204594300676,-0.018859064112584274,0.0,0.0017287870081157386,-0.07617351015147064,-0.04186346814203761,-0.015838006922544504
-0.017666204594300676,-0.018859064112584274,0.0,0.0015968186009987903,-0.06581250473348559,-0.043446797042685954,-0.016425592596331473
-0.04632163167016785,-0.03208692692424164,0.0,0.011609511419840126,-0.25438330425296884,-0.06867260173851542,0.22429885862069562
-0.07341409508844662,-0.031342825297315975,0.0,-0.00915390230349105,-0.20012958170185136,-0.11123408693124401,0.2527610397235241
-0.045750980435581075,-0.03055759261302029,0.0,-0.010663210701960999,-0.193414327807824,-0.07504005054120896,0.1869846001015338
-0.007266453744538808,-0.013203183579701868,0.0,0.07424350458951848,1.1175192180092959,-0.8560461150021544,-0.38339746037895406
-0.018315017252511487,-0.022084866174505603,0.0,0.019545546683236235,-0.07213922766671693,-0.08085877611763188,-0.02583095094391395
-0.018474269007141466,-0.017826491682828037,0.0,-0.5488085268966758,-0.46498188053716477,1.8518125410173452,-0.9756773499672055
-0.006947234319273789,-0.01257942231984001,0.0,-0.017867642935377223,1.0892677924653227,-0.7395013994634472,-0.4004151492293056
-0.034601670893932075,-0.026050868737305725,0.0,0.019058956673571006,-0.12064362898768406,-0.0686068612724444,0.07342849796261657
-0.022131083674985962,-0.022084866174505603,0.0,0.019334704334776957,-0.09732491318900706,-0.008125009840297135,-0.020287956836033735
-0.016078457458585355,-0.01598343589090149,0.0,0.029039978459767253,-0.050989037107208646,-0.04435578816454036,-0.05763621955738334
-0.018157711809724496,-0.017660737057957215,0.0,0.019315635983396078,-0.1760381329045975,0.022665711461771935,0.018095712845388995
-0.01822299163433117,-0.01740152916105365,0.0,0.06858842909668841,-0.18763513405113594,0.013094309746679198,0.03015516631505392
-0.01930105375138229,-0.020615433589835825,0.0,-0.23007076491330156,0.992730834385151,-0.09033804017243052,-0.5155281069361813
-0.017487218807104285,-0.016940569671239882,0.0,0.037823677355868064,-0.09433198738410589,-0.011060244710535277,-0.008477246716402093
-0.0198122621857047,-0.02211973621355264,0.0,0.0037492638794561577,-0.1005928397384226,0.0014206338938784532,-0.02576043886687096
-0.01723117881451158,-0.021369932466108424,0.0,-0.0019502051822370562,-0.07615303939265124,-0.03200311992221853,-0.03756948009952663
-0.017990980739218346,-0.014328232923171183,0.0,-0.00225494879289568,-0.065275087322631,-0.06297747520192858,0.0853989316281845
-0.032016841346635246,-0.021889093831145075,0.0,0.008303617205816507,-0.013678178771344508,-0.09441061951017535,0.07443868032832136
-0.016492519551376223,-0.015998413582429424,0.0,0.009964737478617532,-0.28243592538607004,0.21258424668229006,0.15180689109554996
-0.017394306235306644,-0.01873965742380735,0.0,0.005542383675863334,-0.05787877492425401,-0.027021947488515198,-0.053279410750275535
-0.04632163167016785,-0.03203335032580728,0.0,0.01090027900950343,-0.253568009568331,-0.06481049571003668,0.21580516491544385
-0.007713490657375906,-0.01188013850616312,0.0,0.17053190569701018,1.1340124294996459,-1.0389705472172577,-0.3521239333017493
-0.01729985422151399,-0.01912596385168385,0.0,0.008188528920327382,-0.06891415259316537,-0.02520512817894344,-0.035687796870713925
-0.045750980435581075,-0.03055759261302029,0.0,-0.009159943322739353,-0.19340247846561723,-0.0770047359740623,0.18811724803544153
-0.017659216068620514,-0.018891420858617045,0.0,0.008188528920327382,-0.06891415259316537,-0.018995803915877314,-0.037045530949507514
-0.011485724475474881,-0.013691593668979183,0.0,0.14456868412288298,1.2810037490698192,-0.9783355247475916,-0.1439235739017179
-0.016322430423833197,-0.018136421132508067,0.0,0.01984753929669711,-0.026603429881998066,-0.08146964041327819,-0.03549995696266551
-0.017666204594300676,-0.018859064112584274,0.0,-0.0015753111357356888,-0.08162737860387025,-0.037848498891805846,0.004706791924747678
-0.03325219999309041,-0.029043651137521123,0.0,0.011303674424059358,-0.22886085465180134,-0.033946158959391994,0.15108292711069954
-0.01723117881451158,-0.021369932466108424,0.0,-0.0019502051822370562,-0.07615303939265124,-0.03200311992221853,-0.03756948009952663
-0.018408915648604418,-0.020370575234164665,0.0,-0.0018226414860647677,-0.17523306145090833,0.06080452943710137,-0.016155280330317715
-0.04524994707529561,-0.03055759261302029,0.0,-0.009159871654786631,-0.193418744564905,-0.0771151295046417,0.18718688375919382
-0.01729985422151399,-0.01912596385168385,0.0,0.007305660066099002,-0.06873619294061609,-0.01976903073434053,-0.03539563473504697
-0.04682266503045331,-0.03208692692424164,0.0,0.011609439751887404,-0.2543670381536811,-0.06856220820793602,0.22522922289694333
-0.018315017252511487,-0.022084866174505603,0.0,0.015273789152334386,-0.09323297340829104,-0.07848676444211031,-0.010169181062776792
-0.00744842657434001,-0.013002779174681924,0.0,-0.02358260621082485,1.1784530055870692,-0.601361748802917,-0.3643158876956829
-0.012098187990096815,-0.013803497310613892,0.0,0.13406353943743837,1.2658924260386857,-0.9887216169423537,-0.21368027263524986
-0.017050305795971627,-0.01911354282969484,0.0,-1.46890783633215e-05,-0.10442751017304557,-0.009950859096840802,-0.02384268765141353
-0.010498116454214789,-0.019163475065106662,0.0,0.03875445369328088,0.08707274134095659,-0.2191426387843018,-0.06027227729889909
-0.01729985422151399,-0.018891420858617045,0.0,0.008188528920327382,-0.06891415259316537,-0.026556683230096623,-0.03566905013091316
-0.01822910190655862,-0.018276377188774194,0.0,0.012077267459120128,-0.044705516065942544,-0.02290713219508224,-0.043888589920780235
-0.017666204594300676,-0.018859064112584274,0.0,-0.003445793415785334,-0.07104552663877706,-0.05197417003036659,0.0003400713665379458
-0.018248670479681733,-0.016953900381406848,0.0,0.2378232103532321,-0.5834741942035416,2.4492227967724323,-2.241590571813504
-0.01729985422151399,-0.01912596385168385,0.0,0.008188528920327382,-0.06891415259316537,-0.02520512817894344,-0.035687796870713925
-0.0198122621857047,-0.02211973621355264,0.0,0.004778485586026916,-0.10145602852121514,0.0014206338938784532,-0.025635749467161163
-0.0122825937173657,-0.013985981296893856,0.0,0.1339163800974621,1.2658999791389607,-1.057594530957495,-0.16223530720632623
-0.0173317034684835,-0.019422682962010232,0.0,0.05442851829063868,0.08113505699764145,-0.2029331204199811,-0.013910633763043022
-0.018604663385270483,-0.01727279184511604,0.0,-0.23680250801858202,1.0347958576716494,-0.4142948750507022,-0.3457042333891266
-0.018604663385270483,-0.01727279184511604,0.0,-0.2369927271938486,1.0366836807257218,-0.42049748024652084,-0.34584363378472555
-0.018604663385270483,-0.01727279184511604,0.0,-0.2318014080676722,1.0501350528745235,-0.24059496044146214,-0.3759584334034043
-0.019909090919144563,-0.02211973621355264,0.0,0.0035419470497198937,-0.10463849070095746,0.013723529959142897,-0.029665961713589414
-0.018604663385270483,-0.017331982716640857,0.0,-0.2308619671359161,1.0384042308078725,-0.40930313968097976,-0.3560419577782079
-0.018604663385270483,-0.01727279184511604,0.0,-0.22141465631407403,1.029302431459984,-0.22735905028980977,-0.3616205207277915
-0.014938150228341029,-0.023684799550472646,0.0,-0.015737902292190957,0.1252250799120912,-0.2099548879012614,-0.009106874538426804
-0.017050305795971627,-0.01911354282969484,0.0,-1.46890783633215e-05,-0.10442751017304557,-0.009950859096840802,-0.02384268765141353
-0.015762592872074065,-0.019444069323888553,0.0,-0.002195691087424524,-0.048058551044158605,-0.08699303073764901,0.006642716778893611
-0.017477304070200865,-0.018136421132508067,0.0,0.015208607679487372,-0.03421229820838962,-0.07010994061690998,-0.04279329353544852
-0.017659216068620514,-0.018891420858617045,0.0,0.008188528920327382,-0.06891415259316537,-0.018995803915877314,-0.037045530949507514
-0.01713045567848693,-0.018153691366602158,0.0,-0.0013282997423538676,-0.04565845537894582,-0.05871921902097407,-0.033328514203479535
-0.017659216068620514,-0.01912596385168385,0.0,0.006868911919636622,-0.0664155834450839,-0.019102073311837147,-0.032937655408025485
-0.03325219999309041,-0.029043651137521123,0.0,0.011303674424059358,-0.22886085465180134,-0.033946158959391994,0.15108292711069954
-0.018248670479681733,-0.01695262892325427,0.0,-0.07859429823981075,-0.2576854735541215,0.6399937435275309,-0.4627832474905986
-0.017666204594300676,-0.018859064112584274,0.0,0.0015968186009987903,-0.06581250473348559,-0.043446797042685954,-0.016425592596331473
-0.018897789261874142,-0.021959999091704985,0.0,0.010682466652430622,-0.06829159410813775,0.0034703847066459804,-0.019571285627555994
-0.012098187990096815,-0.013803497310613892,0.0,0.14458874174866423,1.2863681391445991,-0.9593076893910725,-0.11728534189716817
-0.007492936354061703,-0.013166818734153443,0.0,-0.03607778357553312,1.1523084599339117,-0.5843192520054046,-0.4014612772797277
-0.028952530928275967,-0.026092424590373992,0.0,0.0244016945031375,-0.06616579538313563,-0.08927226703076263,-0.011371208287777981
-0.016078457458585355,-0.01598343589090149,0.0,0.029039978459767253,-0.050989037107208646,-0.04435578816454036,-0.05763621955738334
-0.022839997062789687,-0.02482029515495252,0.0,0.07546445879059943,0.2245591774331791,-0.13491541950727243,0.10653714393141145
-0.013384034271025344,-0.024750393364993455,0.0,0.06874667187913813,0.09646433909873846,-0.18400500588364296,-0.0889631218246631
-0.01729985422151399,-0.01912596385168385,0.0,0.008188528920327382,-0.06891415259316537,-0.02520512817894344,-0.035687796870713925
-0.03108476775354321,-0.028377125330207077,0.0,0.05012682510354269,-0.2623115695503957,-0.011623612634944212,0.08119950042195033
-0.017659216068620514,-0.019371969642212696,0.0,0.007242224326075442,-0.06962769561101498,-0.029914618450017916,-0.031092415262252638
-0.018474269007141466,-0.017820900245953564,0.0,-0.17223975520495377,-0.39886555437400906,0.9530372338009808,-0.5241990539153449
-0.017050305795971627,-0.01911354282969484,0.0,0.00022920768212936223,-0.09757625683657453,-0.019639602517944436,-0.02384268765141353
-0.025936141997471726,-0.024624664452633806,0.0,0.02593078984675865,-0.070867972093188,-0.0025769478681045414,-0.050369909912497894
-0.016699947271320754,-0.017826491682828037,0.0,-0.28363411232976043,-0.21268521309927307,1.1536364885495765,-0.7097476471889276
-0.01723117881451158,-0.021369932466108424,0.0,-0.0019502051822370562,-0.07615303939265124,-0.03200311992221853,-0.03756948009952663
-0.010021415210069617,-0.016249168537793426,0.0,0.04002227338766206,-0.09245914453715066,0.008025818798879548,-0.05728477168720758
-0.0198122621857047,-0.02195569665408112,0.0,-0.003889130558581711,-0.11636418113363825,0.030972484735070516,-0.03069350406788593
-0.03325219999309041,-0.029043651137521123,0.0,0.011303674424059358,-0.22886085465180134,-0.033946158959391994,0.15108292711069954
-0.017602539681659927,-0.019647991087962904,0.0,0.014505457920699258,-0.14572833987105605,-0.033022003494611485,0.02981896765218296
-0.020281143655464583,-0.02280923100887733,0.0,0.07053642121317967,0.09250890023913781,-0.18949378302462655,-0.08293944773866305
-0.018474269007141466,-0.017820900245953564,0.0,0.05594258103675579,-0.38865752830117684,1.2045931067668185,-0.9907672102059736
-0.018474269007141466,-0.017820900245953564,0.0,0.05594258103675579,-0.38865752830117684,1.2045931067668185,-0.9907672102059736
-0.019257151108980665,-0.021959999091704985,0.0,0.013831437514854349,-0.06575045516085228,-0.019003871505146833,-0.028826283837287792
-0.00935367166237484,-0.019422682962010232,0.0,-0.026466211593580084,-0.03993256895179651,-0.021059724069585117,-0.045518941058051
-0.009187305278075033,-0.01598343589090149,0.0,0.06527683346891193,-0.06042603821594906,0.0330495224036435,-0.01509540786816708
-0.012429790919111935,-0.014072488899618584,0.0,0.13375620951667835,1.258630349611746,-1.0795619528191394,-0.17109353202165029
-0.01749616121547245,-0.018751172782913612,0.0,1.0285025216375274,-0.15341281833674775,-0.972702165956162,-0.019407509396041595
-0.05371160529590835,-0.03208692692424164,0.0,0.011609439751887404,-0.2533858060612906,-0.06856220820793602,0.22529248653969303
-0.017487218807104285,-0.016940569671239882,0.0,0.03809519588029973,-0.0897977629336741,-0.01335301456880397,-0.015699750585993176
-0.01729985422151399,-0.019371969642212696,0.0,0.012754538431160251,-0.07855608519132708,-0.011957865516691209,-0.021891552023201314
-0.033965878192824886,-0.02088678061807193,0.0,0.03438651906056242,-0.15302840085253241,-0.07246732785446373,0.06964781460424473
-0.018248670479681733,-0.016953900381406848,0.0,0.2378232103532321,-0.5834741942035416,2.4492227967724323,-2.241590571813504
3.42704172192888,2.663311173840083,0.0,0.3405391297766906,0.326554450133821,1.3960037603849882,1.2505118820725827
-0.0198122621857047,-0.02211973621355264,0.0,0.0037492638794561577,-0.1005928397384226,0.0014206338938784532,-0.02576043886687096
-0.032180515398218174,-0.02749294803586055,0.0,-0.011843712190705437,-0.16620033428596118,-0.04619236755965058,0.11898814625554051
-0.015762592872074065,-0.019444069323888553,0.0,-0.0035701544421859665,-0.047132147689193916,-0.08782747612357211,0.006966048680409106
-0.018604663385270483,-0.01727279184511604,0.0,-0.22141465631407403,1.029302431459984,-0.22735905028980977,-0.3616205207277915
-0.02651418110663375,-0.021610472916389872,0.0,0.00820493020331575,-0.12772199196486583,-0.06956681467795893,0.06413079624051883
-0.006947234319273789,-0.01257942231984001,0.0,-0.017867642935377223,1.0892677924653227,-0.7395013994634472,-0.4004151492293056
-0.00744842657434001,-0.013002779174681924,0.0,-0.02358260621082485,1.1784530055870692,-0.601361748802917,-0.3643158876956829
-0.007139675324537426,-0.013030547100326124,0.0,1.1109694811414181,1.1496477217879448,-2.202230247873188,-0.21898124940397187
-0.017487218807104285,-0.016940569671239882,0.0,0.03788566090273549,-0.08970936694466616,-0.017197187353668535,-0.016146500458883738
-0.046293906138126006,-0.02209631932752154,0.0,0.009571206659296496,-0.13069525637859775,-0.020517262687938454,0.03972094549001533
-0.024948201749323277,-0.02089732796100937,0.0,0.03412148109509482,-0.06047371914529727,-0.06930428261136624,-0.013430285433470017
-0.015590906223412637,-0.02208282988099353,0.0,0.05617160715344419,0.015473034370443705,-0.08708357525120228,-0.04025467741896364
-0.017050305795971627,-0.01911354282969484,0.0,-1.4141061267058127e-05,-0.09715688277553983,-0.019876690302719248,-0.025143993738296736
-0.016188531869809147,-0.019424739075178152,0.0,0.0007042324871418679,-0.043481914365148054,-0.09056538193635143,0.0032852771550515715
-0.032016841346635246,-0.021889093831145075,0.0,0.006823069663034192,-0.013578323711263947,-0.12431532409975077,0.06212047890801904
-0.01154994315907416,-0.013707562172465198,0.0,0.14458094611908584,1.2851776920606808,-0.9559972802974076,-0.12120418579724636
-0.017633430126279513,-0.02145371934536205,0.0,0.018962368168998354,-0.13052416843461004,-0.01031390875991718,-0.0025552206079675335
-0.017666204594300676,-0.018859064112584274,0.0,-0.0015753111357356888,-0.08162737860387025,-0.037848498891805846,0.004706791924747678
-0.007306596166380315,-0.012344879326773205,0.0,-0.03533917270226013,1.0759753061276138,-0.7728476168947749,-0.38300266817783235
-0.01862493105841759,-0.016953900381406848,0.0,0.2962807057697331,-0.5181589845042192,2.2264792732875915,-2.1134608237475696
-0.01930105375138229,-0.020615433589835825,0.0,-0.22878366272772,0.9933639866373302,-0.09450191654355933,-0.5542115456035683
-0.017659216068620514,-0.018891420858617045,0.0,0.008188528920327382,-0.06891415259316537,-0.018995803915877314,-0.037045530949507514
-0.012196817263414407,-0.011830819221587895,0.0,-0.3164892047795852,1.0364063471871843,-0.44735429601696436,-0.3142297011620014
-0.017659216068620514,-0.018891420858617045,0.0,0.008188528920327382,-0.06891415259316537,-0.018995803915877314,-0.037045530949507514
-0.01930105375138229,-0.020615433589835825,0.0,-0.22878366272772,0.9933639866373302,-0.09450191654355933,-0.5542115456035683
-0.026512483245636435,-0.021604369686401958,0.0,0.007320498766442275,-0.12463588677936038,-0.07461968349058466,0.06956898831337414
-0.04632163167016785,-0.032035334265428504,0.0,0.011386079441185406,-0.253806224681254,-0.06772643988237867,0.22124562809458706
-0.016972341621376976,-0.019422682962010232,0.0,0.04926611052254215,0.07450928623993505,-0.20876187766604612,-0.019818201608881793
-0.01611588706243387,-0.02260165543927526,0.0,0.04057866473508665,0.0951186860962712,-0.1787415217329043,0.010565733771431565
-0.026512483245636435,-0.019686251999232303,0.0,0.0073283595476448795,-0.12208526462409461,-0.07461968349058466,0.06604607462402429
-0.019257151108980665,-0.021959999091704985,0.0,0.006129863812144202,-0.05634275682899144,-0.013474908505282794,-0.053572328647662655
-0.05263992070103611,-0.03055759261302029,0.0,-0.010663210701960999,-0.19243309571543346,-0.07504005054120896,0.18704786374428348
-0.04632163167016785,-0.032035334265428504,0.0,0.01099869379561237,-0.25381253186523706,-0.0683654641537749,0.22124562809458706
-0.03325219999309041,-0.029043651137521123,0.0,0.011903294242370141,-0.22165439323798097,-0.04727681451632366,0.1510969073205788
-0.0173317034684835,-0.019422682962010232,0.0,0.05442851829063868,0.08113505699764145,-0.2029331204199811,-0.013910633763043022
-0.018604663385270483,-0.017331982716640857,0.0,-0.22533635511435662,1.048139659840691,-0.3910094939113631,-0.3813590310269212
-0.016699947271320754,-0.017826491682828037,0.0,-0.23066286879912568,-0.2734071675302619,1.051631735518359,-0.5857710508163849
-0.017050305795971627,-0.01911354282969484,0.0,-1.46890783633215e-05,-0.10442751017304557,-0.009950859096840802,-0.02384268765141353
-0.007266453744538808,-0.013203183579701868,0.0,0.08770504839004378,1.1285300110740608,-0.9574978560502175,-0.3823179614033355
-0.03212780596654387,-0.021680167654085616,0.0,0.0038530641877247466,-0.09648366707390342,-0.07883119014635065,0.05229594051546749
-0.032147898132020035,-0.02204986571814493,0.0,0.0018299568133775999,-0.11382207220754575,-0.013382854257644865,0.007984749077087188
-0.018604663385270483,-0.01727279184511604,0.0,-0.23239648142680716,1.0267474030025816,-0.22127526985957538,-0.39391596224273423
-0.04682266503045331,-0.03208692692424164,0.0,0.011222054106314367,-0.2543733453376641,-0.06920123247933224,0.22522922289694333
-0.007306596166380315,-0.012344879326773205,0.0,-0.03533917270226013,1.0759753061276138,-0.7728476168947749,-0.38300266817783235
-0.032180515398218174,-0.027715703863876322,0.0,-0.011843707143109481,-0.1660354610069306,-0.047341474931410304,0.12049039674892874
-0.018604663385270483,-0.01727279184511604,0.0,-0.2318014080676722,1.0501350528745235,-0.24059496044146214,-0.3759584334034043
-0.014126778712620818,-0.01583098143544064,0.0,0.01611326657724434,-0.10871214996531336,0.03864919864466985,-0.05269107426747257
-0.032180515398218174,-0.02749294803586055,0.0,-0.010654998628622115,-0.16742863170045874,-0.04629995767528406,0.11837379096447286
-0.04632163167016785,-0.03208692692424164,0.0,0.011609511419840126,-0.25438330425296884,-0.06867260173851542,0.22429885862069562
-0.01596306857672667,-0.018370964125574873,0.0,0.01984753929669711,-0.026603429881998066,-0.08767896467634433,-0.03414222288387192
-0.009364597196362298,-0.013753503253105068,0.0,0.20291584040333654,1.4164833846207394,-1.3375170371566794,0.004667376495036883
-0.03451169511652668,-0.02728011771434746,0.0,0.005614535724560598,-0.07224784749605752,-0.14070402706726773,0.2123470885359874
-0.01582917002270262,-0.01944758706092332,0.0,0.005278075470038168,-0.027991908638506355,-0.09135039123181087,0.006719698787777968
-0.017659216068620514,-0.018891420858617045,0.0,0.008188528920327382,-0.06891415259316537,-0.018995803915877314,-0.037045530949507514
-0.02192185417428139,-0.02298336001591076,0.0,0.01138815741260034,-0.12065672525036607,-0.06717510110853712,0.05095439786423954
-0.018604663385270483,-0.01727279184511604,0.0,-0.23542039997715533,1.0349342058770046,-0.3861765718353024,-0.35504248044568215
-0.014841168926232818,-0.01543127920693047,0.0,-0.01721692666311097,0.05522237923528666,-0.17549337063428785,-0.023381714236657476
-0.01782458142834593,-0.025375097544386608,0.0,0.005829409077491621,-0.15423819769774463,0.07255015094676054,-0.054347060398210974
-0.018604663385270483,-0.017203064360769467,0.0,-0.22568319281116458,0.9788523907619907,-0.16213834894717902,-0.5877833917279159
-0.006947234319273789,-0.01257942231984001,0.0,-0.017867642935377223,1.0892677924653227,-0.7395013994634472,-0.4004151492293056
-0.01930105375138229,-0.020685161074182397,0.0,-0.2312281514543894,1.038800921176025,-0.19040245364985234,-0.3812418329734822
-0.009150106944923896,-0.013203183579701868,0.0,0.13506766967910422,1.200544452746416,-1.2984269168756002,-0.20425806475278782
-0.02617331190639769,-0.020157122528185967,0.0,0.02660299565453762,-0.0593587931493564,-0.03246189085599977,-0.08065658774431972
-0.01729985422151399,-0.01912596385168385,0.0,0.011911810981674991,-0.0831178884483252,0.007439916317288005,-0.012974025494276639
-0.052739278539563283,-0.02363258988714851,0.0,0.007131678807304885,-0.08949382657070054,-0.04308939134806943,0.03530239130086548
-0.015150702142792197,-0.02386022056812259,0.0,0.04024636739914196,0.09741485219134266,-0.18758909956121939,0.010965703026311245
-0.017050305795971627,-0.01911354282969484,0.0,0.00022920768212936223,-0.10101429638239252,-0.01541272527751396,-0.02384268765141353
-0.032180515398218174,-0.02439359129836657,0.0,-0.01198660408767497,-0.1702318248485562,-0.04399377503198309,0.11534232762080367
-0.01930105375138229,-0.020615433589835825,0.0,-0.22737329929482825,0.9796994098351376,-0.10777476290991181,-0.5745137111859285
-0.017050305795971627,-0.01911354282969484,0.0,0.00022920768212936223,-0.10101429638239252,-0.01541272527751396,-0.02384268765141353
-0.017487218807104285,-0.017176929582398283,0.0,0.03774898703894755,-0.0967829490797156,-0.008491344058942578,-0.00705293898599196
-0.007266453744538808,-0.013203183579701868,0.0,0.08770504839004378,1.1285300110740608,-0.9574978560502175,-0.3823179614033355
-0.022131083674985962,-0.023503388470580665,0.0,0.024423261169151354,-0.070867972093188,-0.007241406577608088,-0.037227105436871584
-0.01723117881451158,-0.020370575234164665,0.0,0.003111838588599309,-0.16056063877258636,0.04062643751827273,-0.006862451268793847
-0.02969211250336431,-0.01434672883534428,0.0,0.009875889270105654,-0.14772583044973267,-0.06455462561268673,0.07287225189693569
-0.017659216068620514,-0.018891420858617045,0.0,0.008188528920327382,-0.06891415259316537,-0.018995803915877314,-0.037045530949507514
-0.01582917002270262,-0.01968394697208172,0.0,0.0026845189176225785,-0.0331610459879498,-0.09019780193514175,0.012429746209358732
-0.017752395253950136,-0.01819774433786144,0.0,0.006079161052261245,-0.25054117943804166,0.8456048273809708,-0.727613219753396
-0.01519668888352384,-0.01945982165343075,0.0,0.03711194679732242,-0.10923048275265183,-0.0489321868715067,-0.00043696349375944637
-0.014938150228341029,-0.023684799550472646,0.0,-0.01573780369197751,0.12527824796686615,-0.2100684394063312,-0.009106874538426804
-0.011485724475474881,-0.013691593668979183,0.0,0.13618112129897994,1.2619302278118816,-0.9867494631161348,-0.21078216977809777
-0.018474269007141466,-0.017826491682828037,0.0,-0.5488085268966758,-0.46498188053716477,1.8518125410173452,-0.9756773499672055
-0.017337704564467694,-0.025339936094567805,0.0,0.0002012757742136506,-0.17018936623000055,0.09230738641329261,-0.06386561948668742
-0.012422290901546356,-0.021959999091704985,0.0,-0.0213199270920354,-0.05732687011995832,0.02015563589264312,-0.03736115680887559
-0.015150702142792197,-0.02360101267121902,0.0,-0.016986973182677487,0.06394007782719205,-0.20729614564824084,0.03876439172975977
-0.02045876279554734,-0.01964188785797499,0.0,0.00983931259970357,-0.12877805186839428,-0.044737486996871516,0.03383709253388933
-0.012418398278804447,-0.014498270983610364,0.0,0.11624288938797404,1.1786541561678607,-0.8906983391947962,-0.32722707749389546
-0.01723117881451158,-0.021369932466108424,0.0,-0.0019502051822370562,-0.07615303939265124,-0.03200311992221853,-0.03756948009952663
-0.018604663385270483,-0.01727279184511604,0.0,-0.2369927271938486,1.0366836807257218,-0.42049748024652084,-0.34584363378472555
-0.006947234319273789,-0.01257942231984001,0.0,-0.017867642935377223,1.0892677924653227,-0.7395013994634472,-0.4004151492293056
-0.012060603930782128,-0.016249168537793426,0.0,0.04002282805165042,-0.09245914453715066,0.022856542510525213,-0.05728477168720758
-0.026512483245636435,-0.021604369686401958,0.0,0.007499109964085224,-0.12463583554049286,-0.07072148085504357,0.06416813732292344
-0.01840169173093484,-0.017418255858813174,0.0,0.042144187948464716,-0.13422977944739287,0.012631956179919333,-0.02354379591808179
-0.010103064241615684,-0.012005285486097446,0.0,0.6795242343419415,1.7853295189039615,-0.43183922499763006,0.27979615972422744
-0.017661005566564105,-0.018859064112584274,0.0,0.05146103623641389,-0.1628255892274613,0.646495006039478,-0.664417149723193
-0.014126778712620818,-0.01583098143544064,0.0,0.01673078635842269,-0.10905054510137212,0.039690112410819225,-0.052673317817852346
-0.017666204594300676,-0.018859064112584274,0.0,-0.0032830273619473393,-0.07609718936700502,-0.0486059921147675,0.004355324023960416
-0.01863452535161186,-0.021981385453583305,0.0,-0.001283719770037415,-0.08756209312313877,-0.012648013181840565,-0.021534394958250724
-0.018604663385270483,-0.01727279184511604,0.0,-0.2318014080676722,1.0501350528745235,-0.24059496044146214,-0.3759584334034043
-0.02541334090106429,-0.023220423955245754,0.0,-0.08988284398962562,-0.07459433286118326,-0.08323036140692751,0.19645978217549198
-0.0198122621857047,-0.02211973621355264,0.0,0.0037492638794561577,-0.1005928397384226,0.0014206338938784532,-0.02576043886687096
-0.007306596166380315,-0.012646244215797986,0.0,-0.04648062112557098,1.0874699779510706,-0.7701307313585881,-0.36569887612557256
-0.016905764470748416,-0.01939284825272351,0.0,0.04912341867438226,0.11240946998173869,-0.26643784223532896,0.0031386378857709797
-0.03132461992241233,-0.02065984485410334,0.0,0.02777631037435108,-0.0833466906993218,-0.20019050299761884,0.0736441849407728
-0.016078457458585355,-0.01598343589090149,0.0,0.029490159581458647,-0.05099958587114916,-0.04365788746329005,-0.05653948445031275
-0.017050305795971627,-0.01911354282969484,0.0,-1.46890783633215e-05,-0.10442751017304557,-0.009950859096840802,-0.02384268765141353
-0.01596306857672667,-0.018370964125574873,0.0,0.019257732918183713,-0.02824350724503604,-0.08151315290469362,-0.037880720674266
-0.018474269007141466,-0.017826491682828037,0.0,-0.5488085268966758,-0.46498188053716477,1.8518125410173452,-0.9756773499672055
-0.0198122621857047,-0.02195569665408112,0.0,0.0037492638794561577,-0.1005928397384226,-0.002936315579773756,-0.020715254808848525
-0.03250197477854307,-0.024658702632092393,0.0,0.0002878028356017075,-0.1697238912213705,-0.048208373945627374,0.1048392270492079
-0.03325219999309041,-0.029043651137521123,0.0,0.010543335915181038,-0.22875369474230056,-0.03172619929613041,0.14851951974867025
-0.021293231699274252,-0.020183240914613976,0.0,0.010798249072342931,-0.17093912104455983,0.03724677543319243,0.08643886045646478
-0.03325219999309041,-0.02486735482874048,0.0,-0.0001111324130095537,-0.17849332585658623,-0.04392712670896975,0.11085437172336644
-0.018604663385270483,-0.01727279184511604,0.0,-0.2317425014549435,1.0361383961426678,-0.24298768577150598,-0.3832553454291774
-0.046293906138126006,-0.022095553336571754,0.0,0.009748957034227552,-0.1307054497816728,-0.016788764219303177,0.034320094499564656
-0.07448577968331888,-0.03287215960853734,0.0,0.011517329105397925,-0.261750808858906,-0.10312934578418817,0.2898585756495418
-0.016322430423833197,-0.018370964125574873,0.0,0.01984753929669711,-0.026603429881998066,-0.08011808536212496,-0.03551870370246627
-0.018474269007141466,-0.017826491682828037,0.0,-0.5488085268966758,-0.46498188053716477,1.8518125410173452,-0.9756773499672055
-0.017443730728962745,-0.021369932466108424,0.0,-0.05501706273858717,-0.48039816201609753,0.026214411140997523,0.44491261112290165
-0.007492936354061703,-0.013166818734153443,0.0,-0.017300720551044892,1.2329985951247806,-0.5522922515260521,-0.2987916922679773
-0.018604663385270483,-0.017203064360769467,0.0,-0.2268955591716156,0.9787356134660833,-0.12567173447971575,-0.5851474554615541
-0.017606286648474637,-0.019647991087962904,0.0,0.015682700137104124,-0.18701259019058927,0.014756664722715588,0.03985700816675154
-0.10633625852824863,-0.079663586886666,0.0,0.017941233769516614,-0.1508391570154632,0.030781847746261318,0.2273575824130117
-0.018604663385270483,-0.017203064360769467,0.0,-0.22568319281116458,0.9788523907619907,-0.16213834894717902,-0.5877833917279159
-0.033250502132093095,-0.024861251598752562,0.0,0.00017624693800922527,-0.1785645458191759,-0.042948478146153816,0.11178498889488135
-0.014318258620069578,-0.023873375455065512,0.0,-0.0002289876244628072,0.01203918385194176,-0.14233163484389513,0.01093871426546462
-0.01723117881451158,-0.020370575234164665,0.0,0.003111838588599309,-0.16056063877258636,0.04062643751827273,-0.006862451268793847
-0.012098187990096815,-0.013803497310613892,0.0,0.14458874174866423,1.2863681391445991,-0.9593076893910725,-0.11728534189716817
-0.018604663385270483,-0.01727279184511604,0.0,-0.2369927271938486,1.0366836807257218,-0.42049748024652084,-0.34584363378472555
-0.010955428473700487,-0.016915665572326793,0.0,0.07795022899700314,-0.07190699272573968,0.059245428001917455,-0.004447217153120186
-0.016594932211223806,-0.01775762344243256,0.0,0.04320548687925223,-0.1539998779898877,0.012347993415071267,-0.08396162041181189
-0.017659216068620514,-0.01912596385168385,0.0,0.006868911919636622,-0.0664155834450839,-0.019102073311837147,-0.032937655408025485
-0.018604663385270483,-0.01727279184511604,0.0,-0.2318014080676722,1.0501350528745235,-0.24059496044146214,-0.3759584334034043
-0.07448577968331888,-0.03208692692424164,0.0,0.011517977725655054,-0.261750808858906,-0.10312934578418817,0.28926465637537924
-0.018474269007141466,-0.017820900245953564,0.0,-0.08163823187391647,-0.3365299303514402,0.6884739851763253,-0.41685305350908675
-0.046323329531165164,-0.03204143749541641,0.0,0.011283505414175067,-0.264105098464563,-0.049981939784217395,0.21579345581185252
-0.03212610810554655,-0.021693128927125046,0.0,0.0069298163029045175,-0.08900705703426719,-0.08586747045857267,0.05348298155610355
-0.01596306857672667,-0.018370964125574873,0.0,0.01984753929669711,-0.026603429881998066,-0.08767896467634433,-0.03414222288387192
-0.016188531869809147,-0.019424739075178152,0.0,0.0007042324871418679,-0.043481914365148054,-0.09056538193635143,0.0032852771550515715
-0.018264707509671036,-0.01683281400868671,0.0,-0.10883684928250084,-0.5580942761500043,2.100947356020764,-1.5714114998156852
-0.01054673743650385,-0.013906176424390604,0.0,-0.027731823677668237,1.056765899817455,-0.5911577681854396,-0.49395191077337697
-0.018604663385270483,-0.01727279184511604,0.0,-0.2317425014549435,1.0361383961426678,-0.24298768577150598,-0.3832553454291774
-0.01392870314499925,-0.01718139821921873,0.0,0.04522293258792897,-0.11205724640114499,0.03233325980757011,-0.058723192936786496
-0.015150702142792197,-0.02386022056812259,0.0,-0.031645898288761624,0.12558146517799434,-0.20839432464917843,-0.022298980707346806
-0.01809855736116346,-0.018440416748245713,0.0,0.012377537905222051,-0.060492351534545005,-0.006630302073648791,-0.03880181133331642
-0.015039271688719156,-0.017009118621663162,0.0,0.027119520871709775,-0.22607622073457695,0.41199026057613414,-0.3437859017345892
-0.01729985422151399,-0.01912596385168385,0.0,0.008188528920327382,-0.06891415259316537,-0.02520512817894344,-0.035687796870713925
-0.022131083674985962,-0.022084866174505603,0.0,0.02048687969113893,-0.07641326163291777,-0.023250973739011527,-0.031117175771090577
-0.017477304070200865,-0.018136421132508067,0.0,0.015208607679487372,-0.03421229820838962,-0.07010994061690998,-0.0422853217083203
-0.007492936354061703,-0.013166818734153443,0.0,-0.03607778357553312,1.1523084599339117,-0.5843192520054046,-0.4014612772797277
-0.018897789261874142,-0.021984903190618073,0.0,0.008370013522659321,-0.06862122944311776,-0.005602396066339853,-0.014522792272083897
-0.04524994707529561,-0.03055759261302029,0.0,-0.008716140052688543,-0.19343064514597927,-0.07692303652836682,0.18718688375919382
-0.012116124503775557,-0.011553474753700043,0.0,-0.5010121449333722,1.0249913885777888,-0.38415876526293935,-0.3031941985474447
-0.017752395253950136,-0.01819774433786144,0.0,0.006079161052261245,-0.25054117943804166,0.8456048273809708,-0.727613219753396
-0.015756383312356268,-0.017093749393811624,0.0,-0.038779338195328694,0.05537013353000726,-0.14635253458526087,-0.005443463359058648
-0.016322430423833197,-0.018346060026661785,0.0,0.030042627475529854,-0.026471439996127097,-0.07924570991299257,-0.04352500616775659
-0.02240970899301975,-0.022763183037757262,0.0,0.023740343820433784,-0.067013526792816,-0.018663762336777696,-0.06915234379817445
-0.01753938108153459,-0.01898667131324007,0.0,-0.012588377194380235,-0.2533459976083746,0.8236475740865083,-0.6849891572993423
-0.00744842657434001,-0.013002779174681924,0.0,-0.02358260621082485,1.1784530055870692,-0.601361748802917,-0.3643158876956829
-0.01760084182066261,-0.01964188785797499,0.0,0.00968837666173317,-0.13179492161000586,-0.04461663084801065,0.03231293831009087
-0.017221629057259703,-0.01598343589090149,0.0,0.02938859414440983,-0.05361035813174788,-0.03756260521957254,-0.060670375768681166
-0.018157711809724496,-0.017660737057957215,0.0,0.019315014326979525,-0.17582167204494045,0.022783536826540097,0.018365085175711886
-0.01392870314499925,-0.01718139821921873,0.0,0.04522293258792897,-0.11205724640114499,0.03233325980757011,-0.058723192936786496
-0.017602539681659927,-0.019647991087962904,0.0,0.010723744036577052,-0.1318641570538998,-0.03940500056014941,0.023040899513964538
-0.011485724475474881,-0.013691593668979183,0.0,0.13618112129897994,1.2619302278118816,-0.9867494631161348,-0.21078216977809777
-0.01753938108153459,-0.01898667131324007,0.0,-0.012588377194380235,-0.2533459976083746,0.8236475740865083,-0.6849891572993423
-0.01930105375138229,-0.020615433589835825,0.0,-0.23007076491330156,0.992730834385151,-0.09033804017243052,-0.5155281069361813
-0.017666204594300676,-0.018859064112584274,0.0,-0.003445793415785334,-0.07104552663877706,-0.05197417003036659,0.0003400713665379458
-0.016057520590519327,-0.018145072378501177,0.0,0.01187612345494637,-0.02718845474572502,-0.0865764269527931,-0.016762288528503515
-0.01930105375138229,-0.020615433589835825,0.0,-0.22878366272772,0.9933639866373302,-0.09450191654355933,-0.5542115456035683
-0.018604663385270483,-0.01727279184511604,0.0,-0.2310898390941013,1.027887545201777,-0.2350197057139604,-0.3912238721559452
-0.033250502132093095,-0.02925953774459919,0.0,0.011196618228023673,-0.21841360817651997,-0.049750292232073855,0.15263649889637163
-0.017659216068620514,-0.0188418518558672,0.0,0.017132437582127784,-0.0699934938830848,-0.010386217801997022,-0.07128436907103054
-0.017627156318749705,-0.012578460589755295,0.0,-1.181589848799715,1.222808328077753,-1.110050798728538,0.2858425545266288
-0.01833879656732675,-0.022414321119724568,0.0,0.06532946560947626,0.12455495392375202,-0.23676599493174869,0.13261961174980255
-0.0173317034684835,-0.019422682962010232,0.0,0.05442851829063868,0.08113505699764145,-0.2029331204199811,-0.013910633763043022
-0.017602539681659927,-0.019647991087962904,0.0,0.010862069703744356,-0.13401587194960213,-0.03190774565568608,0.02662844431887083
-0.017477304070200865,-0.018541943636469542,0.0,0.004833623223846899,-0.02162101668203068,-0.07490502782686942,-0.044529506754822486
-0.033250502132093095,-0.025937425179089445,0.0,0.009504731261330486,-0.22162696947340707,-0.04487009220829493,0.1463408269819443
-0.022839997062789687,-0.02482029515495252,0.0,0.061964897715255485,0.20566751099386815,-0.3338616342914383,0.05454318372724684
3.8993664275581543,3.0304674016247226,0.0,0.3633836329637603,0.44472457542333926,1.8618508220590626,2.2977923421694104
-0.016078457458585355,-0.01598343589090149,0.0,0.029039978459767253,-0.050989037107208646,-0.04435578816454036,-0.05763621955738334
-0.012116124503775557,-0.013311790645720812,0.0,-0.4580418953878253,1.0294803033955569,-0.3905126128034225,-0.3347216159940799
-0.01729985422151399,-0.01912596385168385,0.0,0.011911810981674991,-0.07645568598162807,-0.00891206107423527,-0.023058246530121906
-0.034982841583815406,-0.030503695666795283,0.0,-0.008187671576532702,-0.18742985735962883,-0.05722213232557119,0.14850374965285423
-0.02858999435030228,-0.024495973108776724,0.0,-0.3319014862723926,-0.5072070114914977,0.15293299028604823,0.5397601294732041
-0.018604663385270483,-0.01727279184511604,0.0,-0.22141465631407403,1.029302431459984,-0.22735905028980977,-0.3616205207277915
-0.016078457458585355,-0.01598343589090149,0.0,0.029490159581458647,-0.05099958587114916,-0.04365788746329005,-0.05653948445031275
-0.022993538769153627,-0.01418737790612548,0.0,0.009097883926266205,-0.14533484871819602,-0.05703980671077071,0.0599546983090386
-0.017443730728962745,-0.021369932466108424,0.0,-0.05501706273858717,-0.48039816201609753,0.026214411140997523,0.44491261112290165
-0.01782458142834593,-0.025375097544386608,0.0,0.005829409077491621,-0.15423819769774463,0.07255015094676054,-0.054347060398210974
-0.01723117881451158,-0.021369932466108424,0.0,-0.0019502051822370562,-0.07615303939265124,-0.03200311992221853,-0.03756948009952663
-0.03325219999309041,-0.029043651137521123,0.0,0.011903294242370141,-0.22165439323798097,-0.04727681451632366,0.1510969073205788
-0.015150702142792197,-0.02386022056812259,0.0,-0.011183479840861174,0.17101320809364262,-0.23186444993421768,-0.033271545904804266
-0.07341409508844662,-0.032908906004324986,0.0,-0.010658048279067949,-0.20015262384099766,-0.1093127236370609,0.25324132142054046
-0.012418398278804447,-0.014498270983610364,0.0,0.11624288938797404,1.1786541561678607,-0.8906983391947962,-0.32722707749389546
-0.015756383312356268,-0.017093749393811624,0.0,-0.038779338195328694,0.05537013353000726,-0.14635253458526087,-0.005443463359058648
-0.01729985422151399,-0.018891420858617045,0.0,0.008188528920327382,-0.06891415259316537,-0.026556683230096623,-0.03566905013091316
-0.04418626579020188,-0.0222125952414606,0.0,-0.005877653551716402,-0.13224485908357647,-0.0008312478160133243,0.036623619239251115
-0.016188531869809147,-0.019424739075178152,0.0,0.0007042324871418679,-0.043481914365148054,-0.09056538193635143,0.0032852771550515715
-0.017074228260190952,-0.01851544302787989,0.0,0.02590510112123251,-0.054470821569384986,-0.03343372033740464,-0.037545353577470575
-0.017602539681659927,-0.019647991087962904,0.0,0.010214022915533558,-0.13173179702577265,-0.04054852234906246,0.029626788186252872
-0.03451169511652668,-0.021779825174646546,0.0,0.07774822214910312,0.05089259392484889,-1.8988962323583136,1.8590478909472334
-0.045251644936292926,-0.030490734393755853,0.0,-0.011863881200589732,-0.20144457809872288,-0.06222814838447605,0.18369867495669337
-0.034023349236760835,-0.02053164122064995,0.0,-0.06753868966448238,-0.35994997640259546,0.23229057686157054,0.11645744856511064
-0.0173317034684835,-0.019422682962010232,0.0,0.05184495149245204,0.07693794700866204,-0.2167343885361712,-0.020145093051869754
-0.045251644936292926,-0.030490734393755853,0.0,-0.011863881200589732,-0.20144457809872288,-0.06222814838447605,0.18369867495669337
-0.017666204594300676,-0.018859064112584274,0.0,0.0017287870081157386,-0.07617351015147064,-0.04186346814203761,-0.015838006922544504
-0.032500276917545756,-0.024651833411154688,0.0,0.0005743213639086019,-0.16980535582590275,-0.047399429549717244,0.10487883923790042
-0.018604663385270483,-0.01727279184511604,0.0,-0.22141465631407403,1.029302431459984,-0.22735905028980977,-0.3616205207277915
-0.007266453744538808,-0.013203183579701868,0.0,0.07547308562419779,1.1170010513268311,-0.8647977628021767,-0.3846865249296586
-0.01729985422151399,-0.01912596385168385,0.0,0.007305660066099002,-0.06971787066763419,-0.017366994446370403,-0.03926135480275486
-0.017221629057259703,-0.01598343589090149,0.0,0.02938859414440983,-0.05361035813174788,-0.03756260521957254,-0.060670375768681166
-0.012060603930782128,-0.016249168537793426,0.0,0.0392931696820479,-0.09474656134513923,0.02609186968607595,-0.059961794384661496
-0.016322430423833197,-0.018616969916103718,0.0,0.019214424894855826,-0.025805846457713544,-0.09119155550237097,-0.032472095374386556
-0.07448577968331888,-0.03208692692424164,0.0,0.011517977725655054,-0.261750808858906,-0.10312934578418817,0.28926465637537924
-0.017846580654210808,-0.016915665572326793,0.0,0.037862582048523524,-0.06845478971854863,-0.019748266621831382,-0.05402028633322118
-0.026001473007520287,-0.01964188785797499,0.0,0.007663791099089031,-0.13560490464658514,-0.038944445696754995,0.047618988890383566
-0.03212610810554655,-0.0203317740424611,0.0,0.008380294543048717,-0.07086082485671553,-0.08586747045857267,0.034410696260549226
-0.015144286748816104,-0.016953900381406848,0.0,0.297582358499825,-0.5284104898436928,2.190002086592888,-2.074709159292952
-0.016078457458585355,-0.01598343589090149,0.0,0.029490159581458647,-0.05099958587114916,-0.04365788746329005,-0.05653948445031275
-0.033250502132093095,-0.029037547907533205,0.0,0.011406248451069701,-0.21856198086849252,-0.05169065905755319,0.15653509939343405
-0.015150702142792197,-0.02386022056812259,0.0,-0.05377477567664038,-0.2112622830213203,-0.19841800087213782,0.44685068156398117
-0.017506353044604128,-0.02242747600666749,0.0,0.023345845908628877,-0.09932542969151346,-0.05209088890252566,0.1431783918204115
-0.03278235610041727,-0.02728011771434746,0.0,0.004624662123893623,-0.09203771212627015,-0.06396176229165042,0.06836889795585618
-0.032180515398218174,-0.02439359129836657,0.0,-0.01198660408767497,-0.1702318248485562,-0.04399377503198309,0.11534232762080367
-0.012060603930782128,-0.016249168537793426,0.0,0.0392931696820479,-0.09474656134513923,0.02609186968607595,-0.059961794384661496
-0.018248670479681733,-0.01695262892325427,0.0,-0.07859429823981075,-0.2576854735541215,0.6399937435275309,-0.4627832474905986
-0.03212610810554655,-0.0203317740424611,0.0,0.006433295561728973,-0.07086077361784802,-0.08409487800199425,0.03327804832664146
-0.0744874775443162,-0.03287826283852525,0.0,0.011408560952022096,-0.2616795376574488,-0.100209791711463,0.28441811247039867
-0.015150702142792197,-0.02360101267121902,0.0,-0.016986973182677487,0.06394007782719205,-0.20729614564824084,0.03876439172975977
-0.017606286648474637,-0.019647991087962904,0.0,0.015682700137104124,-0.18701259019058927,0.014756664722715588,0.03985700816675154
-0.017487218807104285,-0.016940569671239882,0.0,0.03788566090273549,-0.08970936694466616,-0.017197187353668535,-0.016146500458883738
-0.018897789261874142,-0.021984903190618073,0.0,0.004912233820279609,-0.07052597489464618,-0.0049816273199816625,-0.008123984430734262
-0.01930105375138229,-0.01727279184511604,0.0,-0.2324143670609399,1.0284860444049648,-0.20226576241776137,-0.38194843076413926
-0.01050667487718489,-0.01873965742380735,0.0,-0.002989655264634235,-0.06700703292040697,0.023358785446258162,-0.052033360374405736
-0.017477304070200865,-0.018136421132508067,0.0,0.015208607679487372,-0.03421229820838962,-0.07010994061690998,-0.04279329353544852
-0.015762592872074065,-0.019444069323888553,0.0,-0.0024391384310343944,-0.04769234503789884,-0.08711656701735401,0.0053414106920104
-0.018604663385270483,-0.017203064360769467,0.0,-0.2268955591716156,0.9787356134660833,-0.12567173447971575,-0.5851474554615541
-0.018913150669645648,-0.021981385453583305,0.0,-0.0013268638768119054,-0.09403315098268446,-0.0027221819759621186,-0.018415492895301803
-0.02170262856697045,-0.021717214335072354,0.0,0.03610569384536201,-0.061285048024037905,-0.06319847341797016,0.001522034085625667
-0.016322430423833197,-0.018346060026661785,0.0,0.030042627475529854,-0.026471439996127097,-0.07924570991299257,-0.04352500616775659
-0.010696883407149041,-0.016017643982210294,0.0,0.8951533390764634,2.1082446295079817,0.004994659903636807,0.06518929463397775
-0.04632163167016785,-0.03208692692424164,0.0,0.011609511419840126,-0.25438330425296884,-0.06867260173851542,0.22429885862069562
-0.018604663385270483,-0.01727279184511604,0.0,-0.2369927271938486,1.0366836807257218,-0.42049748024652084,-0.34584363378472555
-0.03212610810554655,-0.02167208048447648,0.0,0.004994969325246849,-0.0900888209636114,-0.08414893420638316,0.05231072143350326
-0.07448577968331888,-0.03287215960853734,0.0,0.011517329105397925,-0.261750808858906,-0.10312934578418817,0.2898585756495418
-0.07448577968331888,-0.03287017566891612,0.0,0.011418914319288985,-0.26150628656199987,-0.09957437734044992,0.28441811247039867
-0.032178817537220857,-0.02419228492989219,0.0,-0.0004520554968047929,-0.15746272194761007,-0.05713751472584212,0.09997626424791327
-0.016322430423833197,-0.018086852129758222,0.0,0.03787015231915466,-0.03227895387225864,-0.062304201859672906,-0.07551457114225374
-0.01809855736116346,-0.018440416748245713,0.0,0.012377537905222051,-0.060492351534545005,-0.006630302073648791,-0.03880181133331642
-0.01782458142834593,-0.025375097544386608,0.0,0.005829409077491621,-0.15423819769774463,0.07255015094676054,-0.054347060398210974
-0.016322430423833197,-0.018136421132508067,0.0,0.02071808343125571,-0.02095691761590743,-0.09231493765435954,-0.0340499287234233
-0.014938150228341029,-0.02360101267121902,0.0,0.030529220275446117,0.03711397481056977,-0.16520965363081566,0.03210610475378563
-0.03409102228847642,-0.026050868737305725,0.0,0.018204526655389776,-0.12418167783098401,-0.07204411276729815,0.05852409634524369
-0.0744874775443162,-0.032093030154229554,0.0,0.012402409162528534,-0.2648369140444115,-0.0980764769715624,0.283826464302524
-0.03325219999309041,-0.02486735482874048,0.0,0.0008820671772397583,-0.18165070224354884,-0.04179381196906914,0.11174764781247674
-0.017050305795971627,-0.01911354282969484,0.0,0.00022920768212936223,-0.10101429638239252,-0.01541272527751396,-0.02384268765141353
-0.017337704564467694,-0.0254295642719668,0.0,0.007299753251217572,-0.1543223426204258,0.07295568650957678,-0.05200458942237777
-0.012429790919111935,-0.014072488899618584,0.0,0.13375620951667835,1.258630349611746,-1.0795619528191394,-0.17109353202165029
-0.017050305795971627,-0.01911354282969484,0.0,-1.46890783633215e-05,-0.10442751017304557,-0.009950859096840802,-0.02384268765141353
-0.01794515989527333,-0.017485316040307276,0.0,0.03882548221169931,-0.19350126817319843,0.05837128322059053,-0.0028031142112881426
-0.022839997062789687,-0.02482029515495252,0.0,0.07115100795151792,0.2041901374254432,-0.16852390711989357,0.08650896138522862
-0.017477304070200865,-0.018136421132508067,0.0,0.015208607679487372,-0.03421229820838962,-0.07010994061690998,-0.0422853217083203
-0.006947234319273789,-0.01257942231984001,0.0,-0.017867642935377223,1.0892677924653227,-0.7395013994634472,-0.4004151492293056
-0.01930105375138229,-0.020685161074182397,0.0,-0.23176951958705866,1.0279082006482714,-0.19716537235742204,-0.37938419459747513
-0.018604663385270483,-0.01727279184511604,0.0,-0.23542039997715533,1.0349342058770046,-0.3861765718353024,-0.35504248044568215
-0.019257151108980665,-0.021984903190618073,0.0,0.010257329932126153,-0.06610314983952231,-0.0025508771056090736,-0.010068076044210138
-0.020281143655464583,-0.024750393364993455,0.0,0.06874667187913813,0.09169757136039718,-0.18400500588364296,-0.08091917307124041
-0.017659216068620514,-0.018891420858617045,0.0,0.008188528920327382,-0.06891415259316537,-0.018995803915877314,-0.037045530949507514
-0.006947234319273789,-0.01257942231984001,0.0,-0.017867642935377223,1.0892677924653227,-0.7395013994634472,-0.4004151492293056
-0.017050305795971627,-0.01911354282969484,0.0,-1.46890783633215e-05,-0.10442751017304557,-0.009950859096840802,-0.02384268765141353
-0.01596306857672667,-0.018370964125574873,0.0,0.019257732918183713,-0.02824350724503604,-0.08151315290469362,-0.037880720674266
-0.017050305795971627,-0.01911354282969484,0.0,0.00022920768212936223,-0.09757625683657453,-0.019639602517944436,-0.02384268765141353
-0.009532125074774215,-0.013166818734153443,0.0,-0.02858485221400818,1.1866068146523996,-0.5595598248145046,-0.3678045839187617
-0.032180515398218174,-0.024180089647802546,0.0,-0.002180567626263737,-0.16552815239306792,-0.04430636410626545,0.0990308661583626
-0.07448577968331888,-0.03287215960853734,0.0,0.011517329105397925,-0.261750808858906,-0.10312934578418817,0.2898585756495418
-0.018474269007141466,-0.017820900245953564,0.0,0.05594258103675579,-0.38865752830117684,1.2045931067668185,-0.9907672102059736
-0.021948279639857075,-0.02211973621355264,0.0,0.003542501713708258,-0.10463849070095746,0.028554253670788576,-0.029665961713589414
-0.02858999435030228,-0.024495973108776724,0.0,-0.3319014862723926,-0.5072070114914977,0.15293299028604823,0.5397601294732041
-0.0744874775443162,-0.034445109536484046,0.0,0.011408543178378737,-0.2616804858124458,-0.10008340968322735,0.28603104210132274
-0.0198122621857047,-0.02211973621355264,0.0,0.0037492638794561577,-0.1005928397384226,0.0014206338938784532,-0.02576043886687096
-0.046323329531165164,-0.032093030154229554,0.0,0.01150693739282978,-0.26468217803627775,-0.05092810164035414,0.2188466863379611
3.2329987239495335,2.454386263096434,0.0,0.2124247119949396,0.02806452243609086,-0.27497637327592295,1.2149830641396506
-0.04632163167016785,-0.032035334265428504,0.0,0.01099869379561237,-0.25381253186523706,-0.0683654641537749,0.22124562809458706
-0.021948279639857075,-0.02211973621355264,0.0,0.003543152003923821,-0.10646693443752399,0.032359549790018385,-0.030959034185165078
-0.012423564094711957,-0.021959999091704985,0.0,-0.018490822753180508,-0.0563879332538195,0.018769735864992566,-0.04761396805534364
-0.012422290901546356,-0.021959999091704985,0.0,-0.0213199270920354,-0.05732687011995832,0.02015563589264312,-0.03736115680887559
-0.01760084182066261,-0.01964188785797499,0.0,0.010075762307306217,-0.13178861442602285,-0.043977606576614384,0.03231293831009087
-0.012418398278804447,-0.014436833356587781,0.0,0.12038702866536558,1.2229062709390888,-0.9409633852226025,-0.1435139064552712
-0.04632163167016785,-0.032035334265428504,0.0,0.011177304993255316,-0.2538124806263695,-0.06446726151823379,0.21584477710413638
-0.017050305795971627,-0.01911354282969484,0.0,-1.46890783633215e-05,-0.10442751017304557,-0.009950859096840802,-0.02384268765141353
-0.017050305795971627,-0.01911354282969484,0.0,0.00022920768212936223,-0.10101429638239252,-0.01541272527751396,-0.02384268765141353
-0.05371160529590835,-0.03208692692424164,0.0,0.011517977725655054,-0.25351647417493683,-0.069796885689659,0.22714310554599287
-0.006947234319273789,-0.01257942231984001,0.0,-0.017867642935377223,1.0892677924653227,-0.7395013994634472,-0.4004151492293056
-0.017487218807104285,-0.016940569671239882,0.0,0.038033212333432306,-0.09442038337311383,-0.007216071925670711,-0.008030496843511523
-0.07448577968331888,-0.03287215960853734,0.0,0.011517329105397925,-0.261750808858906,-0.10312934578418817,0.2898585756495418
-0.017666204594300676,-0.018859064112584274,0.0,-0.0015753111357356888,-0.08162737860387025,-0.037848498891805846,0.004706791924747678
-0.012196817263414407,-0.011830819221587895,0.0,-0.7246256094043381,2.128725023338691,-0.19582275318916398,1.5297666745859564
-0.02651418110663375,-0.021610472916389872,0.0,0.00820493020331575,-0.12772199196486583,-0.06956681467795893,0.06413079624051883
-0.017050305795971627,-0.01911354282969484,0.0,0.00022920768212936223,-0.10101429638239252,-0.01541272527751396,-0.02384268765141353
-0.059136097112965205,-0.021382762790078794,0.0,0.029042758598809656,-0.13416208709256391,-0.03187818137847821,0.04053070558365779
-0.016492519551376223,-0.015914626703175797,0.0,0.022630781557700423,-0.14732762641139205,0.04517745723124773,-0.05511196440119392
-0.010021415210069617,-0.016249168537793426,0.0,0.04002227338766206,-0.09245914453715066,0.008025818798879548,-0.05728477168720758
-0.017050305795971627,-0.01911354282969484,0.0,-1.46890783633215e-05,-0.10442751017304557,-0.009950859096840802,-0.02384268765141353
-0.04682266503045331,-0.03208692692424164,0.0,0.011609439751887404,-0.2543670381536811,-0.06856220820793602,0.22522922289694333
-0.011485724475474881,-0.013691593668979183,0.0,0.14456868412288298,1.2810037490698192,-0.9783355247475916,-0.1439235739017179
-0.01571352015118431,-0.018248047894946735,0.0,0.009571948315053718,-0.05699872211327377,-0.06157709936685289,-0.016422930318109215
-0.01703659031125171,-0.019132091994019534,0.0,0.011740746697959487,-0.08464460492149849,-0.01799429416137751,-0.03958530686565436
-0.015150702142792197,-0.02386022056812259,0.0,-0.031645898288761624,0.12558146517799434,-0.20839432464917843,-0.022298980707346806
-0.017050305795971627,-0.01911354282969484,0.0,0.00022920768212936223,-0.10101429638239252,-0.01541272527751396,-0.02384268765141353
-0.03659842252289175,-0.02728011771434746,0.0,0.005565995131796304,-0.09631174609247099,-0.00635395991303003,0.06308267312867956
-0.017050305795971627,-0.01911354282969484,0.0,0.00022920768212936223,-0.10101429638239252,-0.01541272527751396,-0.02384268765141353
-0.017117942223094342,-0.018370964125574873,0.0,0.014618801300973976,-0.03585237557142759,-0.07015345310832541,-0.04517405724704899
-0.04632163167016785,-0.032035334265428504,0.0,0.011386079441185406,-0.253806224681254,-0.06772643988237867,0.22124562809458706
-0.017221629057259703,-0.01598343589090149,0.0,0.02938859414440983,-0.05361035813174788,-0.03756260521957254,-0.060670375768681166
-0.017659216068620514,-0.018891420858617045,0.0,0.008188528920327382,-0.06891415259316537,-0.018995803915877314,-0.037045530949507514
-0.0198122621857047,-0.02211973621355264,0.0,0.0037492638794561577,-0.1005928397384226,0.0014206338938784532,-0.02576043886687096
-0.017666204594300676,-0.018859064112584274,0.0,0.0036822381865806633,-0.06509089747743102,-0.04341673815764738,-0.019085259272703332
-0.032178817537220857,-0.027484860866251414,0.0,-0.010102187234872547,-0.15920647436677246,-0.0589078702167104,0.11900292717357626
-0.018474269007141466,-0.017820900245953564,0.0,-0.17223975520495377,-0.39886555437400906,0.9530372338009808,-0.5241990539153449
-0.01723117881451158,-0.021369932466108424,0.0,-0.014071399237588645,-0.2511692870962,0.1550993460630034,0.1663121143030755
-0.05371160529590835,-0.03208692692424164,0.0,0.011400665303957317,-0.25339206200640607,-0.06530302984379113,0.21989163554924235
-0.01103573804494525,-0.012739438961809808,0.0,0.6393478313557691,1.754959844127055,-0.6494100407542938,0.07277598990124436
-0.014841168926232818,-0.01543127920693047,0.0,-0.01721692666311097,0.05522237923528666,-0.17549337063428785,-0.023381714236657476
-0.032180515398218174,-0.02749294803586055,0.0,-0.010055378810311322,-0.1602221702866384,-0.05963061323221579,0.11838777117435208
-0.017627156318749705,-0.017203064360769467,0.0,-0.1935488968508972,0.9485714546865504,-0.2261017916452439,-0.5740021221894277
-0.017659216068620514,-0.019371969642212696,0.0,0.007242224326075442,-0.06962769561101498,-0.029914618450017916,-0.031092415262252638
-0.016322430423833197,-0.018346060026661785,0.0,0.030012147055686632,-0.0261500887799113,-0.07930950780135673,-0.04426117566603701
-0.032271707494961624,-0.02728011771434746,0.0,0.0037702321057123717,-0.09557576096957004,-0.06739901378650412,0.05346449633848341
-0.017666204594300676,-0.018859064112584274,0.0,-0.0032821928059088967,-0.0832391373052813,-0.04067006960974787,0.004656593721237083
-0.016188531869809147,-0.019424739075178152,0.0,0.0007042324871418679,-0.043481914365148054,-0.09056538193635143,0.0032852771550515715
-0.0173317034684835,-0.019422682962010232,0.0,0.05442851829063868,0.08113505699764145,-0.2029331204199811,-0.013910633763043022
-0.03159631392827394,-0.02311555927249308,0.0,0.010328922143913302,-0.11664836567383358,-0.07440836596046468,0.06362120965979705
-0.01596306857672667,-0.018370964125574873,0.0,0.02386388383375971,-0.034981322559029936,-0.07305821953255848,-0.021677612401633045
-0.017659216068620514,-0.019101059752770762,0.0,0.004947629542145042,-0.06533431251611443,-0.02594788927310362,-0.03824387013680479
-0.022839997062789687,-0.02482029515495252,0.0,0.061964897715255485,0.20566751099386815,-0.3338616342914383,0.05454318372724684
-0.017602539681659927,-0.019647991087962904,0.0,0.01408931268831006,-0.14328908659400344,-0.03308648960183584,0.0298471325647777
-0.046323329531165164,-0.032093030154229554,0.0,0.01150693739282978,-0.26468217803627775,-0.05092810164035414,0.2188466863379611
-0.026512483245636435,-0.021604369686401958,0.0,0.007320498766442275,-0.12463588677936038,-0.07461968349058466,0.06956898831337414
-0.01822910190655862,-0.018276377188774194,0.0,0.012077267459120128,-0.044705516065942544,-0.02290713219508224,-0.043888589920780235
-0.016322430423833197,-0.018370964125574873,0.0,0.01984753929669711,-0.026603429881998066,-0.08011808536212496,-0.03551870370246627
-0.01571352015118431,-0.018248047894946735,0.0,0.009571948315053718,-0.05699872211327377,-0.06157709936685289,-0.016422930318109215
-0.017330828281724688,-0.017885677848165506,0.0,1.0661890584924267,-0.09413101686436746,-1.035806165448995,-0.046880189029357755
-0.009532125074774215,-0.013166818734153443,0.0,-0.028583564894489308,1.186415543819843,-0.5541182204899193,-0.3716088380927307
-0.022943030379276,-0.02393050699093047,0.0,0.02054938702500973,-0.036161514512115585,-0.03543121316003749,-0.07797065737968684
-0.014865437975756174,-0.021629140363011994,0.0,0.006783507010885218,-0.06534504079298302,-0.017188558765737234,-0.03449029128638539
-0.009291937352883592,-0.013753503253105068,0.0,0.19867816355172005,1.4046240030109531,-1.3620627200540312,-0.0013960547582501938
-0.017949417312030678,-0.019251893589664174,0.0,0.0034082964903222593,-0.11396173096689684,0.0020818537009359844,-0.027194461348083315
-0.017513887753804427,-0.020274448628164358,0.0,0.006841977241515468,-0.0742385494569701,-0.05882075967266371,-0.000382686041787093
-0.010955428473700487,-0.016915665572326793,0.0,0.07838827849701101,-0.06774300004330246,0.06459445338434093,0.0017118199323364188
-0.018604663385270483,-0.01727279184511604,0.0,-0.22141465631407403,1.029302431459984,-0.22735905028980977,-0.3616205207277915
-0.026512483245636435,-0.021604369686401958,0.0,0.007320498766442275,-0.12463588677936038,-0.07461968349058466,0.06956898831337414
-0.0340960325368084,-0.023532290404590844,0.0,0.0026523647486116036,-0.18224580175042193,-0.057710338340207536,0.124094029262867
-0.032180515398218174,-0.02749294803586055,0.0,-0.011244092372394647,-0.1589938728721409,-0.05952302311658232,0.11900212646541973
-0.03325219999309041,-0.029043651137521123,0.0,0.011303674424059358,-0.22886085465180134,-0.033946158959391994,0.15108292711069954
-0.017661005566564105,-0.018859064112584274,0.0,0.05146103623641389,-0.1628255892274613,0.646495006039478,-0.664417149723193
-0.018474269007141466,-0.017826491682828037,0.0,-0.5488085268966758,-0.46498188053716477,1.8518125410173452,-0.9756773499672055
-0.022993538769153627,-0.01418737790612548,0.0,0.009097883926266205,-0.14533484871819602,-0.05703980671077071,0.0599546983090386
-0.017050305795971627,-0.01911354282969484,0.0,-1.46890783633215e-05,-0.10442751017304557,-0.009950859096840802,-0.02384268765141353
-0.033250502132093095,-0.029035563967911987,0.0,0.010920448019387718,-0.21832376575556942,-0.0487747148852112,0.15109463621429087
-0.018197474103260978,-0.019251893589664174,0.0,0.003445320792999423,-0.1151888642042383,0.014469359407770648,-0.026759932758698944
-0.01751218989280711,-0.020287409901203788,0.0,0.008531156316762281,-0.07821369675072005,-0.055779358572431284,-0.004534175852416571
-0.012060603930782128,-0.016249168537793426,0.0,0.0392931696820479,-0.09474656134513923,0.02609186968607595,-0.059961794384661496
-0.017487218807104285,-0.017176929582398283,0.0,0.03748594872486221,-0.0980979834559626,-0.007084931835826452,-0.007768178872108025
-0.017117942223094342,-0.018370964125574873,0.0,0.014618801300973976,-0.03585237557142759,-0.07015345310832541,-0.04517405724704899
-0.017337704564467694,-0.0254295642719668,0.0,0.007554131409456216,-0.15670758642852292,0.06941676268692758,-0.05165591989849957
-0.010154116014879772,-0.019163475065106662,0.0,0.03701198857533375,0.08593313581881966,-0.2224342909695692,-0.06374634260093001
-0.009291937352883592,-0.013753503253105068,0.0,0.19867816355172005,1.4046240030109531,-1.3620627200540312,-0.0013960547582501938
-0.045251644936292926,-0.030490734393755853,0.0,-0.011863881200589732,-0.20144457809872288,-0.06222814838447605,0.18369867495669337
-0.018604663385270483,-0.017203064360769467,0.0,-0.22560409395051542,0.9829141203468631,-0.18656710421160788,-0.5866043150906736
-0.017666204594300676,-0.018859064112584274,0.0,-0.003445793415785334,-0.07104552663877706,-0.05197417003036659,0.0003400713665379458
-0.017666204594300676,-0.018859064112584274,0.0,-0.003445793415785334,-0.07104552663877706,-0.05197417003036659,0.0003400713665379458
-0.00929142248536991,-0.019422682962010232,0.0,0.0011200707021544343,-0.03169476666286573,-0.05218511506902665,-0.06615023542587249
-0.030695628694052218,-0.021779825174646546,0.0,0.07634423703351706,-0.03262000048084278,-1.9810064562431184,1.8465452721457092
-0.00935367166237484,-0.019422682962010232,0.0,-0.027894950585804094,-0.04124119918549307,-0.013654285610513121,-0.04413475393469545
-0.016943683714795793,-0.01851544302787989,0.0,0.027934470798727698,-0.053633127119746715,-0.028652683538159158,-0.03579302949563106
-0.02045876279554734,-0.01964188785797499,0.0,0.00983931259970357,-0.12877805186839428,-0.044737486996871516,0.03383709253388933
-0.018604663385270483,-0.01727279184511604,0.0,-0.23680250801858202,1.0347958576716494,-0.4142948750507022,-0.3457042333891266
-0.012196817263414407,-0.011830819221587895,0.0,-0.3940088755565541,1.0457751962612947,-0.3897640228908427,-0.06465335226556533
-0.017627156318749705,-0.012637651461280111,0.0,1.6187098896257741,3.3779938507507334,1.9388689760239988,2.5589181526982783
-0.018604663385270483,-0.01727279184511604,0.0,-0.2369927271938486,1.0366836807257218,-0.42049748024652084,-0.34584363378472555
-0.017659216068620514,-0.018891420858617045,0.0,0.008188528920327382,-0.06891415259316537,-0.018995803915877314,-0.037045530949507514
-0.016188531869809147,-0.019424739075178152,0.0,0.0007042324871418679,-0.043481914365148054,-0.09056538193635143,0.0032852771550515715
-0.022131083674985962,-0.023503388470580665,0.0,0.024423261169151354,-0.070867972093188,-0.007241406577608088,-0.037227105436871584
-0.016062987334460394,-0.01741654073297055,0.0,0.8022413310132066,-0.000530662715604915,-0.6170839585173507,-0.2186997812506084
-0.011485724475474881,-0.013691593668979183,0.0,0.13618112129897994,1.2619302278118816,-0.9867494631161348,-0.21078216977809777
-0.031100875394239617,-0.02178670616426773,0.0,0.36442374950882395,-0.5428777302978964,1.6908110991925924,-1.502167519287403
-0.032178817537220857,-0.024193050920841976,0.0,-0.00045119467409290116,-0.15745247730566753,-0.056967810558936294,0.09908525926509089
-0.017487218807104285,-0.016940569671239882,0.0,0.038033212333432306,-0.09442038337311383,-0.007216071925670711,-0.008030496843511523
-0.017487218807104285,-0.016940569671239882,0.0,0.03809519588029973,-0.0897977629336741,-0.01335301456880397,-0.015699750585993176
-0.01766450673330336,-0.018854119856072323,0.0,0.0011129158054934152,-0.07446637673531895,-0.053019044167493284,0.005893832965383742
-0.046323329531165164,-0.032093030154229554,0.0,0.01150693739282978,-0.26468217803627775,-0.05092810164035414,0.2188466863379611
-0.01103573804494525,-0.012739438961809808,0.0,0.6393478313557691,1.754959844127055,-0.6494100407542938,0.07277598990124436
-0.018897789261874142,-0.021984903190618073,0.0,0.008370013522659321,-0.06862122944311776,-0.005602396066339853,-0.014522792272083897
-0.018474269007141466,-0.017820900245953564,0.0,0.05594258103675579,-0.38865752830117684,1.2045931067668185,-0.9907672102059736
-0.018157711809724496,-0.017660737057957215,0.0,0.03589602404102601,-0.15363875831720314,0.017482187219247724,-0.010128522171936634
-0.017477304070200865,-0.018541943636469542,0.0,0.004833623223846899,-0.02162101668203068,-0.07490502782686942,-0.044529506754822486
-0.020137746081875973,-0.018440416748245713,0.0,0.012157609421236774,-0.05153091916498055,0.009503569613552856,-0.05374202167987838
-0.017659216068620514,-0.019101059752770762,0.0,0.004947629542145042,-0.06533431251611443,-0.02594788927310362,-0.03824387013680479
-0.02215533565309544,-0.022414321119724568,0.0,0.277639642062634,-0.39544997621926603,0.1827266361410997,1.1094094366163347
-0.018248670479681733,-0.01695262892325427,0.0,-0.07859429823981075,-0.2576854735541215,0.6399937435275309,-0.4627832474905986
-0.029690414642366995,-0.014338641665735145,0.0,0.008893043047123224,-0.14439520296732108,-0.06605252598157425,0.07286998079064777
-0.01729985422151399,-0.018891420858617045,0.0,0.008188528920327382,-0.06891415259316537,-0.026556683230096623,-0.03566905013091316
-0.017666204594300676,-0.018859064112584274,0.0,-0.003445793415785334,-0.0697308477196289,-0.05689643399180481,0.0046677534422530035
-0.022131083674985962,-0.022084866174505603,0.0,0.019334704334776957,-0.09732491318900706,-0.008125009840297135,-0.020287956836033735
-0.026512483245636435,-0.019686251999232303,0.0,0.0073283595476448795,-0.12208526462409461,-0.07461968349058466,0.06604607462402429
-0.05083337925365635,-0.030757695044588716,0.0,0.014313380007958879,-0.1413380541629852,-0.018042866821614423,0.05927337797725196
-0.046323329531165164,-0.032093030154229554,0.0,0.01150693739282978,-0.26468217803627775,-0.05092810164035414,0.2188466863379611
-0.032180515398218174,-0.02749294803586055,0.0,-0.010654998628622115,-0.16742863170045874,-0.04629995767528406,0.11837379096447286
-0.017659216068620514,-0.01912596385168385,0.0,0.008188528920327382,-0.06891415259316537,-0.017644248864724096,-0.03706427768930828
-0.046323329531165164,-0.03204143749541641,0.0,0.011283505414175067,-0.264105098464563,-0.049981939784217395,0.21579345581185252
-0.0173317034684835,-0.019422682962010232,0.0,0.05091430124750987,0.07968225393854332,-0.20939288968880468,-0.02000617641770473
-0.006947234319273789,-0.01257942231984001,0.0,-0.017867642935377223,1.0892677924653227,-0.7395013994634472,-0.4004151492293056
-0.017337704564467694,-0.0254295642719668,0.0,0.009037507318547414,-0.15187399177255606,0.06949627834000249,-0.04875799559623025
-0.019257151108980665,-0.021984903190618073,0.0,0.010257329932126153,-0.06610314983952231,-0.0025508771056090736,-0.010068076044210138
-0.018897789261874142,-0.021959999091704985,0.0,0.010059911698858585,-0.06816260985603936,0.0027078850080186788,-0.018455235628976843
-0.022995236630150944,-0.014193481136113392,0.0,0.009803704165496736,-0.14842100514256903,-0.05588514053368606,0.05991735722663401
-0.012116124503775557,-0.013311790645720812,0.0,-0.4580418953878253,1.0294803033955569,-0.3905126128034225,-0.3347216159940799
-0.03325219999309041,-0.02486735482874048,0.0,0.00028244735892896426,-0.18885716365736926,-0.02846315641213751,0.11084266261977513
-0.017606286648474637,-0.019647991087962904,0.0,0.015682700137104124,-0.18701259019058927,0.014756664722715588,0.03985700816675154
-0.018897789261874142,-0.021984903190618073,0.0,0.006748991786560851,-0.06894604163904358,-0.009847249311671103,-0.014018463753802092
-0.032180515398218174,-0.02749294803586055,0.0,-0.011244092372394647,-0.1589938728721409,-0.05952302311658232,0.11900212646541973
-0.021213624557236535,-0.02205715710927971,0.0,0.025098428696763004,-0.11016904010144421,-0.02329680644674743,-0.018781325413013195
-0.014938150228341029,-0.023684799550472646,0.0,0.037578785085636494,0.11062373296818281,-0.19267204697337595,-0.04625125343714963
-0.010021415210069617,-0.016249168537793426,0.0,0.04002227338766206,-0.09245914453715066,0.008025818798879548,-0.05728477168720758
-0.010434594084044258,-0.019422682962010232,0.0,0.03229709530394541,0.08908550452606376,-0.20145520016781512,-0.07240683496433967
-0.017212394236886995,-0.018153691366602158,0.0,-0.0015162371218188648,-0.04721512424305725,-0.05871921902097407,-0.03364610159064151
-0.018604663385270483,-0.01727279184511604,0.0,-0.2369927271938486,1.0366836807257218,-0.42049748024652084,-0.34584363378472555
-0.018474269007141466,-0.017826491682828037,0.0,-0.5488085268966758,-0.46498188053716477,1.8518125410173452,-0.9756773499672055
-0.017602539681659927,-0.019647991087962904,0.0,0.010088012844635149,-0.13072055085971385,-0.04275508433475449,0.02803993151796224
-0.018604663385270483,-0.017331982716640857,0.0,-0.22533635511435662,1.048139659840691,-0.3910094939113631,-0.3813590310269212
-0.017659216068620514,-0.018891420858617045,0.0,0.008188528920327382,-0.06891415259316537,-0.018995803915877314,-0.037045530949507514
-0.007306596166380315,-0.012646244215797986,0.0,-0.04648062112557098,1.0874699779510706,-0.7701307313585881,-0.36569887612557256
-0.026512483245636435,-0.019686251999232303,0.0,0.0073283595476448795,-0.12208526462409461,-0.07461968349058466,0.06604607462402429
-0.018604663385270483,-0.01727279184511604,0.0,-0.2369927271938486,1.0366836807257218,-0.42049748024652084,-0.34584363378472555
-0.016078457458585355,-0.01598343589090149,0.0,0.029490159581458647,-0.05099958587114916,-0.04365788746329005,-0.05653948445031275
-0.017221629057259703,-0.01598343589090149,0.0,0.02938859414440983,-0.05361035813174788,-0.03756260521957254,-0.060670375768681166
-0.07341579294944395,-0.032896710722235344,0.0,-0.011786940590216104,-0.2010115928726352,-0.10981222857441592,0.25320090852369137
-0.0173317034684835,-0.019422682962010232,0.0,0.05442851829063868,0.08113505699764145,-0.2029331204199811,-0.013910633763043022
-0.018604663385270483,-0.01727279184511604,0.0,-0.2369927271938486,1.0366836807257218,-0.42049748024652084,-0.34584363378472555
-0.03212610810554655,-0.0203317740424611,0.0,0.008380294543048717,-0.07086082485671553,-0.08586747045857267,0.034410696260549226
-0.007267726937704409,-0.012925839111814013,0.0,0.06904107114534475,1.100003622809224,-0.9140902777577387,-0.3973194103659133
-0.012418398278804447,-0.014436833356587781,0.0,0.11225332687156983,1.1890912842798944,-0.8811433246153253,-0.20437334397348864
-0.03182800477536711,-0.020274448628164358,0.0,0.0038828604388458933,-0.06829096245957662,-0.08150047026391874,0.030673085826292346
-0.007530365132740077,-0.013166818734153443,0.0,-0.04580883551614473,1.16805948936925,-0.5965705006893149,-0.36171717426483246
-0.017050305795971627,-0.01911354282969484,0.0,-1.46890783633215e-05,-0.10442751017304557,-0.009950859096840802,-0.02384268765141353
-0.07341579294944395,-0.031329864024276545,0.0,-0.011786922816572745,-0.2010106447176382,-0.10993861060265157,0.25158797889276724
-0.017659216068620514,-0.018891420858617045,0.0,0.008188528920327382,-0.06891415259316537,-0.018995803915877314,-0.037045530949507514
-0.046323329531165164,-0.032093030154229554,0.0,0.01150693739282978,-0.26468217803627775,-0.05092810164035414,0.2188466863379611
-0.018228042630064466,-0.019087854030192655,0.0,0.0033657004006440337,-0.11316216142893679,-0.0022750957727162248,-0.02033168131399514
-0.017477304070200865,-0.018541943636469542,0.0,0.004833623223846899,-0.02162101668203068,-0.07490502782686942,-0.044529506754822486
-0.01729985422151399,-0.01912596385168385,0.0,0.008188528920327382,-0.06891415259316537,-0.02520512817894344,-0.035687796870713925
-0.03451169511652668,-0.021779825174646546,0.0,0.22948436830827837,0.2082944106420969,-1.8542025004560834,2.1701673387478904
-0.01915741873197649,-0.022318552846092014,0.0,0.011003856333385699,-0.14746877192077668,-0.025981090986004204,0.031186281660533433
-0.018604663385270483,-0.01727279184511604,0.0,-0.2317425014549435,1.0361383961426678,-0.24298768577150598,-0.3832553454291774
-0.017659216068620514,-0.01912596385168385,0.0,0.008188528920327382,-0.06891415259316537,-0.017644248864724096,-0.03706427768930828
-0.032178817537220857,-0.02419228492989219,0.0,-0.0004520554968047929,-0.15746272194761007,-0.05713751472584212,0.09997626424791327
-0.023891882203274397,-0.027512462872212342,0.0,0.005729803769161801,-0.06792508348052209,-0.04983427636822797,0.0007775697707667515
-0.01154994315907416,-0.013707562172465198,0.0,0.13405574380785998,1.2647019789547673,-0.9854112078486889,-0.21759911653532812
-0.012116124503775557,-0.013311790645720812,0.0,-0.4560207475771511,1.0188086841697594,-0.3385820637147788,-0.3264682928296591
-0.010103064241615684,-0.012005285486097446,0.0,0.6240436117495202,1.709043171068525,-0.6629702921796405,0.00043364797202423064
-0.029836890725429565,-0.02412684553856694,0.0,-0.05413112699753572,-0.3058390142015033,0.17834001787913703,0.040765901667318964
-0.015150702142792197,-0.02386022056812259,0.0,-0.011183479840861174,0.17101320809364262,-0.23186444993421768,-0.033271545904804266
-0.015896491426098114,-0.018377092267910556,0.0,0.019567982929642166,-0.0459230396564857,-0.07408674358502317,-0.033053496054245936
-0.017487218807104285,-0.016940569671239882,0.0,0.03788566090273549,-0.08970936694466616,-0.017197187353668535,-0.016146500458883738
-0.052739278539563283,-0.02363258988714851,0.0,0.007131678807304885,-0.08949382657070054,-0.04308939134806943,0.03530239130086548
-0.05263992070103611,-0.03055759261302029,0.0,-0.008709522081135837,-0.19190714759895652,-0.07770953386044002,0.19004556961997518
-0.017050305795971627,-0.01911354282969484,0.0,0.00022920768212936223,-0.09757625683657453,-0.019639602517944436,-0.02384268765141353
-0.017050305795971627,-0.01911354282969484,0.0,0.00022920768212936223,-0.10101429638239252,-0.01541272527751396,-0.02384268765141353
-0.03365425725120314,-0.030490734393755853,0.0,-0.01185534455498919,-0.16604735520445704,-0.045097198745868344,0.1189632581332179
3.42704172192888,2.663311173840083,0.0,0.3405391297766906,0.326554450133821,1.3960037603849882,1.2505118820725827
-0.029433092681927068,-0.02391204631641144,0.0,-0.3114761099243595,-0.4892013675909766,0.1534182205481465,0.5522101416089215
-0.01729985422151399,-0.01912596385168385,0.0,0.008188528920327382,-0.06891415259316537,-0.02520512817894344,-0.035687796870713925
-0.017050305795971627,-0.01911354282969484,0.0,0.00022920768212936223,-0.10101429638239252,-0.01541272527751396,-0.02384268765141353
-0.016699947271320754,-0.017826491682828037,0.0,-0.28363411232976043,-0.21268521309927307,1.1536364885495765,-0.7097476471889276
-0.012423564094711957,-0.021700791194801415,0.0,-0.0012768697294005267,-0.05975176680561374,-0.011437510614546627,-0.05594310011680058
-0.017487218807104285,-0.016940569671239882,0.0,0.03788566090273549,-0.08970936694466616,-0.017197187353668535,-0.016146500458883738
-0.007492936354061703,-0.013166818734153443,0.0,-0.03607778357553312,1.1523084599339117,-0.5843192520054046,-0.4014612772797277
-0.01930105375138229,-0.017203064360769467,0.0,-0.2235140847629041,0.981723029137178,-0.11999208851120363,-0.5815890999439969
-0.033250502132093095,-0.024859267659131344,0.0,-0.00010077904574266205,-0.17832007476113734,-0.043291712337956666,0.11174537670618882
-0.03241038540053244,-0.02204986571814493,0.0,-0.0013610051442169927,-0.11542230230935505,-0.004082482415486064,0.006775641778563541
-0.01822910190655862,-0.018440416748245713,0.0,0.012077267459120128,-0.044705516065942544,-0.018550182721430032,-0.04893377397880268
-0.017221629057259703,-0.01598343589090149,0.0,0.029838775266101222,-0.053620906895688394,-0.03686470451832223,-0.059573640661610576
-0.016699947271320754,-0.017826491682828037,0.0,-0.28363411232976043,-0.21268521309927307,1.1536364885495765,-0.7097476471889276
-0.012418398278804447,-0.014436833356587781,0.0,0.13414447167892124,1.2609819842371246,-1.0187668319068366,-0.10282562241486215
-0.01840169173093484,-0.017418255858813174,0.0,0.042144187948464716,-0.13422977944739287,0.005648490392632831,-0.02354379591808179
-0.03325219999309041,-0.025944294400027143,0.0,0.009611792504962116,-0.23190934266965785,-0.03021506630737281,0.14628950568966045
-0.01582917002270262,-0.01944758706092332,0.0,0.005278075470038168,-0.027991908638506355,-0.09135039123181087,0.006719698787777968
-0.012418398278804447,-0.014436833356587781,0.0,0.11225379803256816,1.1890620950863928,-0.8812346665808217,-0.20437334397348864
-0.032016841346635246,-0.021889093831145075,0.0,0.006823069663034192,-0.013578323711263947,-0.12431532409975077,0.06212047890801904
-0.018604663385270483,-0.01727279184511604,0.0,-0.22141465631407403,1.029302431459984,-0.22735905028980977,-0.3616205207277915
-0.017117942223094342,-0.018370964125574873,0.0,0.014618801300973976,-0.03585237557142759,-0.07015345310832541,-0.04517405724704899
-0.016322430423833197,-0.018086852129758222,0.0,0.03787015231915466,-0.03227895387225864,-0.062304201859672906,-0.07551457114225374
-0.014938150228341029,-0.02360101267121902,0.0,0.037865105078109765,0.10999378847171748,-0.19779031039026365,-0.048800527788760734
-0.017221629057259703,-0.01598343589090149,0.0,0.02938859414440983,-0.05361035813174788,-0.03756260521957254,-0.060670375768681166
-0.01723117881451158,-0.02145371934536205,0.0,0.013537607722427451,-0.13029501767133556,0.02816609104574944,-0.02967270002511396
-0.026001473007520287,-0.019639903918353768,0.0,0.007386765115337142,-0.12150961566264454,-0.06839605823071256,0.059664890360999145
-0.024086201977950347,-0.02393050699093047,0.0,0.07052657783593107,0.09332890820964172,-0.19061446054528458,-0.07976721959165184
-0.02651418110663375,-0.019692355229220217,0.0,0.007613171166207563,-0.13237783122342042,-0.05623615912102723,0.060593902341289765
-0.07448577968331888,-0.03287215960853734,0.0,0.011904714750970961,-0.26174450167492297,-0.10249032151279194,0.2898585756495418
-0.01930105375138229,-0.01727279184511604,0.0,-0.22872950427732675,1.0298131415708627,-0.21402565926105022,-0.39264290182463263
-0.017477304070200865,-0.018086852129758222,0.0,0.03323122070194496,-0.03988782219865015,-0.05094450206330468,-0.08280790771503671
-0.01154994315907416,-0.013707562172465198,0.0,0.14458094611908584,1.2851776920606808,-0.9559972802974076,-0.125706521197899
-0.01723117881451158,-0.021369932466108424,0.0,-0.0019502051822370562,-0.07615303939265124,-0.03200311992221853,-0.03756948009952663
-0.020281143655464583,-0.02280923100887733,0.0,0.06901904915832378,0.09332890820964172,-0.19527891925478813,-0.06662441511602549
-0.019257151108980665,-0.021984903190618073,0.0,0.010257329932126153,-0.06610314983952231,-0.0025508771056090736,-0.010068076044210138
-0.01930105375138229,-0.020615433589835825,0.0,-0.22878366272772,0.9933639866373302,-0.09450191654355933,-0.5542115456035683
-0.017602539681659927,-0.019647991087962904,0.0,0.014505457920699258,-0.14572833987105605,-0.033022003494611485,0.02981896765218296
-0.04682266503045331,-0.03208692692424164,0.0,0.011400665303957317,-0.2543732940987966,-0.06530302984379113,0.21982837190649265
-0.018248670479681733,-0.016953900381406848,0.0,0.2378232103532321,-0.5834741942035416,2.4492227967724323,-2.241590571813504
-0.0122825937173657,-0.013985981296893856,0.0,0.13849209406954374,1.2806808755558043,-1.068120519081825,-0.10578029214385569
-0.018474269007141466,-0.017826491682828037,0.0,-0.5488085268966758,-0.46498188053716477,1.8518125410173452,-0.9756773499672055
-0.012060603930782128,-0.016249168537793426,0.0,0.039860756411430914,-0.09434594799577618,0.02738298065693382,-0.05739110816166272
-0.010021415210069617,-0.016249168537793426,0.0,0.04002227338766206,-0.09245914453715066,0.008025818798879548,-0.05728477168720758
-0.0173317034684835,-0.019422682962010232,0.0,0.05442851829063868,0.08113505699764145,-0.2029331204199811,-0.013910633763043022
-0.03182800477536711,-0.020274448628164358,0.0,0.0038828604388458933,-0.06829096245957662,-0.08150047026391874,0.030673085826292346
-0.017666204594300676,-0.018859064112584274,0.0,-0.0015753111357356888,-0.08162737860387025,-0.037848498891805846,0.004706791924747678
-0.015579419056517928,-0.017660737057957215,0.0,0.03462820660949952,-0.1588677950295514,0.037774935963584215,-0.008727583983747657
-0.012196817263414407,-0.011830819221587895,0.0,-0.7246256094043381,2.128725023338691,-0.19582275318916398,1.5297666745859564
-0.016322430423833197,-0.018616969916103718,0.0,0.019214424894855826,-0.025805846457713544,-0.09119155550237097,-0.032472095374386556
-0.030695628694052218,-0.021779825174646546,0.0,0.07647343884410103,-0.032739578192414,-1.970642403620025,1.8501957468913195
-0.04997369177538321,-0.015024349071352368,0.0,-0.0034380972961617195,-0.07867880375523688,-0.030547571069957927,0.012411686951679103
-0.012060603930782128,-0.016249168537793426,0.0,0.0392931696820479,-0.09474656134513923,0.02609186968607595,-0.059961794384661496
-0.010103064241615684,-0.012005285486097446,0.0,0.6240436117495202,1.709043171068525,-0.6629702921796405,0.00043364797202423064
-0.07341409508844662,-0.03055759261302029,0.0,-0.008709522081135837,-0.2001414822829256,-0.11104199395496914,0.2521671204493615
-0.017752395253950136,-0.01819774433786144,0.0,0.006079161052261245,-0.25054117943804166,0.8456048273809708,-0.727613219753396
-0.032016841346635246,-0.021889093831145075,0.0,0.008303617205816507,-0.013678178771344508,-0.09441061951017535,0.07443868032832136
-0.018474269007141466,-0.017820900245953564,0.0,0.05594258103675579,-0.38865752830117684,1.2045931067668185,-0.9907672102059736
-0.01392870314499925,-0.01718139821921873,0.0,0.04522293258792897,-0.11205724640114499,0.03233325980757011,-0.058723192936786496
-0.01863452535161186,-0.021981385453583305,0.0,-0.0006709666412388697,-0.08485613909621259,-0.014706035036516378,-0.025542889782583445
-0.016322430423833197,-0.018136421132508067,0.0,0.01984753929669711,-0.026603429881998066,-0.08146964041327819,-0.03549995696266551
-0.04632163167016785,-0.03208692692424164,0.0,0.011222125774267093,-0.2543896114369518,-0.06931162600991164,0.22429885862069562
-0.009150106944923896,-0.013203183579701868,0.0,0.1128516627437196,1.1149817211511202,-1.0406988254245784,-0.3203774107617633
-0.007306596166380315,-0.012344879326773205,0.0,-0.03533917270226013,1.0759753061276138,-0.7728476168947749,-0.38300266817783235
-0.018604663385270483,-0.01727279184511604,0.0,-0.2369927271938486,1.0366836807257218,-0.42049748024652084,-0.34584363378472555
-0.010696883407149041,-0.016017643982210294,0.0,0.8951533390764634,2.1082446295079817,0.004994659903636807,0.06518929463397775
-0.01760084182066261,-0.01964188785797499,0.0,0.010075762307306217,-0.13178861442602285,-0.043977606576614384,0.03231293831009087
-0.018474269007141466,-0.017820900245953564,0.0,0.05594258103675579,-0.38865752830117684,1.2045931067668185,-0.9907672102059736
-0.02756711700317631,-0.02482029515495252,0.0,0.08216293019138446,0.23314817645522387,-0.1698847996439648,0.12855179016182305
-0.010955428473700487,-0.016915665572326793,0.0,0.07838827849701101,-0.06774300004330246,0.06459445338434093,0.0017118199323364188
-0.017487218807104285,-0.017176929582398283,0.0,0.03748594872486221,-0.0980979834559626,-0.007084931835826452,-0.007768178872108025
-0.032180515398218174,-0.02749294803586055,0.0,-0.010055378810311322,-0.1602221702866384,-0.05963061323221579,0.11838777117435208
-0.017659216068620514,-0.01912596385168385,0.0,0.008188528920327382,-0.06891415259316537,-0.017644248864724096,-0.03706427768930828
-0.033250502132093095,-0.024860485607802775,0.0,0.0001753861152973335,-0.17857479046111846,-0.04311818231305963,0.11178498889488135
-0.018604663385270483,-0.017331982716640857,0.0,-0.2370177353607086,1.0369478635826006,-0.4178550231344135,-0.3345208264904905
-0.017050305795971627,-0.01911354282969484,0.0,0.00022920768212936223,-0.10101429638239252,-0.01541272527751396,-0.02384268765141353
-0.01062264212238462,-0.018905783296090696,0.0,-1.6324310596777096,4.559568378132989,-2.8808178087046263,2.2238180677567945
-0.019909090919144563,-0.02211973621355264,0.0,0.0035419470497198937,-0.10463849070095746,0.013723529959142897,-0.029665961713589414
-0.04632163167016785,-0.03208692692424164,0.0,0.011222125774267093,-0.2543896114369518,-0.06931162600991164,0.22429885862069562
-0.07341409508844662,-0.03055759261302029,0.0,-0.008709522081135837,-0.2001414822829256,-0.11104199395496914,0.2521671204493615
-0.00744842657434001,-0.013166818734153443,0.0,-0.012297919883873173,1.2248447860594502,-0.5679230365418799,-0.30034818010292097
-0.00744842657434001,-0.013166818734153443,0.0,-0.031074982908361432,1.1441546508685814,-0.5999500370212324,-0.40301776511467136
-0.01930105375138229,-0.020685161074182397,0.0,-0.23176951958705866,1.0279082006482714,-0.19716537235742204,-0.37938419459747513
-0.047167162074883154,-0.026533864201332587,0.0,0.002356315183764423,-0.21743932052491555,-0.07767538294984308,0.19424502114316297
-0.01703659031125171,-0.019132091994019534,0.0,0.011984194041569357,-0.08501081092775825,-0.017870757881672496,-0.03828400077877115
-0.017627156318749705,-0.017203064360769467,0.0,-0.19795229981756401,0.9518815990495059,-0.05126324026698381,-0.5383544299697695
-0.009150106944923896,-0.013203183579701868,0.0,0.1128516627437196,1.1149817211511202,-1.0406988254245784,-0.3203774107617633
-0.012423564094711957,-0.021959999091704985,0.0,-0.01838093607207773,-0.057278074357316515,0.020848934331383517,-0.04634478129198583
-0.01729985422151399,-0.018891420858617045,0.0,0.008188528920327382,-0.06891415259316537,-0.026556683230096623,-0.03566905013091316
-0.029489900134660116,-0.02391204631641144,0.0,0.0012020934922309845,-0.1532284655166643,-0.032180608514742,0.08134972004275229
-0.018228042630064466,-0.019251893589664174,0.0,0.0033657004006440337,-0.11316216142893679,0.0020818537009359844,-0.025376865372017582
-0.018157711809724496,-0.017660737057957215,0.0,0.019315014326979525,-0.17582167204494045,0.022783536826540097,0.018365085175711886
-0.017487218807104285,-0.017176929582398283,0.0,0.03753945206138332,-0.09669455309070767,-0.012335516843807147,-0.007499688858882536
-0.03449006215146526,-0.028436516464950094,0.0,0.0511328045912681,-0.2645413515390957,-0.009359540044366585,0.09646494389163696
-0.01625078127629011,-0.015593333407523486,0.0,0.05119106181947203,-0.011091333332583572,-0.12983751658836062,0.010361381787820341
-0.01596306857672667,-0.018370964125574873,0.0,0.019257732918183713,-0.02824350724503604,-0.08151315290469362,-0.037880720674266
-0.032180515398218174,-0.02749294803586055,0.0,-0.011843712190705437,-0.16620033428596118,-0.04619236755965058,0.11898814625554051
-0.014447734624738294,-0.02208282988099353,0.0,0.007335542992338122,-0.12142969834194123,0.06197838508634414,-0.04284434709799226
-0.017846580654210808,-0.016706026678173076,0.0,0.03788566090273549,-0.08970936694466616,-0.010987863090602436,-0.017504234537677313
-0.017659216068620514,-0.018891420858617045,0.0,0.008188528920327382,-0.06891415259316537,-0.018995803915877314,-0.037045530949507514
-0.01723117881451158,-0.02145371934536205,0.0,0.017938544098887656,-0.1285472860375756,0.022017057686010342,-0.03358412002004261
-0.03318267745626682,-0.020557457187225996,0.0,0.0859286128524046,-0.5413068178346868,1.4460617772323838,-0.9900903105880151
-0.007306596166380315,-0.012344879326773205,0.0,-0.03533917270226013,1.0759753061276138,-0.7728476168947749,-0.38300266817783235
-0.04524994707529561,-0.03055759261302029,0.0,-0.010663139034008277,-0.19343059390711176,-0.07515044407178836,0.1860542358252861
-0.018604663385270483,-0.01727279184511604,0.0,-0.23542039997715533,1.0349342058770046,-0.3861765718353024,-0.35504248044568215
-0.017477304070200865,-0.018136421132508067,0.0,0.015208607679487372,-0.03421229820838962,-0.07010994061690998,-0.04279329353544852
-0.012271230824707244,-0.02138174185941864,0.0,1.222565205868773,3.3488429960400525,0.2566125756215938,1.4917948681807305
-0.018604663385270483,-0.01727279184511604,0.0,-0.2317425014549435,1.0361383961426678,-0.24298768577150598,-0.3832553454291774
-0.017659216068620514,-0.018891420858617045,0.0,0.008188528920327382,-0.06891415259316537,-0.018995803915877314,-0.037045530949507514
-0.010955428473700487,-0.016915665572326793,0.0,0.07795022899700314,-0.07190699272573968,0.059245428001917455,-0.004447217153120186
-0.04632163167016785,-0.032035334265428504,0.0,0.01099869379561237,-0.25381253186523706,-0.0683654641537749,0.22124562809458706
-0.017659216068620514,-0.01912596385168385,0.0,0.008188528920327382,-0.06891415259316537,-0.017644248864724096,-0.03706427768930828
-0.014740727931060307,-0.01764266267556594,0.0,0.8581986885298236,-0.13546171006595548,-0.40918711011167913,-0.2113072144596948
-0.017487218807104285,-0.016940569671239882,0.0,0.038033212333432306,-0.09442038337311383,-0.007216071925670711,-0.008030496843511523
-0.017050305795971627,-0.01911354282969484,0.0,-1.46890783633215e-05,-0.10442751017304557,-0.009950859096840802,-0.02384268765141353
-0.01930105375138229,-0.017203064360769467,0.0,-0.22719894754651726,0.9803959319712799,-0.10823219166791503,-0.5708946288835037
-0.010103064241615684,-0.012005285486097446,0.0,0.6240436117495202,1.709043171068525,-0.6629702921796405,0.00043364797202423064
-0.01930105375138229,-0.020615433589835825,0.0,-0.22878366272772,0.9933639866373302,-0.09450191654355933,-0.5542115456035683
-0.020281143655464583,-0.02280923100887733,0.0,0.07053642121317967,0.09250890023913781,-0.18949378302462655,-0.08293944773866305
-0.017659216068620514,-0.0188418518558672,0.0,0.0076407485790670965,-0.11450388473499018,0.06326004957233655,-0.08597947702740916
-0.03212780596654387,-0.021680167654085616,0.0,0.0038530641877247466,-0.08987621946897979,-0.08476408710625508,0.05230992072534673
-0.01930105375138229,-0.01727279184511604,0.0,-0.2324143670609399,1.0284860444049648,-0.20226576241776137,-0.38194843076413926
-0.012418398278804447,-0.014436833356587781,0.0,0.11225379803256816,1.1890620950863928,-0.8812346665808217,-0.20437334397348864
-0.026001473007520287,-0.01964188785797499,0.0,0.007485179901446085,-0.12175413795955058,-0.07195102667445079,0.06510535354014232
-0.017752395253950136,-0.01819774433786144,0.0,0.006079161052261245,-0.25054117943804166,0.8456048273809708,-0.727613219753396
-0.01729985422151399,-0.018891420858617045,0.0,0.008188528920327382,-0.06891415259316537,-0.026556683230096623,-0.03566905013091316
-0.005767588279985884,-0.01188013850616312,0.0,0.17053190569701018,1.1165013006444138,-1.0389705472172577,-0.38244577864874535
-0.01582917002270262,-0.019213044067856514,0.0,0.0038867912124539356,-0.029603334643755058,-0.09233299397815363,0.0068849874381656595
-0.01930105375138229,-0.020685161074182397,0.0,-0.23176951958705866,1.0279082006482714,-0.19716537235742204,-0.37938419459747513
-0.032180515398218174,-0.02749294803586055,0.0,-0.011244092372394647,-0.1589938728721409,-0.05952302311658232,0.11900212646541973
-0.07341409508844662,-0.031342825297315975,0.0,-0.008710170701392964,-0.2001414822829256,-0.11104199395496914,0.2527610397235241
-0.01582917002270262,-0.019422682962010232,0.0,0.0014874518552797935,-0.05096389495190961,-0.04362810382585743,-0.019393354380889204
-0.029690414642366995,-0.014340625605356367,0.0,0.00917006903087512,-0.14463967402535963,-0.06570929178977136,0.0729095929793403
-0.045750980435581075,-0.03055759261302029,0.0,-0.008716211720641267,-0.1934143790466915,-0.07681264299778742,0.18811724803544153
-0.01095894929608905,-0.01699931084006195,0.0,0.057474173285265676,-0.08667111188331457,-0.006525143131632705,-0.04857777276341961
-0.006947234319273789,-0.01257942231984001,0.0,-0.017867642935377223,1.0892677924653227,-0.7395013994634472,-0.4004151492293056
-0.01596306857672667,-0.018370964125574873,0.0,0.02386388383375971,-0.04164352502572707,-0.05670624214103521,-0.011593391365787778
-0.016699947271320754,-0.017826491682828037,0.0,-0.28363411232976043,-0.21268521309927307,1.1536364885495765,-0.7097476471889276
-0.017659216068620514,-0.01912596385168385,0.0,0.008188528920327382,-0.06891415259316537,-0.017644248864724096,-0.03706427768930828
-0.032178817537220857,-0.027484860866251414,0.0,-0.010102187234872547,-0.15920647436677246,-0.0589078702167104,0.11900292717357626
-0.03325219999309041,-0.029266406965536895,0.0,0.011303679471655314,-0.22869598137277075,-0.035095266331151724,0.15258517760408777
-0.01766450673330336,-0.018854119856072323,0.0,0.0015566474075915094,-0.07447827731639321,-0.0528269511912184,0.005893832965383742
-0.01582917002270262,-0.019213044067856514,0.0,0.005278075470038168,-0.027991908638506355,-0.09270194628296409,0.00724641735470696
-0.025936141997471726,-0.024624664452633806,0.0,0.02593078984675865,-0.070867972093188,-0.0025769478681045414,-0.050369909912497894
-0.01625078127629011,-0.015593333407523486,0.0,0.05119106181947203,-0.011091333332583572,-0.12983751658836062,0.010361381787820341
-0.014865437975756174,-0.021629140363011994,0.0,0.00616598722970687,-0.06500664565692427,-0.0182294725318866,-0.03450804773600561
-0.017666204594300676,-0.018859064112584274,0.0,0.0017287870081157386,-0.07617351015147064,-0.04186346814203761,-0.015838006922544504
-0.0198122621857047,-0.02195569665408112,0.0,0.0037492638794561577,-0.1005928397384226,-0.002936315579773756,-0.020715254808848525
-0.05083337925365635,-0.030757695044588716,0.0,0.014313380007958879,-0.1413380541629852,-0.018042866821614423,0.05927337797725196
-0.01582917002270262,-0.019213044067856514,0.0,0.005278075470038168,-0.027991908638506355,-0.09270194628296409,0.00724641735470696
-0.034982841583815406,-0.030503695666795283,0.0,-0.008187671576532702,-0.18742985735962883,-0.05722213232557119,0.14850374965285423
-0.032016841346635246,-0.021889093831145075,0.0,0.006823069663034192,-0.013578323711263947,-0.12431532409975077,0.06212047890801904
-0.007749480477642284,-0.017416920021459902,0.0,-1.763807760114593,2.8023363860983883,0.6428333692845466,-0.620055890989333
-0.05459662399743486,-0.01325653775585453,0.0,0.01626220185804943,-0.11231152333319289,-0.03435257724480219,0.02509604968302861
-0.010496843261049188,-0.019422682962010232,0.0,0.028498335700448643,0.09026293943755291,-0.19566139811748498,-0.05982988680836128
-0.012418398278804447,-0.014436833356587781,0.0,0.11225379803256816,1.1890620950863928,-0.8812346665808217,-0.20437334397348864
-0.018321952166645217,-0.0192597817279595,0.0,-0.49051234502093205,-0.5148815610451778,1.7149628301759852,-0.8631699773637806
-0.01930105375138229,-0.020615433589835825,0.0,-0.23007076491330156,0.992730834385151,-0.09033804017243052,-0.5155281069361813
-0.01723117881451158,-0.021369932466108424,0.0,-0.0019502051822370562,-0.07615303939265124,-0.03200311992221853,-0.03756948009952663
-0.04632163167016785,-0.03208692692424164,0.0,0.011222125774267093,-0.2543896114369518,-0.06931162600991164,0.22429885862069562
-0.05371160529590835,-0.03208692692424164,0.0,0.011222054106314367,-0.25339211324527355,-0.06920123247933224,0.22529248653969303
-0.07448577968331888,-0.03208692692424164,0.0,0.011517977725655054,-0.261750808858906,-0.10312934578418817,0.28926465637537924
-0.045251644936292926,-0.030490734393755853,0.0,-0.011863881200589732,-0.20144457809872288,-0.06222814838447605,0.18369867495669337
-0.03242117143890097,-0.01865677030296179,0.0,0.0240206047461562,-0.12873964584696782,-0.06868281414603736,0.06223557400540644
-0.018604663385270483,-0.01727279184511604,0.0,-0.23114921794696477,1.0336349916067795,-0.24287974223064157,-0.3566178299278872
-0.018604663385270483,-0.01727279184511604,0.0,-0.2369927271938486,1.0366836807257218,-0.42049748024652084,-0.34584363378472555
-0.032180515398218174,-0.027715703863876322,0.0,-0.011244087324798691,-0.1588289995931103,-0.06067213048834203,0.12050437695880796
-0.017315215629285497,-0.0188611821045776,0.0,0.014065298382462595,-0.06843825306400553,-0.009781334379634701,-0.06911162434197093
-0.01723117881451158,-0.02145371934536205,0.0,0.015401358743023863,-0.1304707143077631,0.024170636455478223,-0.025473116834993436
-0.012196817263414407,-0.011830819221587895,0.0,-0.3940088755565541,1.0457751962612947,-0.3897640228908427,-0.06465335226556533
-0.01670507146582739,-0.01583098143544064,0.0,0.014310618920609633,-0.10512174939283318,0.018889200665278782,-0.05752935924411933
-0.011485724475474881,-0.013691593668979183,0.0,0.13618112129897994,1.2619302278118816,-0.9867494631161348,-0.21078216977809777
-0.01862493105841759,-0.016953900381406848,0.0,0.2962807057697331,-0.5181589845042192,2.2264792732875915,-2.1134608237475696
-0.018228042630064466,-0.019251893589664174,0.0,0.0033657004006440337,-0.11316216142893679,0.009065319488222505,-0.025376865372017582
-0.026512483245636435,-0.019686251999232303,0.0,0.0073283595476448795,-0.12208526462409461,-0.07461968349058466,0.06604607462402429
-0.007266453744538808,-0.013203183579701868,0.0,0.07424350458951848,1.1175192180092959,-0.8560461150021544,-0.38339746037895406
-0.03212610810554655,-0.021693128927125046,0.0,0.0069298163029045175,-0.08900705703426719,-0.08586747045857267,0.05348298155610355
-0.05263992070103611,-0.03055759261302029,0.0,-0.008716211720641267,-0.19243314695430097,-0.07681264299778742,0.18818051167819125
-0.016322430423833197,-0.018136421132508067,0.0,0.02071808343125571,-0.02095691761590743,-0.09231493765435954,-0.0340499287234233
-0.010103064241615684,-0.012005285486097446,0.0,0.6240436117495202,1.709043171068525,-0.6629702921796405,0.00043364797202423064
-0.018604663385270483,-0.017331982716640857,0.0,-0.2370177353607086,1.0369478635826006,-0.4178550231344135,-0.3345208264904905
-0.017487218807104285,-0.017176929582398283,0.0,0.03748594872486221,-0.0980979834559626,-0.007084931835826452,-0.007768178872108025
-0.07341409508844662,-0.03055759261302029,0.0,-0.010656521062455567,-0.2001414310440581,-0.10926940149839073,0.25103447251545374
-0.03278235610041727,-0.02728011771434746,0.0,0.004624662123893623,-0.09203771212627015,-0.06396176229165042,0.06836889795585618
-0.01723117881451158,-0.020370575234164665,0.0,0.003111838588599309,-0.16056063877258636,0.04062643751827273,-0.006862451268793847
-0.01729985422151399,-0.01912596385168385,0.0,0.008188528920327382,-0.06891415259316537,-0.02520512817894344,-0.035687796870713925
-0.017659216068620514,-0.018891420858617045,0.0,0.008188528920327382,-0.06891415259316537,-0.018995803915877314,-0.037045530949507514
-0.017949417312030678,-0.019251893589664174,0.0,0.0034082964903222593,-0.11396173096689684,0.0020818537009359844,-0.027194461348083315
-0.01796567523735006,-0.026942407012535415,0.0,0.021457518647939343,-0.1235083540028926,0.004361285772402648,-0.03597371954270068
-0.04629560399912332,-0.022102422557509455,0.0,0.010455638096169976,-0.13378136156410328,-0.015464393875312713,0.034282753417160056
-0.03325219999309041,-0.02486735482874048,0.0,0.0008820671772397583,-0.18165070224354884,-0.04179381196906914,0.11174764781247674
-0.017477304070200865,-0.018136421132508067,0.0,0.015208607679487372,-0.03421229820838962,-0.07010994061690998,-0.0422853217083203
-0.007266453744538808,-0.013203183579701868,0.0,0.08770504839004378,1.1285300110740608,-0.9574978560502175,-0.3823179614033355
-0.018897789261874142,-0.021984903190618073,0.0,0.006748991786560851,-0.06894604163904358,-0.009847249311671103,-0.014018463753802092
-0.017050305795971627,-0.01911354282969484,0.0,-1.46890783633215e-05,-0.10442751017304557,-0.009950859096840802,-0.02384268765141353
-0.07341409508844662,-0.032909671995274774,0.0,-0.008710188475036323,-0.20014243043792262,-0.11091561192673348,0.2543739693544482
-0.018913150669645648,-0.021981385453583305,0.0,-0.0013268638768119054,-0.09403315098268446,-0.0027221819759621186,-0.018415492895301803
-0.012418398278804447,-0.014436833356587781,0.0,0.10520098327806161,1.178024316931756,-0.8907306678841231,-0.3280978231658389
-0.034601670893932075,-0.026050868737305725,0.0,0.019058956673571006,-0.12064362898768406,-0.0686068612724444,0.07342849796261657
-0.038417737316406554,-0.026050868737305725,0.0,0.016840081293260624,-0.12984897133367965,0.00299134080087551,0.06173853736454287
-0.032180515398218174,-0.02749294803586055,0.0,-0.011843712190705437,-0.16620033428596118,-0.04619236755965058,0.11898814625554051
-0.017602539681659927,-0.019647991087962904,0.0,0.010862069703744356,-0.13401587194960213,-0.03190774565568608,0.02662844431887083
-0.020281143655464583,-0.02280923100887733,0.0,0.06901904915832378,0.09332890820964172,-0.19527891925478813,-0.06662441511602549
-0.017666204594300676,-0.018859064112584274,0.0,-0.0032830273619473393,-0.07609718936700502,-0.0486059921147675,0.004355324023960416
-0.03325219999309041,-0.029043651137521123,0.0,0.011303674424059358,-0.22886085465180134,-0.033946158959391994,0.15108292711069954
-0.017659216068620514,-0.01912596385168385,0.0,0.008188528920327382,-0.06891415259316537,-0.017644248864724096,-0.03706427768930828
-0.01862493105841759,-0.016953900381406848,0.0,0.2962807057697331,-0.5181589845042192,2.2264792732875915,-2.1134608237475696
-0.017050305795971627,-0.01911354282969484,0.0,-1.46890783633215e-05,-0.10442751017304557,-0.009950859096840802,-0.02384268765141353
-0.03659842252289175,-0.02728011771434746,0.0,0.008685577306336196,-0.09612965190698618,0.006399992310162759,0.05825012218259922
-0.018264707509671036,-0.01683154255053413,0.0,-0.07592487144669678,-0.19445310408492866,0.6634012454471097,-0.5327725380314219
-0.032180515398218174,-0.02749294803586055,0.0,-0.011244092372394647,-0.1589938728721409,-0.05952302311658232,0.11900212646541973
-0.017487218807104285,-0.016940569671239882,0.0,0.038033212333432306,-0.09442038337311383,-0.007216071925670711,-0.008030496843511523
-0.018604663385270483,-0.017331982716640857,0.0,-0.2370177353607086,1.0369478635826006,-0.4178550231344135,-0.3345208264904905
-0.017661005566564105,-0.018859064112584274,0.0,0.05146103623641389,-0.1628255892274613,0.646495006039478,-0.664417149723193
-0.04524994707529561,-0.03055759261302029,0.0,-0.009159871654786631,-0.193418744564905,-0.0771151295046417,0.18718688375919382
-0.011485724475474881,-0.013691593668979183,0.0,0.14456868412288298,1.2810037490698192,-0.9783355247475916,-0.1439235739017179
-0.022839997062789687,-0.02482029515495252,0.0,0.07546445879059943,0.2245591774331791,-0.13491541950727243,0.10653714393141145
-0.03250197477854307,-0.024658702632092393,0.0,0.0006813826075402257,-0.18008772902215361,-0.032744403648795134,0.10482751794561657
-0.032147898132020035,-0.02204986571814493,0.0,-0.0011397316896514286,-0.10948341713424428,-0.00956469463022191,0.012760579686346763
-0.015150702142792197,-0.02386022056812259,0.0,-0.031645898288761624,0.12558146517799434,-0.20839432464917843,-0.022298980707346806
-0.017050305795971627,-0.01911354282969484,0.0,-1.46890783633215e-05,-0.10442751017304557,-0.009950859096840802,-0.02384268765141353
-0.05263992070103611,-0.03055759261302029,0.0,-0.009153253683233921,-0.19189524701788227,-0.0779016268367149,0.19004556961997518
-0.05371160529590835,-0.03208692692424164,0.0,0.011222054106314367,-0.25339211324527355,-0.06920123247933224,0.22529248653969303
-0.01729985422151399,-0.01912596385168385,0.0,0.008188528920327382,-0.06891415259316537,-0.02520512817894344,-0.035687796870713925
-0.017050305795971627,-0.01911354282969484,0.0,0.00022920768212936223,-0.10101429638239252,-0.01541272527751396,-0.02384268765141353
-0.017659216068620514,-0.018891420858617045,0.0,0.00874588286247533,-0.06477876676920886,-0.031038000602006472,-0.03267024861128941
-0.016057520590519327,-0.017874162489059243,0.0,0.03274836477153893,-0.018061138850390877,-0.07068388411673758,-0.055499966879659295
-0.019257151108980665,-0.021984903190618073,0.0,0.010257329932126153,-0.06610314983952231,-0.0025508771056090736,-0.010068076044210138
-0.05722947096376581,-0.03681766075094231,0.0,-0.010741535286890806,-0.1819707782295878,-0.06977546331023148,0.18369884782218363
-0.016322430423833197,-0.018346060026661785,0.0,0.030012147055686632,-0.0261500887799113,-0.07930950780135673,-0.04426117566603701
-0.007266453744538808,-0.013203183579701868,0.0,0.07424350458951848,1.1175192180092959,-0.8560461150021544,-0.38339746037895406
-0.010481628615016794,-0.0188418518558672,0.0,0.01510315029349286,-0.06377746337830778,-0.01804516814560734,-0.07152781770877145
-0.02375580801805397,-0.021596730753575898,0.0,0.05052550346123288,-0.08831142275150791,-0.019853805323454633,-0.06127452825605051
-0.020281143655464583,-0.024750393364993455,0.0,0.06874667187913813,0.09169757136039718,-0.18400500588364296,-0.08091917307124041
-0.017659216068620514,-0.018891420858617045,0.0,0.008188528920327382,-0.06891415259316537,-0.018995803915877314,-0.037045530949507514
-0.017659216068620514,-0.01912596385168385,0.0,0.008188528920327382,-0.06891415259316537,-0.017644248864724096,-0.03706427768930828
-0.018214327145344548,-0.019270442753988867,0.0,0.01629341015917949,-0.1119962867749801,0.005962124658587798,-0.026933470008517105
-0.02651418110663375,-0.021610472916389872,0.0,0.00820493020331575,-0.12772199196486583,-0.06956681467795893,0.06413079624051883
-0.032178817537220857,-0.02417200247819341,0.0,-0.00043904267043084387,-0.15853429247387923,-0.05702186676332523,0.09993665205922074
3.2329987239495335,2.454386263096434,0.0,0.2124247119949396,0.02806452243609086,-0.27497637327592295,1.2149830641396506
-0.017394306235306644,-0.01873965742380735,0.0,0.005542383675863334,-0.05787877492425401,-0.027021947488515198,-0.053279410750275535
-0.01723117881451158,-0.021369932466108424,0.0,-0.0019502051822370562,-0.07615303939265124,-0.03200311992221853,-0.03756948009952663
-0.07341409508844662,-0.032909671995274774,0.0,-0.008710188475036323,-0.20014243043792262,-0.11091561192673348,0.2543739693544482
-0.015150702142792197,-0.02360101267121902,0.0,-0.016986973182677487,0.06394007782719205,-0.20729614564824084,0.03876439172975977
-0.015331252334812534,-0.015700052682164716,0.0,-0.03081441945236659,-0.19469997611599807,0.05263515242484498,0.1784325730440289
-0.017659216068620514,-0.018891420858617045,0.0,0.008188528920327382,-0.06891415259316537,-0.018995803915877314,-0.037045530949507514
-0.01766450673330336,-0.018854119856072323,0.0,0.0015566474075915094,-0.07447827731639321,-0.0528269511912184,0.005893832965383742
-0.017666204594300676,-0.018859064112584274,0.0,-0.0032830273619473393,-0.07609718936700502,-0.0486059921147675,0.004355324023960416
-0.012424221144768606,-0.01685590516541849,0.0,0.11553839075942826,1.3280539771884399,-1.0376380941436094,-0.35478635837026995
-0.00935367166237484,-0.019422682962010232,0.0,-0.01798644319430042,-0.03890327848606224,-0.022752075263427485,-0.060837803840969165
-0.006947234319273789,-0.01257942231984001,0.0,-0.017867642935377223,1.0892677924653227,-0.7395013994634472,-0.4004151492293056
-0.010021415210069617,-0.016249168537793426,0.0,0.04002227338766206,-0.09245914453715066,0.008025818798879548,-0.05728477168720758
-0.017212394236886995,-0.018153691366602158,0.0,-0.0015162371218188648,-0.04721512424305725,-0.05871921902097407,-0.03364610159064151
-0.017050305795971627,-0.01911354282969484,0.0,0.00022920768212936223,-0.10101429638239252,-0.01541272527751396,-0.02384268765141353
-0.018498520464374706,-0.017418255858813174,0.0,0.04193687111872844,-0.1382754304099278,0.01795138645789728,-0.02744931876480026
-0.04997369177538321,-0.015024349071352368,0.0,-0.0034380972961617195,-0.07867880375523688,-0.030547571069957927,0.012411686951679103
-0.018897789261874142,-0.02227782368365185,0.0,0.019532237549626297,-0.050953652952799994,0.13675443808471413,0.01611385751847367
-0.018897789261874142,-0.022221263101776474,0.0,0.0046280085257948385,-0.07288854060124796,-0.0062568994532535204,-0.007146426573214696
-0.017659216068620514,-0.018891420858617045,0.0,0.008188528920327382,-0.06891415259316537,-0.018995803915877314,-0.037045530949507514
-0.018604663385270483,-0.01727279184511604,0.0,-0.22141465631407403,1.029302431459984,-0.22735905028980977,-0.3616205207277915
-0.017223954896842003,-0.017254216299341655,0.0,0.05021743143881565,-0.12683264772524336,0.01337663818354523,-0.018899025338701903
-0.03125559178334433,-0.020188037150048067,0.0,-0.4968904709372377,-0.5657976950332663,1.5050307337056335,-0.7322714752713493
-0.01729985422151399,-0.019371969642212696,0.0,0.012754538431160251,-0.07855608519132708,-0.011957865516691209,-0.021891552023201314
-0.014008725403510199,-0.015444434093873393,0.0,-0.0131917910737596,-0.03132878296208754,-0.12957436021432486,-0.010184298209419126
-0.015150702142792197,-0.02386022056812259,0.0,-0.011762873560802389,0.17054849435290562,-0.23264228918086977,-0.033977775672268486
-0.015144286748816104,-0.016953900381406848,0.0,0.297582358499825,-0.5284104898436928,2.190002086592888,-2.074709159292952
-0.006947234319273789,-0.01257942231984001,0.0,-0.017867642935377223,1.0892677924653227,-0.7395013994634472,-0.4004151492293056
-0.018474269007141466,-0.017820900245953564,0.0,-0.17223975520495377,-0.39886555437400906,0.9530372338009808,-0.5241990539153449
-0.02856130033551115,-0.024495973108776724,0.0,-0.31365521725218043,-0.432489812196749,0.10857081882168802,0.5185894007643255
-0.03365425725120314,-0.030490734393755853,0.0,-0.01185534455498919,-0.16604735520445704,-0.045097198745868344,0.1189632581332179
-0.012098187990096815,-0.013803497310613892,0.0,0.14458874174866423,1.2863681391445991,-0.9593076893910725,-0.11728534189716817
-0.015762592872074065,-0.019444069323888553,0.0,-0.0030675756573995804,-0.04913142938326922,-0.08631947436342015,0.009459283185259322
-0.026512483245636435,-0.019686251999232303,0.0,0.0073283595476448795,-0.12208526462409461,-0.07461968349058466,0.06604607462402429
-0.017337704564467694,-0.0254295642719668,0.0,0.008783129160308769,-0.14948874796445893,0.07303520216265172,-0.04910666512010845
-0.011485724475474881,-0.013691593668979183,0.0,0.14456868412288298,1.2810037490698192,-0.9783355247475916,-0.1439235739017179
-0.02541334090106429,-0.023220423955245754,0.0,-0.08988284398962562,-0.07459433286118326,-0.08323036140692751,0.19645978217549198
-0.012424221144768606,-0.01685590516541849,0.0,0.11553839075942826,1.3280539771884399,-1.0376380941436094,-0.35478635837026995
-0.04997199391438589,-0.015037310344391796,0.0,-0.0017087243439908829,-0.07060312866783641,-0.04320901752262876,0.012466080058407407
-0.017404733894971516,-0.0192597817279595,0.0,-0.4053276117155602,-0.44420669408313845,1.5189465445800159,-0.7928279909181121
-0.018604663385270483,-0.017331982716640857,0.0,-0.22533635511435662,1.048139659840691,-0.3910094939113631,-0.3813590310269212
-0.017666204594300676,-0.018859064112584274,0.0,0.0015968186009987903,-0.06581250473348559,-0.043446797042685954,-0.016425592596331473
-0.016322430423833197,-0.018616969916103718,0.0,0.019214424894855826,-0.025805846457713544,-0.09119155550237097,-0.032472095374386556
-0.01862493105841759,-0.016953900381406848,0.0,0.2962807057697331,-0.5181589845042192,2.2264792732875915,-2.1134608237475696
-0.030695628694052218,-0.021779825174646546,0.0,0.07634423703351706,-0.03262000048084278,-1.9810064562431184,1.8465452721457092
-0.028200774924160777,-0.021889093831145075,0.0,0.005418477715807687,-0.022388880599401192,-0.1880095343687992,0.06132029584476742
-0.017666204594300676,-0.018859064112584274,0.0,0.0017287870081157386,-0.07617351015147064,-0.04186346814203761,-0.015838006922544504
-0.017477304070200865,-0.018541943636469542,0.0,0.004833623223846899,-0.02162101668203068,-0.07490502782686942,-0.044529506754822486
-0.017050305795971627,-0.01911354282969484,0.0,-1.46890783633215e-05,-0.10442751017304557,-0.009950859096840802,-0.02384268765141353
-0.032016841346635246,-0.021889093831145075,0.0,0.006823069663034192,-0.013578323711263947,-0.12431532409975077,0.06212047890801904
-0.01930105375138229,-0.020685161074182397,0.0,-0.23176951958705866,1.0279082006482714,-0.19716537235742204,-0.37938419459747513
-0.018197474103260978,-0.019251893589664174,0.0,0.003445320792999423,-0.1151888642042383,0.014469359407770648,-0.026759932758698944
-0.017666204594300676,-0.018859064112584274,0.0,0.0014565758239449536,-0.07655419312924501,-0.04248733845137324,-0.016007931645437786
-0.018604663385270483,-0.017331982716640857,0.0,-0.2308619671359161,1.0384042308078725,-0.40930313968097976,-0.3560419577782079
-0.04632163167016785,-0.032035334265428504,0.0,0.011386079441185406,-0.253806224681254,-0.06772643988237867,0.22124562809458706
-0.018604663385270483,-0.017203064360769467,0.0,-0.2268955591716156,0.9787356134660833,-0.12567173447971575,-0.5851474554615541
-0.01729985422151399,-0.018891420858617045,0.0,0.008188528920327382,-0.06891415259316537,-0.026556683230096623,-0.03566905013091316
-0.018604663385270483,-0.01727279184511604,0.0,-0.2369927271938486,1.0366836807257218,-0.42049748024652084,-0.34584363378472555
-0.018604663385270483,-0.01727279184511604,0.0,-0.2317425014549435,1.0361383961426678,-0.24298768577150598,-0.3832553454291774
-0.012424221144768606,-0.01685590516541849,0.0,0.11553839075942826,1.3280539771884399,-1.0376380941436094,-0.35478635837026995
-0.03212610810554655,-0.021693128927125046,0.0,0.0069298163029045175,-0.08900705703426719,-0.08586747045857267,0.05348298155610355
-0.037372507323456886,-0.020983346264418872,0.0,0.006481344571579624,-0.14246459110049334,-0.008201027022283747,0.03621094333138579
-0.030036050114038114,-0.04644578937894425,0.0,-0.4929185410831764,-1.2034208879679371,1.3442521787510906,-0.08527969100089865
-0.07341409508844662,-0.031342825297315975,0.0,-0.008710170701392964,-0.2001414822829256,-0.11104199395496914,0.2527610397235241
-0.03365425725120314,-0.030490734393755853,0.0,-0.0112557247366784,-0.15884089379063676,-0.058427854302800064,0.11897723834309715
-0.04632163167016785,-0.032035334265428504,0.0,0.011386079441185406,-0.253806224681254,-0.06772643988237867,0.22124562809458706
-0.030974454193655663,-0.02204986571814493,0.0,-0.00016669842217415724,-0.1192958941952664,-0.1506503001185805,0.13209801400405244
-0.05263992070103611,-0.03055759261302029,0.0,-0.008716211720641267,-0.19243314695430097,-0.07681264299778742,0.18818051167819125
-0.0198122621857047,-0.02211973621355264,0.0,0.0037492638794561577,-0.1005928397384226,0.0014206338938784532,-0.02576043886687096
-0.006947234319273789,-0.01257942231984001,0.0,-0.017867642935377223,1.0892677924653227,-0.7395013994634472,-0.4004151492293056
-0.017513887753804427,-0.020274448628164358,0.0,0.006841977241515468,-0.0742385494569701,-0.05882075967266371,-0.000382686041787093
-0.032180515398218174,-0.02749294803586055,0.0,-0.011244092372394647,-0.1589938728721409,-0.05952302311658232,0.11900212646541973
-0.017513887753804427,-0.020274448628164358,0.0,0.006841977241515468,-0.0742385494569701,-0.05882075967266371,-0.000382686041787093
-0.03325219999309041,-0.029043651137521123,0.0,0.010543335915181038,-0.22875369474230056,-0.03172619929613041,0.14851951974867025
-0.018604663385270483,-0.017203064360769467,0.0,-0.22560409395051542,0.9829141203468631,-0.18656710421160788,-0.5866043150906736
-0.010021415210069617,-0.016249168537793426,0.0,0.04002227338766206,-0.09245914453715066,0.008025818798879548,-0.05728477168720758
-0.07448577968331888,-0.03287215960853734,0.0,0.011517329105397925,-0.261750808858906,-0.10312934578418817,0.2898585756495418
-0.017212394236886995,-0.018153691366602158,0.0,-0.0015162371218188648,-0.04721512424305725,-0.05871921902097407,-0.03364610159064151
-0.018248670479681733,-0.016953900381406848,0.0,0.1765391462331444,-0.6312230212264613,2.5165907796719416,-2.1994481455296473
-0.012060603930782128,-0.016249168537793426,0.0,0.0392931696820479,-0.09474656134513923,0.02609186968607595,-0.059961794384661496
-0.010696883407149041,-0.016017643982210294,0.0,0.8951533390764634,2.1082446295079817,0.004994659903636807,0.06518929463397775
-0.0744874775443162,-0.032093030154229554,0.0,0.012402409162528534,-0.2648369140444115,-0.0980764769715624,0.283826464302524
-0.012116124503775557,-0.011553474753700043,0.0,-0.5010121449333722,1.0249913885777888,-0.38415876526293935,-0.3031941985474447
-0.016188531869809147,-0.019422682962010232,0.0,0.0011200707021544343,-0.03646153440120703,-0.05218511506902665,-0.05810628667244976
-0.07448577968331888,-0.03287215960853734,0.0,0.01169594030304087,-0.26175075762003847,-0.09923114314864706,0.2844577246590912
-0.016188531869809147,-0.01944758706092332,0.0,0.003953237509949119,-0.0259945513753793,-0.0908598912418919,0.0007709180685815678
-0.01596306857672667,-0.018370964125574873,0.0,0.02386388383375971,-0.04164352502572707,-0.05670624214103521,-0.011593391365787778
-0.018604663385270483,-0.01727279184511604,0.0,-0.23239648142680716,1.0267474030025816,-0.22127526985957538,-0.39391596224273423
-0.017666204594300676,-0.018859064112584274,0.0,-0.003445793415785334,-0.0697308477196289,-0.05689643399180481,0.0046677534422530035
-0.01863452535161186,-0.021981385453583305,0.0,-0.001040272426427544,-0.08792829912939853,-0.01252447690213555,-0.020233088871367516
-0.015756383312356268,-0.017093749393811624,0.0,-0.038779338195328694,0.05537013353000726,-0.14635253458526087,-0.005443463359058648
-0.014938150228341029,-0.023684799550472646,0.0,0.037578785085636494,0.11062373296818281,-0.19267204697337595,-0.04625125343714963
-0.028786894367716233,-0.028183229265364637,0.0,-0.008665504654627327,-0.14984433132767921,-0.04916310644721974,0.09387929369416163
-0.024772741452883926,-0.015247348580872629,0.0,-0.00038526816428227254,-0.09655229596841557,-0.042736369059322675,0.012169765127368887
-0.01729985422151399,-0.01912596385168385,0.0,0.008188528920327382,-0.06891415259316537,-0.02520512817894344,-0.035687796870713925
-0.018604663385270483,-0.01727279184511604,0.0,-0.2369927271938486,1.0366836807257218,-0.42049748024652084,-0.34584363378472555
-0.01930105375138229,-0.01727279184511604,0.0,-0.2324143670609399,1.0284860444049648,-0.20226576241776137,-0.38194843076413926
-0.008959522055588401,-0.013293764798301638,0.0,0.19488092776778213,1.3614397094313238,-1.4357253044298526,-0.0039610119753422015
-0.012418398278804447,-0.014498270983610364,0.0,0.12572109057115705,1.2194127356306228,-0.9455332729499903,-0.2775326371379502
-0.017659216068620514,-0.01912596385168385,0.0,0.008188528920327382,-0.06891415259316537,-0.017644248864724096,-0.03706427768930828
-0.016699947271320754,-0.017826491682828037,0.0,-0.28363411232976043,-0.21268521309927307,1.1536364885495765,-0.7097476471889276
-0.03325219999309041,-0.029043651137521123,0.0,0.011303674424059358,-0.22886085465180134,-0.033946158959391994,0.15108292711069954
-0.022839997062789687,-0.02482029515495252,0.0,0.07218087193807265,0.22339342810546492,-0.15096574688856718,0.10610422161869981
-0.017050305795971627,-0.01911354282969484,0.0,-1.46890783633215e-05,-0.10442751017304557,-0.009950859096840802,-0.02384268765141353
-0.03325219999309041,-0.029043651137521123,0.0,0.010543335915181038,-0.22875369474230056,-0.03172619929613041,0.14851951974867025
-0.017136799368365926,-0.0187760768818267,0.0,1.0301931320259707,-0.15688536572674538,-0.9692256505667345,-0.01835426475045069
-0.01723117881451158,-0.020370575234164665,0.0,0.003761439059552745,-0.15336146185441885,0.03385397082053669,-0.004335263142456862
-0.010696883407149041,-0.016017643982210294,0.0,0.8951533390764634,2.1082446295079817,0.004994659903636807,0.06518929463397775
-0.017212394236886995,-0.018153691366602158,0.0,-0.0015162371218188648,-0.04721512424305725,-0.05871921902097407,-0.03364610159064151
-0.032180515398218174,-0.02749294803586055,0.0,-0.010654998628622115,-0.16742863170045874,-0.04629995767528406,0.11837379096447286
-0.01729985422151399,-0.01912596385168385,0.0,0.008188528920327382,-0.06891415259316537,-0.02520512817894344,-0.035687796870713925
-0.07341409508844662,-0.03132177685466741,0.0,-0.010645017679050642,-0.20122324621226978,-0.10932345770277967,0.2515887796009238
-0.026512483245636435,-0.021604369686401958,0.0,0.007499109964085224,-0.12463583554049286,-0.07072148085504357,0.06416813732292344
-0.018157711809724496,-0.01740152916105365,0.0,0.04843644661506852,-0.3042355220252016,0.21583402684877437,0.2061321765139694
-0.045251644936292926,-0.030490734393755853,0.0,-0.011863881200589732,-0.20144457809872288,-0.06222814838447605,0.18369867495669337
-0.032180515398218174,-0.02749294803586055,0.0,-0.010055378810311322,-0.166829617891562,-0.05369771627231127,0.11837379096447286
-0.017659216068620514,-0.01912596385168385,0.0,0.008392185000328099,-0.06761245984175014,-0.020524352456840433,-0.037386201942893146
-0.017666204594300676,-0.018859064112584274,0.0,0.0036822381865806633,-0.06509089747743102,-0.04341673815764738,-0.019085259272703332
-0.028200774924160777,-0.021889093831145075,0.0,0.005418477715807687,-0.022388880599401192,-0.1880095343687992,0.06132029584476742
-0.030695628694052218,-0.02728011771434746,0.0,0.0051163827754899605,-0.08372937549854528,-0.20186546516613008,0.2140796776429221
-0.0122825937173657,-0.013985981296893856,0.0,0.13849209406954374,1.2806808755558043,-1.068120519081825,-0.10578029214385569
-0.01729985422151399,-0.01912596385168385,0.0,0.008188528920327382,-0.06891415259316537,-0.02520512817894344,-0.035687796870713925
-0.01822910190655862,-0.018276377188774194,0.0,0.012077267459120128,-0.044705516065942544,-0.02290713219508224,-0.043888589920780235
-0.01582917002270262,-0.019213044067856514,0.0,0.0038867912124539356,-0.029603334643755058,-0.09233299397815363,0.0068849874381656595
-0.01930105375138229,-0.020685161074182397,0.0,-0.2312281514543894,1.038800921176025,-0.19040245364985234,-0.3812418329734822
-0.03212780596654387,-0.021680167654085616,0.0,0.0032534443694139594,-0.09708268088280016,-0.07143343154932347,0.05229594051546749
-0.01631533099698851,-0.015677120286777115,0.0,-0.1953649172555508,0.10897903374991946,-0.3866729390443772,0.30971889022060806
-0.014865437975756174,-0.021629140363011994,0.0,0.00616598722970687,-0.06500664565692427,-0.0182294725318866,-0.03450804773600561
-0.018604663385270483,-0.01727279184511604,0.0,-0.2369927271938486,1.0366836807257218,-0.42049748024652084,-0.34584363378472555
-0.032180515398218174,-0.024180089647802546,0.0,-0.0015809478079529453,-0.1649291385841712,-0.05170412270329265,0.09992187114118496
-0.018604663385270483,-0.017331982716640857,0.0,-0.2370177353607086,1.0369478635826006,-0.4178550231344135,-0.3345208264904905
-0.018897789261874142,-0.021959999091704985,0.0,0.010059911698858585,-0.06816260985603936,0.0027078850080186788,-0.018455235628976843
-0.01670507146582739,-0.01583098143544064,0.0,0.014310618920609633,-0.10512174939283318,0.018889200665278782,-0.05752935924411933
-0.010103064241615684,-0.012005285486097446,0.0,0.6240436117495202,1.709043171068525,-0.6629702921796405,0.00043364797202423064
-0.017050305795971627,-0.01911354282969484,0.0,0.00022920768212936223,-0.10101429638239252,-0.01541272527751396,-0.02384268765141353
-0.016699947271320754,-0.017826491682828037,0.0,-0.28363411232976043,-0.21268521309927307,1.1536364885495765,-0.7097476471889276
-0.01930105375138229,-0.017203064360769467,0.0,-0.22719894754651726,0.9803959319712799,-0.10823219166791503,-0.5708946288835037
-0.0527409764005606,-0.02361962861410908,0.0,0.003455306873814317,-0.09756945041923351,-0.028655352438820184,0.034115350260229424
-0.026001473007520287,-0.01964188785797499,0.0,0.007485179901446085,-0.12175413795955058,-0.07195102667445079,0.06510535354014232
-0.018321952166645217,-0.0192597817279595,0.0,-0.49051234502093205,-0.5148815610451778,1.7149628301759852,-0.8631699773637806
-0.018604663385270483,-0.01727279184511604,0.0,-0.2369927271938486,1.0366836807257218,-0.42049748024652084,-0.34584363378472555
-0.017666204594300676,-0.018859064112584274,0.0,-0.0032821928059088967,-0.0832391373052813,-0.04067006960974787,0.004656593721237083
-0.017596044179222132,-0.018612406161704478,0.0,0.024545165543601706,-0.14350935843503973,-0.044961828338987396,0.02924708042257826
-0.010955428473700487,-0.016915665572326793,0.0,0.07795022899700314,-0.07190699272573968,0.059245428001917455,-0.004447217153120186
-0.015150702142792197,-0.02360101267121902,0.0,-0.016986973182677487,0.06394007782719205,-0.20729614564824084,0.03876439172975977
-0.00744842657434001,-0.013002779174681924,0.0,-0.02358260621082485,1.1784530055870692,-0.601361748802917,-0.3643158876956829
-0.018474269007141466,-0.017820900245953564,0.0,-0.17223975520495377,-0.39886555437400906,0.9530372338009808,-0.5241990539153449
-0.07341409508844662,-0.031342825297315975,0.0,-0.010657169682712696,-0.2001414310440581,-0.10926940149839073,0.2516283917896163
-0.02651418110663375,-0.021610472916389872,0.0,0.007605310385004962,-0.13492845337868617,-0.05623615912102723,0.0641168160306396
-0.017050305795971627,-0.01911354282969484,0.0,-1.46890783633215e-05,-0.10442751017304557,-0.009950859096840802,-0.02384268765141353
-0.032180515398218174,-0.024180089647802546,0.0,-0.002180567626263737,-0.16552815239306792,-0.04430636410626545,0.09992187114118496
-0.017846580654210808,-0.016915665572326793,0.0,0.03350893834082065,-0.07732292157627128,-0.03240244418062809,-0.0534336290867362
-0.018474269007141466,-0.017820900245953564,0.0,-0.08163823187391647,-0.3365299303514402,0.6884739851763253,-0.41685305350908675
-0.017659216068620514,-0.018891420858617045,0.0,0.008188528920327382,-0.06891415259316537,-0.018995803915877314,-0.037045530949507514
-0.03212610810554655,-0.02167208048447648,0.0,0.004994969325246849,-0.0900888209636114,-0.08414893420638316,0.05231072143350326
-0.018604663385270483,-0.01727279184511604,0.0,-0.23542039997715533,1.0349342058770046,-0.3861765718353024,-0.35504248044568215
-0.017050305795971627,-0.019087854030192655,0.0,-0.0023275814522015744,-0.1089119166807834,-0.0021357764944682093,-0.02444279845265783
-0.018604663385270483,-0.01727279184511604,0.0,-0.2317425014549435,1.0361383961426678,-0.24298768577150598,-0.3832553454291774
-0.045750980435581075,-0.03055759261302029,0.0,-0.010663210701960999,-0.193414327807824,-0.07504005054120896,0.1869846001015338
-0.018604663385270483,-0.01727279184511604,0.0,-0.2317425014549435,1.0361383961426678,-0.24298768577150598,-0.3832553454291774
-0.010696883407149041,-0.01610727215960929,0.0,0.7251822094776562,1.8801609021987031,-0.3327994248023261,0.1247299649675597
-0.007306596166380315,-0.012646244215797986,0.0,-0.04648062112557098,1.0874699779510706,-0.7701307313585881,-0.36569887612557256
-0.011485724475474881,-0.013691593668979183,0.0,0.13618112129897994,1.2619302278118816,-0.9867494631161348,-0.21078216977809777
-0.030695628694052218,-0.021779825174646546,0.0,0.07647343884410103,-0.032739578192414,-1.970642403620025,1.8501957468913195
-0.02170262856697045,-0.021717214335072354,0.0,0.03610569384536201,-0.061285048024037905,-0.06319847341797016,0.001522034085625667
-0.05263992070103611,-0.03055759261302029,0.0,-0.008709522081135837,-0.19190714759895652,-0.07770953386044002,0.19004556961997518
-0.00935367166237484,-0.019422682962010232,0.0,-0.01798644319430042,-0.03890327848606224,-0.022752075263427485,-0.060837803840969165
-0.04632163167016785,-0.03208692692424164,0.0,0.011609511419840126,-0.25438330425296884,-0.06867260173851542,0.22429885862069562
-0.032500276917545756,-0.024652599402104475,0.0,0.0005751821866204936,-0.1697951111839602,-0.047229725382811415,0.10487883923790042
-0.01392870314499925,-0.01718139821921873,0.0,0.04522293258792897,-0.11205724640114499,0.03233325980757011,-0.058723192936786496
-0.018897789261874142,-0.022221263101776474,0.0,0.004364970211709494,-0.07420357497749493,-0.004850487230137404,-0.00786166645933076
-0.032180515398218174,-0.027715703863876322,0.0,-0.011843707143109481,-0.1660354610069306,-0.047341474931410304,0.12049039674892874
-0.017477304070200865,-0.018346060026661785,0.0,0.025403695858320127,-0.034080308322518675,-0.06788601011662435,-0.05081834274053956
-0.012418398278804447,-0.014436833356587781,0.0,0.12023164529261274,1.2229623054126042,-0.9351365350828411,-0.16068860507958302
-0.01729985422151399,-0.01912596385168385,0.0,0.008188528920327382,-0.06891415259316537,-0.02520512817894344,-0.035687796870713925
-0.016972341621376976,-0.019213044067856514,0.0,0.05305673413730052,0.0974812725533383,-0.2578357201231528,0.006821570126714376
-0.017050305795971627,-0.01911354282969484,0.0,-1.46890783633215e-05,-0.10442751017304557,-0.009950859096840802,-0.02384268765141353
-0.01582917002270262,-0.019422682962010232,0.0,0.00211000680885183,-0.051092879204007985,-0.04286560412723013,-0.020509404379468354
-0.009150106944923896,-0.013203183579701868,0.0,0.1128516627437196,1.1149817211511202,-1.0406988254245784,-0.3203774107617633
-0.009291937352883592,-0.013753503253105068,0.0,0.182816011970386,1.422346841967724,-1.3470820439523064,0.05782953805936559
-0.032016841346635246,-0.021889093831145075,0.0,0.006823069663034192,-0.013578323711263947,-0.12431532409975077,0.06212047890801904
-0.02651418110663375,-0.021610472916389872,0.0,0.007605310385004962,-0.13492845337868617,-0.05623615912102723,0.0641168160306396
-0.018604663385270483,-0.01727279184511604,0.0,-0.2317425014549435,1.0361383961426678,-0.24298768577150598,-0.3832553454291774
-0.02046046065654466,-0.019647991087962904,0.0,0.01012412421826627,-0.13907061846772015,-0.026353962627314178,0.028384920251154806
-0.02215533565309544,-0.024645395198483692,0.0,0.064745097932805,0.25481830471076505,-0.2170801033654113,0.006245115337714213
-0.03212610810554655,-0.021693128927125046,0.0,0.0069298163029045175,-0.08900705703426719,-0.08586747045857267,0.05348298155610355
-0.016078457458585355,-0.01598343589090149,0.0,0.029490159581458647,-0.05099958587114916,-0.04365788746329005,-0.05653948445031275
-0.017679899738498296,-0.018859064112584274,0.0,-0.011477865077013783,-0.08795563433468793,-0.008820365360385418,-0.01533534530017336
-0.01670507146582739,-0.01583098143544064,0.0,0.014310618920609633,-0.10512174939283318,0.018889200665278782,-0.05752935924411933
-0.017627156318749705,-0.017203064360769467,0.0,-0.20230904626044685,0.9438844023919566,-0.23330792139895629,-0.5478383419499598
-0.02375580801805397,-0.02122357436896206,0.0,0.043831549760805014,-0.08570301223124321,-0.03626510113364571,-0.062017424203772493
-0.01782458142834593,-0.025375097544386608,0.0,0.005829409077491621,-0.15423819769774463,0.07255015094676054,-0.054347060398210974
-0.03325219999309041,-0.029043651137521123,0.0,0.011903294242370141,-0.22165439323798097,-0.04727681451632366,0.1510969073205788
-0.017487218807104285,-0.017176929582398283,0.0,0.03748594872486221,-0.0980979834559626,-0.007084931835826452,-0.007768178872108025
-0.0527409764005606,-0.02361962861410908,0.0,0.004054926692125109,-0.09036298900541315,-0.041986007995751855,0.03412933047010866
-0.017487218807104285,-0.016940569671239882,0.0,0.03788566090273549,-0.08970936694466616,-0.017197187353668535,-0.016146500458883738
-0.02651418110663375,-0.021610472916389872,0.0,0.00820493020331575,-0.12772199196486583,-0.06956681467795893,0.06413079624051883
-0.01095894929608905,-0.01699931084006195,0.0,0.04321349725685404,-0.1025409082886236,0.041763764044997195,-0.06799011846947481
-0.01930105375138229,-0.01727279184511604,0.0,-0.2324143670609399,1.0284860444049648,-0.20226576241776137,-0.38194843076413926
-0.017050305795971627,-0.01911354282969484,0.0,0.00022920768212936223,-0.10101429638239252,-0.01541272527751396,-0.02384268765141353
-0.010498116454214789,-0.019163475065106662,0.0,0.018431160702224635,0.07626754977009403,-0.1826591226164552,-0.07024192777982365
-0.012418398278804447,-0.014436833356587781,0.0,0.11225332687156983,1.1890912842798944,-0.8811433246153253,-0.20437334397348864
-0.01822910190655862,-0.018276377188774194,0.0,0.012077267459120128,-0.044705516065942544,-0.02290713219508224,-0.043888589920780235
-0.03212780596654387,-0.021680167654085616,0.0,0.0038530641877247466,-0.08987621946897979,-0.08476408710625508,0.05230992072534673
-0.032180515398218174,-0.02749294803586055,0.0,-0.011843712190705437,-0.16620033428596118,-0.04619236755965058,0.11898814625554051
-0.057231168824763125,-0.03680469947790288,0.0,-0.010739736650495636,-0.18322584449324836,-0.07046493388563349,0.1836592356334911
-0.046323329531165164,-0.03204143749541641,0.0,0.011283505414175067,-0.264105098464563,-0.049981939784217395,0.21579345581185252
-0.017659216068620514,-0.018891420858617045,0.0,0.008188528920327382,-0.06891415259316537,-0.018995803915877314,-0.037045530949507514
-0.01863452535161186,-0.021981385453583305,0.0,-0.0001683878564524843,-0.08685542079028791,-0.013198033276364408,-0.023049655277733234
-0.00744842657434001,-0.013166818734153443,0.0,-0.012297919883873173,1.2248447860594502,-0.5679230365418799,-0.30034818010292097
-0.012060603930782128,-0.016249168537793426,0.0,0.04002282805165042,-0.09245914453715066,0.022856542510525213,-0.05728477168720758
-0.012418398278804447,-0.014436833356587781,0.0,0.13414447167892124,1.2609819842371246,-1.0187668319068366,-0.10282562241486215
-0.03325219999309041,-0.029043651137521123,0.0,0.011903294242370141,-0.22165439323798097,-0.04727681451632366,0.1510969073205788
-0.011485724475474881,-0.013691593668979183,0.0,0.14456868412288298,1.2810037490698192,-0.9783355247475916,-0.1439235739017179
-0.052739278539563283,-0.02363258988714851,0.0,0.007131678807304885,-0.08949382657070054,-0.04308939134806943,0.03530239130086548
-0.018604663385270483,-0.017203064360769467,0.0,-0.2268955591716156,0.9787356134660833,-0.12567173447971575,-0.5851474554615541
-0.03409102228847642,-0.026050868737305725,0.0,0.018002274343401847,-0.12374193278075957,-0.06506629548014682,0.06219311815035022
-0.017659216068620514,-0.018891420858617045,0.0,0.008188528920327382,-0.06891415259316537,-0.018995803915877314,-0.037045530949507514
-0.015039271688719156,-0.017009118621663162,0.0,0.03167050709921897,-0.21131454618627024,0.4104232932395482,-0.3512809152045805
-0.018897789261874142,-0.02227782368365185,0.0,0.019532237549626297,-0.050953652952799994,0.13675443808471413,0.01611385751847367
-0.017666204594300676,-0.018859064112584274,0.0,-0.0015753111357356888,-0.08162737860387025,-0.037848498891805846,0.004706791924747678
-0.01766450673330336,-0.018854119856072323,0.0,0.0015566474075915094,-0.07447827731639321,-0.0528269511912184,0.005893832965383742
-0.018197474103260978,-0.019251893589664174,0.0,0.003445320792999423,-0.1151888642042383,0.014469359407770648,-0.026759932758698944
-0.017666204594300676,-0.018859064112584274,0.0,-0.003445793415785334,-0.07104552663877706,-0.05197417003036659,0.0003400713665379458
-0.016322430423833197,-0.018616969916103718,0.0,0.019214424894855826,-0.025805846457713544,-0.09119155550237097,-0.032472095374386556
-0.022131083674985962,-0.02544455082669679,0.0,0.018361754304207955,-0.09277304671350274,0.0006193822388970832,-0.019545060888311757
-0.03409773039780572,-0.023763133402215753,0.0,0.0036352160191899818,-0.1854115559538029,-0.057361545343079724,0.12559855086254318
-0.022839997062789687,-0.02482029515495252,0.0,0.07546445879059943,0.2245591774331791,-0.13491541950727243,0.10653714393141145
-0.01818375861854106,-0.019270442753988867,0.0,0.016373030551534877,-0.1140229895502816,0.01834963036542245,-0.02831653739519846
-0.015144286748816104,-0.016953900381406848,0.0,0.44462948693216675,-0.3834919753999915,1.8859731489613754,-2.024953395734163
-0.01749616121547245,-0.019022082672355545,0.0,1.0307598021235636,-0.15719479742056894,-0.9781497741163285,-0.012537989174367601
-0.017394306235306644,-0.01873965742380735,0.0,0.005542383675863334,-0.05787877492425401,-0.027021947488515198,-0.053279410750275535
-0.018604663385270483,-0.01727279184511604,0.0,-0.23239648142680716,1.0267474030025816,-0.22127526985957538,-0.39391596224273423
-0.007492936354061703,-0.013166818734153443,0.0,-0.03607778357553312,1.1523084599339117,-0.5843192520054046,-0.4014612772797277
-0.0122825937173657,-0.013985981296893856,0.0,0.1339163800974621,1.2658999791389607,-1.057594530957495,-0.16223530720632623
-0.015144286748816104,-0.016953900381406848,0.0,0.297582358499825,-0.5284104898436928,2.190002086592888,-2.074709159292952
-0.01392870314499925,-0.01718139821921873,0.0,0.045953241247747065,-0.11159827332972294,0.0329032287512492,-0.05733924271090825
-0.032180515398218174,-0.02749294803586055,0.0,-0.011244092372394647,-0.1589938728721409,-0.05952302311658232,0.11900212646541973
-0.020861708658820904,-0.02172022530192312,0.0,0.017067539222795598,0.14888680057887704,-0.3048906712743252,0.1519173085249151
-0.022839997062789687,-0.02482029515495252,0.0,0.07120991456424662,0.2189926658779549,-0.16328302065262995,0.10801123454382273
-0.014938150228341029,-0.023684799550472646,0.0,-0.015883817003761826,0.1263866529654108,-0.20404556506492233,-0.004069232941716181
-0.00935367166237484,-0.019422682962010232,0.0,-0.026466211593580084,-0.03993256895179651,-0.021059724069585117,-0.045518941058051
-0.016699947271320754,-0.017826491682828037,0.0,-0.23066286879912568,-0.2734071675302619,1.051631735518359,-0.5857710508163849
-0.017666204594300676,-0.018859064112584274,0.0,0.0017287870081157386,-0.07617351015147064,-0.04186346814203761,-0.015838006922544504
-0.033250502132093095,-0.024861251598752562,0.0,0.00017624693800922527,-0.1785645458191759,-0.042948478146153816,0.11178498889488135
-0.032180515398218174,-0.02749294803586055,0.0,-0.011244092372394647,-0.1589938728721409,-0.05952302311658232,0.11900212646541973
-0.018228042630064466,-0.019087854030192655,0.0,-0.008522844980578155,-0.11545951978331408,0.017209798645614872,-0.02591288467702838
-0.006947234319273789,-0.01257942231984001,0.0,-0.017867642935377223,1.0892677924653227,-0.7395013994634472,-0.4004151492293056
-0.016322430423833197,-0.018346060026661785,0.0,0.030012147055686632,-0.0261500887799113,-0.07930950780135673,-0.04426117566603701
-0.01930105375138229,-0.020615433589835825,0.0,-0.226831931162159,0.9905921303628912,-0.10101184420234219,-0.5763713495619356
-0.016188531869809147,-0.019424739075178152,0.0,0.0007042324871418679,-0.043481914365148054,-0.09056538193635143,0.0032852771550515715
-0.017846580654210808,-0.016915665572326793,0.0,0.03741240092683213,-0.06844424095460812,-0.02044616732308169,-0.05511702144029177
-0.018604663385270483,-0.01727279184511604,0.0,-0.2317425014549435,1.0361383961426678,-0.24298768577150598,-0.3832553454291774
-0.011485724475474881,-0.013691593668979183,0.0,0.13618112129897994,1.2619302278118816,-0.9867494631161348,-0.21078216977809777
-0.04632163167016785,-0.032035334265428504,0.0,0.01099869379561237,-0.25381253186523706,-0.0683654641537749,0.22124562809458706
-0.016188531869809147,-0.019424739075178152,0.0,0.0007042324871418679,-0.043481914365148054,-0.09056538193635143,0.0032852771550515715
-0.017315215629285497,-0.0188611821045776,0.0,0.014065298382462595,-0.06843825306400553,-0.009781334379634701,-0.06911162434197093
-0.010103064241615684,-0.012005285486097446,0.0,0.6240436117495202,1.709043171068525,-0.6629702921796405,0.00043364797202423064
-0.07448577968331888,-0.03208692692424164,0.0,0.011696588923298,-0.26175075762003847,-0.09923114314864706,0.2838638053849286
-0.017487218807104285,-0.016940569671239882,0.0,0.038033212333432306,-0.09442038337311383,-0.007216071925670711,-0.008030496843511523
-0.010580194685761631,-0.018086852129758222,0.0,0.03323122070194496,-0.03512105446030884,-0.05094450206330468,-0.09085185646845936
-0.021293231699274252,-0.020183240914613976,0.0,0.007480775477942411,-0.18490609555555254,0.039606317841493724,0.09928554467908365
-0.04632163167016785,-0.032035334265428504,0.0,0.01099869379561237,-0.25381253186523706,-0.0683654641537749,0.22124562809458706
-0.012098187990096815,-0.013803497310613892,0.0,0.14458874174866423,1.2863681391445991,-0.9593076893910725,-0.11728534189716817
-0.01766450673330336,-0.018854119856072323,0.0,-0.0003903515737282231,-0.0744782260775257,-0.05105435873463998,0.004761185031475976
-0.04632163167016785,-0.03208692692424164,0.0,0.011222125774267093,-0.2543896114369518,-0.06931162600991164,0.22429885862069562
-0.01729985422151399,-0.01912596385168385,0.0,0.008188528920327382,-0.06891415259316537,-0.02520512817894344,-0.035687796870713925
-0.01729985422151399,-0.01912596385168385,0.0,0.008188528920327382,-0.06891415259316537,-0.02520512817894344,-0.035687796870713925
-0.058301155558638046,-0.03834699506216368,0.0,0.011432963501219818,-0.24358015604443564,-0.06363540759602891,0.22192903168210912
-0.017659216068620514,-0.01912596385168385,0.0,0.008392185000328099,-0.06761245984175014,-0.020524352456840433,-0.037386201942893146
-0.017513887753804427,-0.020274448628164358,0.0,0.006841977241515468,-0.0742385494569701,-0.05882075967266371,-0.000382686041787093
-0.02756711700317631,-0.02823266438401888,0.0,0.08281249192545515,0.23621434069384292,-0.1611452055266818,0.1311160263284872
-0.0744874775443162,-0.032093030154229554,0.0,0.011802789344217744,-0.2720433754582319,-0.08474582141463073,0.28381248409264476
-0.018604663385270483,-0.01727279184511604,0.0,-0.22141465631407403,1.029302431459984,-0.22735905028980977,-0.3616205207277915
-0.03325219999309041,-0.029043651137521123,0.0,0.011142955733491835,-0.22815468093340385,-0.03912395789315761,0.14851951974867025
-0.017050305795971627,-0.019087854030192655,0.0,-0.0023275814522015744,-0.1089119166807834,-0.0021357764944682093,-0.02444279845265783
-0.015762592872074065,-0.019444069323888553,0.0,-0.0024391384310343944,-0.04769234503789884,-0.08711656701735401,0.0053414106920104
-0.01729985422151399,-0.018891420858617045,0.0,0.008188528920327382,-0.06891415259316537,-0.026556683230096623,-0.03566905013091316
-0.016175954635357016,-0.017885677848165506,0.0,1.0714391218497892,-0.08684349975419174,-1.0469101379320573,-0.03827003163798485
-0.0173317034684835,-0.019422682962010232,0.0,0.05091430124750987,0.07968225393854332,-0.20939288968880468,-0.02000617641770473
-0.017659216068620514,-0.01912596385168385,0.0,0.008188528920327382,-0.06891415259316537,-0.017644248864724096,-0.03706427768930828
-0.017659216068620514,-0.018891420858617045,0.0,0.008188528920327382,-0.06891415259316537,-0.018995803915877314,-0.037045530949507514
-0.022839997062789687,-0.02482029515495252,0.0,0.06547037970215021,0.20820063716258055,-0.2936553844091403,0.04166617403591684
-0.03212610810554655,-0.021693128927125046,0.0,0.0069298163029045175,-0.08900705703426719,-0.08586747045857267,0.05348298155610355
-0.007306596166380315,-0.012344879326773205,0.0,-0.03533917270226013,1.0759753061276138,-0.7728476168947749,-0.38300266817783235
-0.018157711809724496,-0.017660737057957215,0.0,0.019315014326979525,-0.17582167204494045,0.022783536826540097,0.018365085175711886
-0.028889131481101667,-0.024495973108776724,0.0,0.0004250723680386323,-0.17219939401952927,-0.02631103614807296,0.08862591311049985
-0.017659216068620514,-0.019371969642212696,0.0,0.007242224326075442,-0.06962769561101498,-0.029914618450017916,-0.031092415262252638
-0.017513887753804427,-0.020274448628164358,0.0,0.006841977241515468,-0.0742385494569701,-0.05882075967266371,-0.000382686041787093
-0.011818858126926929,-0.017223020588873927,0.0,-0.5368054326381573,-0.4522957072686612,1.8352216141926787,-1.0256674855829044
-0.045750980435581075,-0.03055759261302029,0.0,-0.010663210701960999,-0.193414327807824,-0.07504005054120896,0.1869846001015338
-0.012429790919111935,-0.014072488899618584,0.0,0.13375620951667835,1.258630349611746,-1.0795619528191394,-0.17109353202165029
-0.007713490657375906,-0.01188013850616312,0.0,0.17053190569701018,1.1340124294996459,-1.0389705472172577,-0.3521239333017493
-0.006947234319273789,-0.01257942231984001,0.0,-0.017867642935377223,1.0892677924653227,-0.7395013994634472,-0.4004151492293056
-0.04632163167016785,-0.03208692692424164,0.0,0.011609511419840126,-0.25438330425296884,-0.06867260173851542,0.22429885862069562
-0.01930105375138229,-0.020685161074182397,0.0,-0.23176951958705866,1.0279082006482714,-0.19716537235742204,-0.37938419459747513
-0.02215533565309544,-0.024645395198483692,0.0,0.05870414205515128,0.2505928532804945,-0.3862078850108921,-0.08259397636783193
-0.07341409508844662,-0.031342825297315975,0.0,-0.008710170701392964,-0.2001414822829256,-0.11104199395496914,0.2527610397235241
-0.032271707494961624,-0.02728011771434746,0.0,0.0037702321057123717,-0.09557576096957004,-0.06739901378650412,0.05346449633848341
-0.006947234319273789,-0.01257942231984001,0.0,-0.017867642935377223,1.0892677924653227,-0.7395013994634472,-0.4004151492293056
-0.017659216068620514,-0.018891420858617045,0.0,0.008188528920327382,-0.06891415259316537,-0.018995803915877314,-0.037045530949507514
-0.010021415210069617,-0.016249168537793426,0.0,0.04002227338766206,-0.09245914453715066,0.008025818798879548,-0.05728477168720758
-0.028200774924160777,-0.021889093831145075,0.0,0.005743655696084403,-0.021164662869859234,-0.19585717953565032,0.06018622855539976
-0.01095894929608905,-0.01699931084006195,0.0,0.057474173285265676,-0.08667111188331457,-0.006525143131632705,-0.04857777276341961
-0.017666204594300676,-0.018859064112584274,0.0,0.0015968186009987903,-0.06581250473348559,-0.043446797042685954,-0.016425592596331473
-0.016905764470748416,-0.01939284825272351,0.0,0.048251534104407204,0.11133659164262806,-0.26576428586110007,0.005955204292136709
-0.017659216068620514,-0.018891420858617045,0.0,0.00874588286247533,-0.06477876676920886,-0.031038000602006472,-0.03267024861128941
-0.018604663385270483,-0.01727279184511604,0.0,-0.2369927271938486,1.0366836807257218,-0.42049748024652084,-0.34584363378472555
-0.022131083674985962,-0.023503388470580665,0.0,0.024423261169151354,-0.070867972093188,-0.007241406577608088,-0.037227105436871584
-0.007530365132740077,-0.013166818734153443,0.0,-0.04580883551614473,1.16805948936925,-0.5965705006893149,-0.36171717426483246
-0.006947234319273789,-0.01257942231984001,0.0,-0.017867642935377223,1.0892677924653227,-0.7395013994634472,-0.4004151492293056
-0.018604663385270483,-0.01727279184511604,0.0,-0.2317425014549435,1.0361383961426678,-0.24298768577150598,-0.3832553454291774
-0.032180515398218174,-0.02749294803586055,0.0,-0.011843712190705437,-0.16620033428596118,-0.04619236755965058,0.11898814625554051
-0.046323329531165164,-0.032093030154229554,0.0,0.01150693739282978,-0.26468217803627775,-0.05092810164035414,0.2188466863379611
-0.017659216068620514,-0.018891420858617045,0.0,0.008188528920327382,-0.06891415259316537,-0.018995803915877314,-0.037045530949507514
-0.01729985422151399,-0.01912596385168385,0.0,0.008398063897891613,-0.06900254858217329,-0.02136095539407887,-0.03524104699782336
-0.018604663385270483,-0.017331982716640857,0.0,-0.2370177353607086,1.0369478635826006,-0.4178550231344135,-0.3345208264904905
-0.017443730728962745,-0.021369932466108424,0.0,-0.05501706273858717,-0.48039816201609753,0.026214411140997523,0.44491261112290165
-0.018897789261874142,-0.022221263101776474,0.0,0.004155435234145265,-0.07411517898848699,-0.00869466001500196,-0.008308416332221335
-0.01833879656732675,-0.022414321119724568,0.0,0.04477462548007508,0.07238455367039291,-0.13712105895222826,0.07274381876902826
-0.018248670479681733,-0.01695262892325427,0.0,-0.054720942902376966,-0.34889157074466604,1.0190242057366354,-0.7717257040669063
-0.009150106944923896,-0.013203183579701868,0.0,0.13506766967910422,1.200544452746416,-1.2984269168756002,-0.20425806475278782
-0.020281143655464583,-0.024750393364993455,0.0,0.06874667187913813,0.09169757136039718,-0.18400500588364296,-0.08091917307124041
-0.017666204594300676,-0.018859064112584274,0.0,-0.003445793415785334,-0.0697308477196289,-0.05689643399180481,0.0046677534422530035
-0.018897789261874142,-0.021959999091704985,0.0,0.010682466652430622,-0.06829159410813775,0.0034703847066459804,-0.019571285627555994
-0.018197474103260978,-0.019251893589664174,0.0,0.003445320792999423,-0.1151888642042383,0.014469359407770648,-0.026759932758698944
-0.017212394236886995,-0.017874162489059243,0.0,0.02810943315432923,-0.025670007176782424,-0.059324184320369254,-0.06279330345244227
-0.017487218807104285,-0.016940569671239882,0.0,0.03788566090273549,-0.08970936694466616,-0.017197187353668535,-0.016146500458883738
-0.02192185417428139,-0.02298336001591076,0.0,0.01138815741260034,-0.12065672525036607,-0.06717510110853712,0.05095439786423954
-0.007306596166380315,-0.012344879326773205,0.0,-0.03533917270226013,1.0759753061276138,-0.7728476168947749,-0.3824946963507041
-0.017666204594300676,-0.018859064112584274,0.0,-0.003445793415785334,-0.0697308477196289,-0.05689643399180481,0.0046677534422530035
-0.03108476775354321,-0.028377125330207077,0.0,0.055446554479716914,-0.26654039228014753,0.00044182595426049085,0.082264819016286
-0.02364629578654812,-0.01871499668319404,0.0,0.05558922784059231,0.019564135578001712,-0.027782863968829553,-0.06963960407123831
-0.032180515398218174,-0.02749294803586055,0.0,-0.011843712190705437,-0.16620033428596118,-0.04619236755965058,0.11898814625554051
-0.032016841346635246,-0.021889093831145075,0.0,0.006823069663034192,-0.013578323711263947,-0.12431532409975077,0.06212047890801904
-0.006947234319273789,-0.01257942231984001,0.0,-0.017867642935377223,1.0892677924653227,-0.7395013994634472,-0.4004151492293056
-0.017627156318749705,-0.017203064360769467,0.0,-0.1935488968508972,0.9485714546865504,-0.2261017916452439,-0.5740021221894277
-0.00744842657434001,-0.013002779174681924,0.0,-0.02358260621082485,1.1784530055870692,-0.601361748802917,-0.3643158876956829
-0.05083507711465367,-0.03076379827457662,0.0,0.014598191626521567,-0.1516306207623111,0.00034065754794292515,0.053821205694517454
-0.02045876279554734,-0.01964188785797499,0.0,0.010017923797346518,-0.12877800062952677,-0.04083928436133043,0.028436241543438653
-0.007749480477642284,-0.017416920021459902,0.0,-1.763807760114593,2.8023363860983883,0.6428333692845466,-0.620055890989333
-0.018157711809724496,-0.017660737057957215,0.0,0.019315014326979525,-0.17582167204494045,0.022783536826540097,0.018365085175711886
-0.017337704564467694,-0.0254295642719668,0.0,0.008783129160308769,-0.14948874796445893,0.07303520216265172,-0.04910666512010845
-0.018604663385270483,-0.017203064360769467,0.0,-0.22560409395051542,0.9829141203468631,-0.18656710421160788,-0.5866043150906736
-0.02477104359188661,-0.015260309853912057,0.0,0.003291103769208291,-0.0884766721198826,-0.05717040796857193,0.013356806168004946
-0.009150106944923896,-0.013203183579701868,0.0,0.1128516627437196,1.1149817211511202,-1.0406988254245784,-0.3203774107617633
-0.032920190187754404,-0.020557457187225996,0.0,0.08614988630697015,-0.535367932659576,1.4405795650176483,-0.9841053726802319
-0.01582917002270262,-0.019422682962010232,0.0,0.00211000680885183,-0.051092879204007985,-0.04286560412723013,-0.020509404379468354
-0.032180515398218174,-0.02749294803586055,0.0,-0.011244092372394647,-0.1589938728721409,-0.05952302311658232,0.11900212646541973
-0.01392870314499925,-0.01718139821921873,0.0,0.04522293258792897,-0.11205724640114499,0.03233325980757011,-0.058723192936786496
-0.031100875394239617,-0.02178670616426773,0.0,0.36442374950882395,-0.5428777302978964,1.6908110991925924,-1.502167519287403
-0.017477304070200865,-0.018346060026661785,0.0,0.025373215438476905,-0.03375895710630288,-0.06794980800498851,-0.05155451223881998
-0.014865437975756174,-0.021629140363011994,0.0,0.006783507010885218,-0.06534504079298302,-0.017188558765737234,-0.03449029128638539
-0.012418398278804447,-0.014436833356587781,0.0,0.12038702866536558,1.2229062709390888,-0.9409633852226025,-0.1435139064552712
-0.01729985422151399,-0.01912596385168385,0.0,0.011911810981674991,-0.07645568598162807,-0.00891206107423527,-0.023058246530121906
-0.012418398278804447,-0.014436833356587781,0.0,0.12038702866536558,1.2229062709390888,-0.9409633852226025,-0.1435139064552712
-0.02062741796281649,-0.027512462872212342,0.0,-0.0002623774788986607,-0.029082715269477876,-0.19210333383385306,0.14192596260444373
-0.017330828281724688,-0.017885677848165506,0.0,1.0661890584924267,-0.09413101686436746,-1.035806165448995,-0.046880189029357755
-0.016322430423833197,-0.018136421132508067,0.0,0.01984753929669711,-0.026603429881998066,-0.08146964041327819,-0.03549995696266551
-0.05722947096376581,-0.03681766075094231,0.0,-0.008794536305571074,-0.1819708294684553,-0.0715480557668099,0.1848314957560914
-0.012418398278804447,-0.014436833356587781,0.0,0.12038702866536558,1.2229062709390888,-0.9409633852226025,-0.1435139064552712
-0.03325219999309041,-0.025944294400027143,0.0,0.009611792504962116,-0.23190934266965785,-0.03021506630737281,0.14628950568966045
-0.017666204594300676,-0.018859064112584274,0.0,-0.0015753111357356888,-0.08162737860387025,-0.037848498891805846,0.004706791924747678
-0.046323329531165164,-0.03204143749541641,0.0,0.011283505414175067,-0.264105098464563,-0.049981939784217395,0.21579345581185252
-0.026512483245636435,-0.019686251999232303,0.0,0.007506970745287829,-0.1220852133852271,-0.07072148085504357,0.060645223633573615
-0.059136097112965205,-0.021382762790078794,0.0,0.02964237841712044,-0.12695562567874363,-0.04520883693540983,0.040544685793537025
-0.018315017252511487,-0.022084866174505603,0.0,0.01770089386278799,-0.07807457980062553,-0.08892073714287917,-0.02911477202657644
-0.03325219999309041,-0.029043651137521123,0.0,0.011903294242370141,-0.22165439323798097,-0.04727681451632366,0.1510969073205788
-0.0744874775443162,-0.032093030154229554,0.0,0.011802789344217744,-0.2720433754582319,-0.08474582141463073,0.28381248409264476
-0.017602539681659927,-0.019647991087962904,0.0,0.011389609331226496,-0.12919741479664842,-0.03458561788996498,0.022759904781559342
-0.00935367166237484,-0.019422682962010232,0.0,-0.01798644319430042,-0.03890327848606224,-0.022752075263427485,-0.060837803840969165
-0.017050305795971627,-0.01911354282969484,0.0,0.00022920768212936223,-0.10101429638239252,-0.01541272527751396,-0.02384268765141353
-0.026512483245636435,-0.021604369686401958,0.0,0.007499109964085224,-0.12463583554049286,-0.07072148085504357,0.06416813732292344
-0.036054526178687644,-0.032035334265428504,0.0,0.010998531486178824,-0.24787343497467598,-0.04892540918562074,0.18486366175011193
-0.017133303630865848,-0.018106182378468623,0.0,0.030164081502279793,-0.03833258137957087,-0.050339618640942385,-0.08063516298597713
-0.0744874775443162,-0.03287826283852525,0.0,0.011802140723960615,-0.2720433754582319,-0.08474582141463073,0.28440640336680734
-0.017666204594300676,-0.018859064112584274,0.0,-0.003445793415785334,-0.07104552663877706,-0.05197417003036659,0.0003400713665379458
-0.02250312418787377,-0.01871499668319404,0.0,0.008408241054770041,-0.115801904376076,0.13147589823802502,-0.0662562177156192
-0.017050305795971627,-0.019087854030192655,0.0,-0.001184925332219994,-0.10667502917275805,-0.006796796107733356,-0.023930120733294778
-0.017659216068620514,-0.018891420858617045,0.0,0.00874588286247533,-0.06477876676920886,-0.031038000602006472,-0.03267024861128941
-0.017659216068620514,-0.018891420858617045,0.0,0.008188528920327382,-0.06891415259316537,-0.018995803915877314,-0.037045530949507514
-0.058301155558638046,-0.03834699506216368,0.0,0.011611574698862768,-0.2435801048055681,-0.05973720496048781,0.2165281806916584
-0.017487218807104285,-0.016940569671239882,0.0,0.03788566090273549,-0.08970936694466616,-0.017197187353668535,-0.016146500458883738
-0.03136336266275202,-0.02178670616426773,0.0,0.44489431781475075,-0.4556756953577524,1.9232440446895247,-1.8895639116707528
-0.01723117881451158,-0.020370575234164665,0.0,0.003761439059552745,-0.15336146185441885,0.03385397082053669,-0.004335263142456862
-0.017659216068620514,-0.019371969642212696,0.0,0.007242224326075442,-0.06962769561101498,-0.029914618450017916,-0.031092415262252638
-0.032180515398218174,-0.02749294803586055,0.0,-0.011244092372394647,-0.1589938728721409,-0.05952302311658232,0.11900212646541973
-0.01794515989527333,-0.01740152916105365,0.0,0.04826877853572669,-0.20273389628899346,0.049335206363899514,0.003869256975571608
-0.018897789261874142,-0.021984903190618073,0.0,0.008370013522659321,-0.06862122944311776,-0.005602396066339853,-0.014522792272083897
-0.018604663385270483,-0.01727279184511604,0.0,-0.2317425014549435,1.0361383961426678,-0.24298768577150598,-0.3832553454291774
-0.032147898132020035,-0.02204986571814493,0.0,0.0018299568133775999,-0.11382207220754575,-0.013382854257644865,0.007984749077087188
-0.018604663385270483,-0.01727279184511604,0.0,-0.23239648142680716,1.0267474030025816,-0.22127526985957538,-0.39391596224273423
-0.017477304070200865,-0.018541943636469542,0.0,0.004833623223846899,-0.02162101668203068,-0.07490502782686942,-0.044529506754822486
-0.017050305795971627,-0.01911354282969484,0.0,-1.46890783633215e-05,-0.10442751017304557,-0.009950859096840802,-0.02384268765141353
-0.016699947271320754,-0.017826491682828037,0.0,-0.28363411232976043,-0.21268521309927307,1.1536364885495765,-0.7097476471889276
-0.033250502132093095,-0.024859267659131344,0.0,-0.00010077904574266205,-0.17832007476113734,-0.043291712337956666,0.11174537670618882
-0.018604663385270483,-0.017331982716640857,0.0,-0.2308619671359161,1.0384042308078725,-0.40930313968097976,-0.3560419577782079
-0.018157711809724496,-0.017660737057957215,0.0,0.019315014326979525,-0.17582167204494045,0.022783536826540097,0.018365085175711886
-0.028785196506718916,-0.028196190538404067,0.0,-0.004989132721136765,-0.14176870747914636,-0.063597145356469,0.09506633473479771
-0.03212780596654387,-0.021680167654085616,0.0,0.0032534443694139594,-0.09708268088280016,-0.07143343154932347,0.05229594051546749
-0.02756711700317631,-0.02482029515495252,0.0,0.08280796359986359,0.23314817645522387,-0.1693742296519622,0.1311160263284872
-0.018897789261874142,-0.021959999091704985,0.0,0.010682466652430622,-0.06829159410813775,0.0034703847066459804,-0.019571285627555994
-0.04632163167016785,-0.03208692692424164,0.0,0.011609511419840126,-0.25438330425296884,-0.06867260173851542,0.22429885862069562
-0.02651418110663375,-0.021610472916389872,0.0,0.00820493020331575,-0.12772199196486583,-0.06956681467795893,0.06413079624051883
-0.017659216068620514,-0.018891420858617045,0.0,0.008188528920327382,-0.06891415259316537,-0.018995803915877314,-0.037045530949507514
-0.04524994707529561,-0.03055759261302029,0.0,-0.008716140052688543,-0.19343064514597927,-0.07692303652836682,0.18718688375919382
-0.03605622403968496,-0.03204143749541641,0.0,0.01128334310474152,-0.2581660015740018,-0.030541884816063337,0.1794114894673774
-0.018604663385270483,-0.01727279184511604,0.0,-0.22141465631407403,1.029302431459984,-0.22735905028980977,-0.3616205207277915
-0.012429790919111935,-0.014072488899618584,0.0,0.14111863082091977,1.2691424608385888,-1.1010842005358923,-0.1256347765516028
-0.014865437975756174,-0.021629140363011994,0.0,0.00616598722970687,-0.06500664565692427,-0.0182294725318866,-0.03450804773600561
-0.018474269007141466,-0.017820900245953564,0.0,0.05594258103675579,-0.38865752830117684,1.2045931067668185,-0.9907672102059736
-0.018604663385270483,-0.017331982716640857,0.0,-0.2308619671359161,1.0384042308078725,-0.40930313968097976,-0.3560419577782079
-0.032180515398218174,-0.024180089647802546,0.0,-0.0015809478079529453,-0.15832169097924761,-0.05763701966319715,0.09993585135106421
-0.032178817537220857,-0.027484860866251414,0.0,-0.010102187234872547,-0.15920647436677246,-0.0589078702167104,0.11900292717357626
-0.04524994707529561,-0.03055759261302029,0.0,-0.008716140052688543,-0.19343064514597927,-0.07692303652836682,0.18718688375919382
-0.007266453744538808,-0.013203183579701868,0.0,0.07424350458951848,1.1175192180092959,-0.8560461150021544,-0.38339746037895406
-0.01840169173093484,-0.017418255858813174,0.0,0.042144187948464716,-0.13422977944739287,0.005648490392632831,-0.02354379591808179
-0.032180515398218174,-0.02749294803586055,0.0,-0.010654998628622115,-0.16742863170045874,-0.04629995767528406,0.11837379096447286
-0.010103064241615684,-0.012005285486097446,0.0,0.6457539943879371,1.7280815409929489,-0.7021963910733945,0.044683643201946247
-0.007492936354061703,-0.013166818734153443,0.0,-0.017300720551044892,1.2329985951247806,-0.5522922515260521,-0.2987916922679773
-0.01749616121547245,-0.0187760768818267,0.0,1.0319470770957107,-0.15569096566238347,-0.9672786291398989,-0.018549841202129953
-0.018248670479681733,-0.01695262892325427,0.0,-0.0487769989166025,-0.2951871349826837,1.0815773915597915,-0.8538853372008814
-0.017221629057259703,-0.01598343589090149,0.0,0.02938859414440983,-0.05361035813174788,-0.03756260521957254,-0.060670375768681166
-0.020281143655464583,-0.024750393364993455,0.0,0.06874667187913813,0.09169757136039718,-0.18400500588364296,-0.08091917307124041
-0.016078457458585355,-0.01598343589090149,0.0,0.029039978459767253,-0.050989037107208646,-0.04435578816454036,-0.05763621955738334
-0.017627156318749705,-0.017203064360769467,0.0,-0.1935488968508972,0.9485714546865504,-0.2261017916452439,-0.5740021221894277
-0.0173317034684835,-0.019422682962010232,0.0,0.05184495149245204,0.07693794700866204,-0.2167343885361712,-0.020145093051869754
-0.02170262856697045,-0.019776051978956228,0.0,0.03789544317940355,-0.06047371914529727,-0.06868725055895374,-0.0004982405817969648
-0.017513887753804427,-0.020274448628164358,0.0,0.006841977241515468,-0.0742385494569701,-0.05882075967266371,-0.000382686041787093
-0.024086201977950347,-0.02393050699093047,0.0,0.07052657783593107,0.09332890820964172,-0.19061446054528458,-0.07976721959165184
-0.007306596166380315,-0.012646244215797986,0.0,-0.04648062112557098,1.0874699779510706,-0.7701307313585881,-0.36569887612557256
-0.022993538769153627,-0.014185393966504258,0.0,0.008820857942514313,-0.14509037766015745,-0.05738304090257359,0.05991508612034609
-0.01747892314064708,-0.019647991087962904,0.0,0.051091861119305595,-0.2584074581743231,0.6428059576252627,-0.561749518468037
-0.00935367166237484,-0.019422682962010232,0.0,-0.01798644319430042,-0.03890327848606224,-0.022752075263427485,-0.060837803840969165
-0.006947234319273789,-0.01257942231984001,0.0,-0.017867642935377223,1.0892677924653227,-0.7395013994634472,-0.4004151492293056
-0.045251644936292926,-0.03054463133998086,0.0,-0.012392511986179114,-0.2015062689945122,-0.06248899761911759,0.18599984271855777
-0.017513887753804427,-0.020274448628164358,0.0,0.006841977241515468,-0.0742385494569701,-0.05882075967266371,-0.000382686041787093
-0.01782458142834593,-0.025375097544386608,0.0,0.005829409077491621,-0.15423819769774463,0.07255015094676054,-0.054347060398210974
-0.01794515989527333,-0.017485316040307276,0.0,0.0433076128740087,-0.19043045490772867,0.05082080495341072,-0.011967084108147343
-0.014865437975756174,-0.021629140363011994,0.0,0.006783507010885218,-0.06534504079298302,-0.017188558765737234,-0.03449029128638539
-0.010103064241615684,-0.012005285486097446,0.0,0.6240436117495202,1.709043171068525,-0.6629702921796405,0.00043364797202423064
-0.03218760825233777,-0.02420098798220679,0.0,0.13156723968699527,-0.28633788814544575,-0.055013466817480074,0.15334578199577775
-0.026214767315505514,-0.023884459019810404,0.0,0.025247872498041085,-0.067013526792816,-0.01399930362727416,-0.08229514827380079
-0.01796567523735006,-0.026942407012535415,0.0,0.0228948726146306,-0.11861704461225316,0.004236834124409087,-0.03416273325579549
-0.018604663385270483,-0.017331982716640857,0.0,-0.22533635511435662,1.048139659840691,-0.3910094939113631,-0.3813590310269212
-0.04524994707529561,-0.03055759261302029,0.0,-0.008716140052688543,-0.19343064514597927,-0.07692303652836682,0.18718688375919382
-0.017221629057259703,-0.01598343589090149,0.0,0.029838775266101222,-0.053620906895688394,-0.03686470451832223,-0.059573640661610576
-0.017050305795971627,-0.01911354282969484,0.0,0.00022920768212936223,-0.10101429638239252,-0.01541272527751396,-0.02384268765141353
-0.014126778712620818,-0.01583098143544064,0.0,0.01611326657724434,-0.10871214996531336,0.03864919864466985,-0.05269107426747257
-0.01794515989527333,-0.017485316040307276,0.0,0.04354705747406018,-0.19268629012525187,0.0562603978355431,-0.008419651499931315
-0.04997369177538321,-0.015024349071352368,0.0,-0.0034380972961617195,-0.07867880375523688,-0.030547571069957927,0.012411686951679103
-0.017487218807104285,-0.017176929582398283,0.0,0.03748594872486221,-0.0980979834559626,-0.007084931835826452,-0.007768178872108025
-0.014865437975756174,-0.021629140363011994,0.0,0.006783507010885218,-0.06534504079298302,-0.017188558765737234,-0.03449029128638539
-0.01729985422151399,-0.01912596385168385,0.0,0.007305660066099002,-0.06971787066763419,-0.017366994446370403,-0.03926135480275486
-0.017050305795971627,-0.01911354282969484,0.0,-1.46890783633215e-05,-0.10442751017304557,-0.009950859096840802,-0.02384268765141353
-0.018604663385270483,-0.01727279184511604,0.0,-0.2369927271938486,1.0366836807257218,-0.42049748024652084,-0.34584363378472555
-0.009150106944923896,-0.013203183579701868,0.0,0.1128516627437196,1.1149817211511202,-1.0406988254245784,-0.3203774107617633
-0.01603062933960563,-0.02097700890224895,0.0,0.03584715327123023,-0.05267162918558418,-0.022085489147394898,-0.08464379861913517
-0.017659216068620514,-0.018891420858617045,0.0,0.008188528920327382,-0.06891415259316537,-0.018995803915877314,-0.037045530949507514
-0.015039271688719156,-0.017009118621663162,0.0,0.030338858351809037,-0.23401284457804436,0.4229232030741379,-0.336845567435092
-0.01646333319074128,-0.015593333407523486,0.0,0.17758009829840404,-0.8610295055675983,0.06165640672799026,0.8413293173744387
-0.017477304070200865,-0.018541943636469542,0.0,0.004833623223846899,-0.02162101668203068,-0.07490502782686942,-0.044529506754822486
-0.018604663385270483,-0.01727279184511604,0.0,-0.2369927271938486,1.0366836807257218,-0.42049748024652084,-0.34584363378472555
-0.03325219999309041,-0.029043651137521123,0.0,0.01120641819316819,-0.22953347867656704,-0.03021506630737281,0.14636180734895807
-0.007713490657375906,-0.01188013850616312,0.0,0.17053190569701018,1.1340124294996459,-1.0389705472172577,-0.3521239333017493
-0.018604663385270483,-0.01727279184511604,0.0,-0.2369927271938486,1.0366836807257218,-0.42049748024652084,-0.34584363378472555
-0.07341579294944395,-0.03054463133998086,0.0,-0.012385894014626407,-0.20821710613145855,-0.09660795504571996,0.25098007940872546
-0.017487218807104285,-0.016940569671239882,0.0,0.03788566090273549,-0.08970936694466616,-0.017197187353668535,-0.016146500458883738
-0.017666204594300676,-0.018859064112584274,0.0,0.0036822381865806633,-0.06509089747743102,-0.04341673815764738,-0.019085259272703332
-0.017846580654210808,-0.016915665572326793,0.0,0.03350893834082065,-0.07732292157627128,-0.03240244418062809,-0.0534336290867362
-0.01822910190655862,-0.018440416748245713,0.0,0.012077267459120128,-0.044705516065942544,-0.011566716934143502,-0.04893377397880268
-0.018214327145344548,-0.019106403194517348,0.0,0.016072276720990288,-0.10120641066884907,-0.000896972958738207,-0.03553542382548094
-0.01930105375138229,-0.020615433589835825,0.0,-0.22878366272772,0.9933639866373302,-0.09450191654355933,-0.5542115456035683
-0.009150106944923896,-0.013203183579701868,0.0,0.1128516627437196,1.1149817211511202,-1.0406988254245784,-0.3203774107617633
-0.007266453744538808,-0.013203183579701868,0.0,0.08770504839004378,1.1285300110740608,-0.9574978560502175,-0.3823179614033355
-0.03325219999309041,-0.029043651137521123,0.0,0.01120641819316819,-0.22953347867656704,-0.03021506630737281,0.14636180734895807
-0.020281143655464583,-0.024750393364993455,0.0,0.06874667187913813,0.09169757136039718,-0.18400500588364296,-0.08091917307124041
-0.007266453744538808,-0.013203183579701868,0.0,0.07424350458951848,1.1175192180092959,-0.8560461150021544,-0.38339746037895406
-0.03325219999309041,-0.029043651137521123,0.0,0.011303674424059358,-0.22886085465180134,-0.033946158959391994,0.15108292711069954
-0.017602539681659927,-0.019647991087962904,0.0,0.010862069703744356,-0.13401587194960213,-0.03190774565568608,0.02662844431887083
-0.020370110867691842,-0.020287409901203788,0.0,0.006584157335442537,-0.07821364551185254,-0.054286383739949234,-0.0003088228392548239
-0.012418398278804447,-0.014436833356587781,0.0,0.11225332687156983,1.1890912842798944,-0.8811433246153253,-0.20437334397348864
-0.018604663385270483,-0.01727279184511604,0.0,-0.22141465631407403,1.029302431459984,-0.22735905028980977,-0.3616205207277915
-0.018604663385270483,-0.01727279184511604,0.0,-0.23542039997715533,1.0349342058770046,-0.3861765718353024,-0.35504248044568215
-0.017477304070200865,-0.018136421132508067,0.0,0.015725453951898734,-0.031399479014840255,-0.07179314476397852,-0.04553250006088105
-0.05722947096376581,-0.03681766075094231,0.0,-0.008794536305571074,-0.1819708294684553,-0.0715480557668099,0.1848314957560914
-0.03605622403968496,-0.03204143749541641,0.0,0.011882962923052303,-0.25095954016018146,-0.04387254037299498,0.17942546967725664
-0.019257151108980665,-0.021962055204872905,0.0,0.00284808742676206,-0.08636704532223796,-0.01153502171960784,-0.01697544837775562
-0.01571352015118431,-0.018248047894946735,0.0,0.009571948315053718,-0.05699872211327377,-0.06157709936685289,-0.016422930318109215
-0.00929142248536991,-0.019422682962010232,0.0,-0.015817335281326925,-0.038683123566299105,-0.026730053720126212,-0.0706073777571265
-0.01729985422151399,-0.018891420858617045,0.0,0.008188528920327382,-0.06891415259316537,-0.026556683230096623,-0.03566905013091316
-0.007266453744538808,-0.013203183579701868,0.0,0.07547308562419779,1.1170010513268311,-0.8647977628021767,-0.3846865249296586
-0.018604663385270483,-0.01727279184511604,0.0,-0.2369927271938486,1.0366836807257218,-0.42049748024652084,-0.34584363378472555
-0.017050305795971627,-0.01911354282969484,0.0,0.00022920768212936223,-0.09757625683657453,-0.019639602517944436,-0.02384268765141353
-0.07448577968331888,-0.03287215960853734,0.0,0.011517329105397925,-0.261750808858906,-0.10312934578418817,0.2898585756495418
-0.05371160529590835,-0.03208692692424164,0.0,0.011517977725655054,-0.25351647417493683,-0.069796885689659,0.22714310554599287
-0.058301155558638046,-0.03834699506216368,0.0,0.011432963501219818,-0.24358015604443564,-0.06363540759602891,0.22192903168210912
-0.07341409508844662,-0.03055759261302029,0.0,-0.009153253683233921,-0.20012958170185136,-0.11123408693124401,0.2521671204493615
-0.018604663385270483,-0.01727279184511604,0.0,-0.2369927271938486,1.0366836807257218,-0.42049748024652084,-0.34584363378472555
-0.032180515398218174,-0.02749294803586055,0.0,-0.011843712190705437,-0.16620033428596118,-0.04619236755965058,0.11898814625554051
-0.012196817263414407,-0.011830819221587895,0.0,-0.31437230650869347,1.0392086976141852,-0.44274423235270816,-0.31293315787808146
-0.017659216068620514,-0.018891420858617045,0.0,0.008188528920327382,-0.06891415259316537,-0.018995803915877314,-0.037045530949507514
-0.03451169511652668,-0.021779825174646546,0.0,0.23199899444362723,0.2083019599166557,-1.7370335065668991,2.269749829467802
-0.018897789261874142,-0.021984903190618073,0.0,0.006748991786560851,-0.06894604163904358,-0.009847249311671103,-0.014018463753802092
-0.015543804249263701,-0.015875473699814655,0.0,-0.005998296415201582,-0.10950469252998266,-0.12084416751099275,0.0945067801608681
-0.012418398278804447,-0.014436833356587781,0.0,0.13414447167892124,1.2609819842371246,-1.0187668319068366,-0.10282562241486215
-0.018604663385270483,-0.01727279184511604,0.0,-0.2317425014549435,1.0361383961426678,-0.24298768577150598,-0.3832553454291774
-0.01753938108153459,-0.01898667131324007,0.0,-0.012588377194380235,-0.2533459976083746,0.8236475740865083,-0.6849891572993423
-0.03278235610041727,-0.02728011771434746,0.0,0.004624662123893623,-0.09203771212627015,-0.06396176229165042,0.06836889795585618
-0.018604663385270483,-0.01727279184511604,0.0,-0.2369927271938486,1.0366836807257218,-0.42049748024652084,-0.34584363378472555
-0.0173317034684835,-0.019422682962010232,0.0,0.05660030307212694,0.08060597612592646,-0.22490262384827747,-0.03278306142291782
-0.028786894367716233,-0.028183229265364637,0.0,-0.00806588483631654,-0.14263786991385893,-0.06249376200415143,0.09389327390404088
-0.006947234319273789,-0.01257942231984001,0.0,-0.017867642935377223,1.0892677924653227,-0.7395013994634472,-0.4004151492293056
-0.032178817537220857,-0.027484860866251414,0.0,-0.010102187234872547,-0.15920647436677246,-0.0589078702167104,0.11900292717357626
-0.017666204594300676,-0.018859064112584274,0.0,-0.0032830273619473393,-0.07609718936700502,-0.0486059921147675,0.004355324023960416
-0.04524994707529561,-0.030503695666795283,0.0,-0.008631240869197249,-0.19335705366911568,-0.07685428027000016,0.18488571599732936
-0.009976724653784729,-0.02088936250256533,0.0,0.6903034268655351,2.2777565901164407,0.30994030277619233,0.2871363393722708
-0.015590906223412637,-0.02208282988099353,0.0,0.05617160715344419,0.015473034370443705,-0.08708357525120228,-0.04025467741896364
-0.05371160529590835,-0.03208692692424164,0.0,0.011609439751887404,-0.2533858060612906,-0.06856220820793602,0.22529248653969303
-0.017666204594300676,-0.018859064112584274,0.0,-0.0032821928059088967,-0.0832391373052813,-0.04067006960974787,0.004656593721237083
-0.032147898132020035,-0.02204986571814493,0.0,0.0015442198203821683,-0.10948341713424428,-0.01441756441536179,0.011869480426582845
-0.032271707494961624,-0.02728011771434746,0.0,0.0033629332519553813,-0.09661980371283922,-0.07558542645974495,0.0519916615427261
-0.018604663385270483,-0.01727279184511604,0.0,-0.2317425014549435,1.0361383961426678,-0.24298768577150598,-0.3832553454291774
-0.02651418110663375,-0.019692355229220217,0.0,0.007613171166207563,-0.13237783122342042,-0.05623615912102723,0.060593902341289765
-0.04682436289145063,-0.032093030154229554,0.0,0.011506865724877057,-0.26466591193699,-0.05081770810977474,0.2197770506142088
-0.019909090919144563,-0.02211973621355264,0.0,0.0035419470497198937,-0.10463849070095746,0.013723529959142897,-0.029665961713589414
-0.016078457458585355,-0.01598343589090149,0.0,0.029039978459767253,-0.050989037107208646,-0.04435578816454036,-0.05763621955738334
-0.017487218807104285,-0.017176929582398283,0.0,0.03774898703894755,-0.0967829490797156,-0.008491344058942578,-0.00705293898599196
-0.016322430423833197,-0.018616969916103718,0.0,0.019214424894855826,-0.025805846457713544,-0.09119155550237097,-0.032472095374386556
-0.012116124503775557,-0.011553474753700043,0.0,-0.5010121449333722,1.0249913885777888,-0.38415876526293935,-0.3031941985474447
-0.017315215629285497,-0.0188611821045776,0.0,0.014065298382462595,-0.06843825306400553,-0.009781334379634701,-0.06911162434197093
-0.018474269007141466,-0.017820900245953564,0.0,-0.08163823187391647,-0.3365299303514402,0.6884739851763253,-0.41685305350908675
-0.017487218807104285,-0.017176929582398283,0.0,0.03774898703894755,-0.0967829490797156,-0.008491344058942578,-0.00705293898599196
-0.01782458142834593,-0.025375097544386608,0.0,0.005829409077491621,-0.15423819769774463,0.07255015094676054,-0.054347060398210974
-0.034601670893932075,-0.026050868737305725,0.0,0.018856704361583078,-0.12020388393745962,-0.061629043985293036,0.07709751976772308
-0.017050305795971627,-0.01911354282969484,0.0,-1.46890783633215e-05,-0.10442751017304557,-0.009950859096840802,-0.02384268765141353
-0.017596044179222132,-0.018612406161704478,0.0,0.024545165543601706,-0.14350935843503973,-0.044961828338987396,0.02924708042257826
-0.018604663385270483,-0.01727279184511604,0.0,-0.22141465631407403,1.029302431459984,-0.22735905028980977,-0.3616205207277915
-0.016322430423833197,-0.018136421132508067,0.0,0.01984753929669711,-0.026603429881998066,-0.08146964041327819,-0.03549995696266551
-0.012196817263414407,-0.011830819221587895,0.0,-0.7246256094043381,2.128725023338691,-0.19582275318916398,1.5297666745859564
-0.017666204594300676,-0.018859064112584274,0.0,0.0017287870081157386,-0.07617351015147064,-0.04186346814203761,-0.015838006922544504
-0.01930105375138229,-0.01727279184511604,0.0,-0.2324143670609399,1.0284860444049648,-0.20226576241776137,-0.38194843076413926
-0.017666204594300676,-0.018859064112584274,0.0,-0.003445793415785334,-0.07104552663877706,-0.05197417003036659,0.0003400713665379458
-0.009150106944923896,-0.013203183579701868,0.0,0.13506766967910422,1.200544452746416,-1.2984269168756002,-0.20425806475278782
-0.010955428473700487,-0.016915665572326793,0.0,0.07838827849701101,-0.06774300004330246,0.06459445338434093,0.0017118199323364188
-0.05263992070103611,-0.03055759261302029,0.0,-0.008716211720641267,-0.19243314695430097,-0.07681264299778742,0.18818051167819125
-0.017846580654210808,-0.016915665572326793,0.0,0.03350893834082065,-0.07732292157627128,-0.03240244418062809,-0.0534336290867362
-0.04632163167016785,-0.03208692692424164,0.0,0.011609511419840126,-0.25438330425296884,-0.06867260173851542,0.22429885862069562
-0.046323329531165164,-0.03204143749541641,0.0,0.011283505414175067,-0.264105098464563,-0.049981939784217395,0.21579345581185252
-0.017477304070200865,-0.018136421132508067,0.0,0.015725453951898734,-0.031399479014840255,-0.07179314476397852,-0.04553250006088105
-0.007266453744538808,-0.013203183579701868,0.0,0.07424350458951848,1.1175192180092959,-0.8560461150021544,-0.38339746037895406
-0.07448577968331888,-0.034439006306496135,0.0,0.011517311331754565,-0.261751757013903,-0.10300296375595251,0.2914715052804659
-0.01584453143047413,-0.019444069323888553,0.0,-0.0032556116370780286,-0.04829353390536995,-0.07907413401937513,0.009141695798097342
-0.017949417312030678,-0.019087854030192655,0.0,0.0034082964903222593,-0.11396173096689684,-0.0022750957727162248,-0.022149277290060852
-0.04632163167016785,-0.03208692692424164,0.0,0.011609511419840126,-0.25438330425296884,-0.06867260173851542,0.22429885862069562
-0.016188531869809147,-0.019424739075178152,0.0,0.0007042324871418679,-0.043481914365148054,-0.09056538193635143,0.0032852771550515715
-0.046323329531165164,-0.03204143749541641,0.0,0.011283505414175067,-0.264105098464563,-0.049981939784217395,0.21579345581185252
-0.022995236630150944,-0.014193481136113392,0.0,0.009204084347185946,-0.15562746655638945,-0.042554484976754424,0.05990337701675477
-0.016188531869809147,-0.019424739075178152,0.0,0.0007042324871418679,-0.043481914365148054,-0.09056538193635143,0.0032852771550515715
-0.017221629057259703,-0.01598343589090149,0.0,0.029838775266101222,-0.053620906895688394,-0.03686470451832223,-0.059573640661610576
-0.00935367166237484,-0.019422682962010232,0.0,-0.026466211593580084,-0.03993256895179651,-0.021059724069585117,-0.045518941058051
-0.010496843261049188,-0.019163475065106662,0.0,0.03685493980765843,0.08273000594538739,-0.2176775696448542,-0.051712686747247404
-0.011237247099580478,-0.015485951947267752,0.0,-0.39895164292242175,-0.2631294583471753,2.4923477908015528,-1.9967090012663726
-0.018604663385270483,-0.01727279184511604,0.0,-0.23114921794696477,1.0336349916067795,-0.24287974223064157,-0.3566178299278872
-0.010955428473700487,-0.016915665572326793,0.0,0.07838827849701101,-0.06774300004330246,0.06459445338434093,0.0017118199323364188
-0.017315215629285497,-0.0188611821045776,0.0,0.014065298382462595,-0.06843825306400553,-0.009781334379634701,-0.06911162434197093
-0.012422290901546356,-0.021959999091704985,0.0,-0.01141141970053173,-0.05904453208239137,0.010962126274204094,-0.058119789377013197
-0.017659216068620514,-0.018891420858617045,0.0,0.008188528920327382,-0.06891415259316537,-0.018995803915877314,-0.037045530949507514
-0.016078457458585355,-0.01598343589090149,0.0,0.029039978459767253,-0.050989037107208646,-0.04435578816454036,-0.05763621955738334
-0.018157711809724496,-0.017660737057957215,0.0,0.019315014326979525,-0.17582167204494045,0.022783536826540097,0.018365085175711886
-0.012377659817900904,-0.012739438961809808,0.0,0.8050570540495526,1.8833344820921367,-0.27137893510741073,-0.1291126516425165
-0.033250502132093095,-0.025937425179089445,0.0,0.009504731261330486,-0.22162696947340707,-0.04487009220829493,0.1463408269819443
-0.009834974893635788,-0.016230862265665436,0.0,-0.013784959431051753,-0.4755473560402034,1.8096910234380637,-1.4516687782836726
-0.017679899738498296,-0.018859064112584274,0.0,-0.011477865077013783,-0.08795563433468793,-0.008820365360385418,-0.01533534530017336
-0.007306596166380315,-0.012344879326773205,0.0,-0.03533917270226013,1.0759753061276138,-0.7728476168947749,-0.38300266817783235
-0.010696883407149041,-0.016017643982210294,0.0,0.8951533390764634,2.1082446295079817,0.004994659903636807,0.06518929463397775
-0.012060603930782128,-0.016249168537793426,0.0,0.04002347834186599,-0.09428758827371718,0.02666183862975504,-0.05857784415878325
-0.01729985422151399,-0.01912596385168385,0.0,0.008188528920327382,-0.06891415259316537,-0.02520512817894344,-0.035687796870713925
-0.018604663385270483,-0.01727279184511604,0.0,-0.2317425014549435,1.0361383961426678,-0.24298768577150598,-0.3832553454291774
3.8993664275581543,3.0304674016247226,0.0,0.3633836329637603,0.44472457542333926,1.8618508220590626,2.2977923421694104
-0.016188531869809147,-0.019422682962010232,0.0,0.0011200707021544343,-0.03646153440120703,-0.05218511506902665,-0.05810628667244976
-0.046323329531165164,-0.032093030154229554,0.0,0.01150693739282978,-0.26468217803627775,-0.05092810164035414,0.2188466863379611
-0.018604663385270483,-0.01727279184511604,0.0,-0.2369927271938486,1.0366836807257218,-0.42049748024652084,-0.34584363378472555
-0.011757572375153942,-0.016351948638385575,0.0,0.17310453038164933,-0.5535300994968575,2.493475599628176,-2.264739149379477
-0.03325219999309041,-0.029043651137521123,0.0,0.011903294242370141,-0.22165439323798097,-0.04727681451632366,0.1510969073205788
-0.012196817263414407,-0.011830819221587895,0.0,-0.5881376087835839,1.0512648879129391,-0.31323064728232075,-0.30943422750040545
-0.010061408476015474,0.0016938275954130476,0.0,-0.11965268011916742,1.256212040504901,-0.9016216071340247,-0.07335748371534985
-0.017487218807104285,-0.017176929582398283,0.0,0.03748594872486221,-0.0980979834559626,-0.007084931835826452,-0.007768178872108025
-0.017627156318749705,-0.017203064360769467,0.0,-0.1935488968508972,0.9485714546865504,-0.2261017916452439,-0.5740021221894277
-0.017050305795971627,-0.01911354282969484,0.0,0.00022920768212936223,-0.10101429638239252,-0.01541272527751396,-0.02384268765141353
-0.017487218807104285,-0.017176929582398283,0.0,0.03748594872486221,-0.0980979834559626,-0.007084931835826452,-0.007768178872108025
-0.017602539681659927,-0.019647991087962904,0.0,0.011389609331226496,-0.12919741479664842,-0.03458561788996498,0.022759904781559342
-0.016078457458585355,-0.01598343589090149,0.0,0.029039978459767253,-0.050989037107208646,-0.04435578816454036,-0.05763621955738334
-0.017050305795971627,-0.01911354282969484,0.0,0.00022920768212936223,-0.10101429638239252,-0.01541272527751396,-0.02384268765141353
-0.012418398278804447,-0.014436833356587781,0.0,0.11225332687156983,1.1890912842798944,-0.8811433246153253,-0.20437334397348864
-0.017666204594300676,-0.018859064112584274,0.0,-0.003445793415785334,-0.0697308477196289,-0.05689643399180481,0.0046677534422530035
-0.009181348074146119,-0.01598343589090149,0.0,0.029039978459767253,-0.046222269368867336,-0.04435578816454036,-0.06568016831080604
-0.032500276917545756,-0.024650615462483257,0.0,0.00029815620286859914,-0.16955064012592164,-0.04757295957461429,0.1048392270492079
-0.01729985422151399,-0.01912596385168385,0.0,0.008398063897891613,-0.06900254858217329,-0.02136095539407887,-0.03524104699782336
-0.014740727931060307,-0.01797059969826072,0.0,0.8102750372068217,-0.13572819294522925,-0.4104428340590304,-0.2731758230070428
-0.007306596166380315,-0.01255451822092692,0.0,-0.03910694560274716,1.0750040410637378,-0.7639495256385112,-0.38793448830582217
-0.019257151108980665,-0.021959999091704985,0.0,0.008734787521269998,-0.058113531761891705,-0.026043438671035125,-0.0471213584173379
-0.017050305795971627,-0.01911354282969484,0.0,-1.46890783633215e-05,-0.10442751017304557,-0.009950859096840802,-0.02384268765141353
-0.01584453143047413,-0.019444069323888553,0.0,-0.0032556116370780286,-0.04829353390536995,-0.07907413401937513,0.009141695798097342
-0.031826306914369794,-0.020287409901203788,0.0,0.005012613572705939,-0.06742174878599652,-0.08083126115965789,0.030713498723141396
-0.016699947271320754,-0.017826491682828037,0.0,-0.28363411232976043,-0.21268521309927307,1.1536364885495765,-0.7097476471889276
-0.017666204594300676,-0.018859064112584274,0.0,-0.003445793415785334,-0.07104552663877706,-0.05197417003036659,0.0003400713665379458
-0.00935367166237484,-0.019422682962010232,0.0,-0.027894950585804094,-0.04124119918549307,-0.013654285610513121,-0.04413475393469545
-0.017487218807104285,-0.017176929582398283,0.0,0.03748594872486221,-0.0980979834559626,-0.007084931835826452,-0.007768178872108025
-0.018604663385270483,-0.01727279184511604,0.0,-0.2317425014549435,1.0361383961426678,-0.24298768577150598,-0.3832553454291774
-0.01822910190655862,-0.018276377188774194,0.0,0.012077267459120128,-0.044705516065942544,-0.02290713219508224,-0.043888589920780235
-0.01723117881451158,-0.021369932466108424,0.0,-0.0019502051822370562,-0.07615303939265124,-0.03200311992221853,-0.03756948009952663
-0.017337704564467694,-0.025339936094567805,0.0,0.0002012757742136506,-0.17018936623000055,0.09230738641329261,-0.06386561948668742
-0.03241947357790365,-0.019908056607825082,0.0,0.021106545227592446,-0.12012758652625613,-0.08744063385666656,0.06924438419315339
-0.01607778308729088,-0.022028363153413336,0.0,0.05554198952889491,0.010587827845266812,-0.09027544134013862,-0.048418987825032817
-0.01796567523735006,-0.026942407012535415,0.0,0.0228948726146306,-0.11861704461225316,0.004236834124409087,-0.03416273325579549
-0.010696883407149041,-0.016017643982210294,0.0,0.8951533390764634,2.1082446295079817,0.004994659903636807,0.06518929463397775
-0.012422290901546356,-0.021959999091704985,0.0,-0.02114062946072814,-0.055254549480831756,0.015061961590205142,-0.03740370743754597
-0.01596306857672667,-0.018370964125574873,0.0,0.019257732918183713,-0.02726182951801794,-0.08391518919266375,-0.034015000606558106
-0.016322430423833197,-0.018136421132508067,0.0,0.02071808343125571,-0.02095691761590743,-0.09231493765435954,-0.0340499287234233
-0.058301155558638046,-0.03834699506216368,0.0,0.011611574698862768,-0.2435801048055681,-0.05973720496048781,0.2165281806916584
-0.03325219999309041,-0.029043651137521123,0.0,0.011903294242370141,-0.22165439323798097,-0.04727681451632366,0.1510969073205788
-0.017659216068620514,-0.01912596385168385,0.0,0.006868911919636622,-0.0664155834450839,-0.019102073311837147,-0.032937655408025485
-0.01930105375138229,-0.020685161074182397,0.0,-0.2312281514543894,1.038800921176025,-0.19040245364985234,-0.3812418329734822
-0.017050305795971627,-0.01911354282969484,0.0,-1.46890783633215e-05,-0.10442751017304557,-0.009950859096840802,-0.02384268765141353
-0.0486367901810736,-0.027442847237663128,0.0,-0.0018558782403022692,-0.11907318804180313,0.007232356686318437,0.08783681194134778
-0.016322430423833197,-0.018370964125574873,0.0,0.01984753929669711,-0.026603429881998066,-0.08011808536212496,-0.03551870370246627
-0.016322430423833197,-0.018136421132508067,0.0,0.01984753929669711,-0.026603429881998066,-0.08146964041327819,-0.03549995696266551
-0.006947234319273789,-0.01257942231984001,0.0,-0.017867642935377223,1.0892677924653227,-0.7395013994634472,-0.4004151492293056
-0.017846580654210808,-0.016915665572326793,0.0,0.03741240092683213,-0.06844424095460812,-0.02044616732308169,-0.05511702144029177
-0.027563494270732708,-0.02620927319724562,0.0,0.04167917446267264,0.039579061613671536,-0.18709905797523227,0.11168520144269561
-0.01930105375138229,-0.01727279184511604,0.0,-0.22901500701809566,1.0297348186736763,-0.2155956238910633,-0.390357606725177
-0.018604663385270483,-0.017331982716640857,0.0,-0.2370177353607086,1.0369478635826006,-0.4178550231344135,-0.3345208264904905
-0.017659216068620514,-0.01912596385168385,0.0,0.006868911919636622,-0.0664155834450839,-0.019102073311837147,-0.032937655408025485
-0.006947234319273789,-0.01257942231984001,0.0,-0.017867642935377223,1.0892677924653227,-0.7395013994634472,-0.4004151492293056
-0.017487218807104285,-0.016940569671239882,0.0,0.03809519588029973,-0.0897977629336741,-0.01335301456880397,-0.015699750585993176
-0.04632163167016785,-0.032035334265428504,0.0,0.01099869379561237,-0.25381253186523706,-0.0683654641537749,0.22124562809458706
-0.02651418110663375,-0.021610472916389872,0.0,0.007605310385004962,-0.13492845337868617,-0.05623615912102723,0.0641168160306396
-0.018604663385270483,-0.017331982716640857,0.0,-0.23073411925475942,1.0385753534114675,-0.40901986773476295,-0.35604466558752057
-0.03218760825233777,-0.02420098798220679,0.0,0.13156723968699527,-0.28633788814544575,-0.055013466817480074,0.15334578199577775
-0.012418398278804447,-0.014436833356587781,0.0,0.11075344410942972,1.1822037259498421,-0.8836063166018808,-0.2136877607097626
-0.046323329531165164,-0.03204143749541641,0.0,0.011283505414175067,-0.264105098464563,-0.049981939784217395,0.21579345581185252
-0.019909090919144563,-0.02211973621355264,0.0,0.0012689949911383184,-0.11238156652135671,0.01557943233024937,-0.01851290933537391
-0.017949417312030678,-0.019087854030192655,0.0,-0.00848024889089993,-0.11625908932127413,0.017209798645614872,-0.02773048065309409
-0.017627156318749705,-0.017203064360769467,0.0,-0.1935488968508972,0.9485714546865504,-0.2261017916452439,-0.5740021221894277
-0.01154994315907416,-0.013707562172465198,0.0,0.14458094611908584,1.2851776920606808,-0.9559972802974076,-0.125706521197899
-0.07341409508844662,-0.031342825297315975,0.0,-0.008710170701392964,-0.2001414822829256,-0.11104199395496914,0.2527610397235241
-0.015150702142792197,-0.02386022056812259,0.0,-0.05377477567664038,-0.2112622830213203,-0.19841800087213782,0.44685068156398117
-0.0198122621857047,-0.02211973621355264,0.0,0.0037492638794561577,-0.1005928397384226,0.0014206338938784532,-0.02576043886687096
-0.07341579294944395,-0.031329864024276545,0.0,-0.010655371046317526,-0.20139649730771866,-0.10995887207379275,0.2515887796009238
-0.01760084182066261,-0.01964188785797499,0.0,0.00968837666173317,-0.13179492161000586,-0.04461663084801065,0.03231293831009087
-0.032178817537220857,-0.02417200247819341,0.0,-0.00043904267043084387,-0.15853429247387923,-0.05702186676332523,0.09993665205922074
-0.012196817263414407,-0.011830819221587895,0.0,-0.5881376087835839,1.0512648879129391,-0.31323064728232075,-0.30943422750040545
-0.017659216068620514,-0.018891420858617045,0.0,0.008188528920327382,-0.06891415259316537,-0.018995803915877314,-0.037045530949507514
-0.07448577968331888,-0.03287215960853734,0.0,0.011517329105397925,-0.261750808858906,-0.10312934578418817,0.2898585756495418
-0.018604663385270483,-0.01727279184511604,0.0,-0.2317425014549435,1.0361383961426678,-0.24298768577150598,-0.3832553454291774
-0.017487218807104285,-0.016940569671239882,0.0,0.03809519588029973,-0.0897977629336741,-0.01335301456880397,-0.015699750585993176
-0.016078457458585355,-0.01598343589090149,0.0,0.029039978459767253,-0.050989037107208646,-0.04435578816454036,-0.05763621955738334
-0.020281143655464583,-0.024750393364993455,0.0,0.06874667187913813,0.09169757136039718,-0.18400500588364296,-0.08091917307124041
-0.0346518427105593,-0.02728011771434746,0.0,0.005905871835657897,-0.10372338682168224,-0.15635902911097815,0.17350064373679572
-0.015144286748816104,-0.016953900381406848,0.0,0.44462948693216675,-0.3834919753999915,1.8859731489613754,-2.024953395734163
-0.01392870314499925,-0.01718139821921873,0.0,0.04522293258792897,-0.11205724640114499,0.03233325980757011,-0.058723192936786496
-0.02170262856697045,-0.021717214335072354,0.0,0.03610569384536201,-0.061285048024037905,-0.06319847341797016,0.001522034085625667
-0.017074228260190952,-0.01835140346840837,0.0,0.02590510112123251,-0.054470821569384986,-0.044774135598343354,-0.032500169519448154
-0.019257151108980665,-0.021984903190618073,0.0,0.010257329932126153,-0.06610314983952231,-0.0025508771056090736,-0.010068076044210138
-0.020281143655464583,-0.024750393364993455,0.0,0.06874667187913813,0.09169757136039718,-0.18400500588364296,-0.08091917307124041
-0.012418398278804447,-0.014436833356587781,0.0,0.10520098327806161,1.178024316931756,-0.8907306678841231,-0.3280978231658389
-0.022839997062789687,-0.02482029515495252,0.0,0.07546445879059943,0.2245591774331791,-0.13491541950727243,0.10653714393141145
-0.009291937352883592,-0.013753503253105068,0.0,0.19867816355172005,1.4046240030109531,-1.3620627200540312,-0.0013960547582501938
-0.0173317034684835,-0.019422682962010232,0.0,0.048428088210126445,0.08903702809314652,-0.2176006498639159,-0.05839115114080293
-0.059136097112965205,-0.021382762790078794,0.0,0.029042758598809656,-0.13416208709256391,-0.03187818137847821,0.04053070558365779
-0.017659216068620514,-0.018891420858617045,0.0,0.00874588286247533,-0.06477876676920886,-0.031038000602006472,-0.03267024861128941
-0.010696883407149041,-0.016017643982210294,0.0,0.8951533390764634,2.1082446295079817,0.004994659903636807,0.06518929463397775
-0.01930105375138229,-0.020685161074182397,0.0,-0.23176951958705866,1.0279082006482714,-0.19716537235742204,-0.37938419459747513
-0.007204204567533879,-0.013203183579701868,0.0,0.08907230312097239,1.1271040523989668,-0.9578917514021641,-0.3936912416835826
-0.017477304070200865,-0.018136421132508067,0.0,0.015208607679487372,-0.03421229820838962,-0.07010994061690998,-0.04279329353544852
-0.03325219999309041,-0.029266406965536895,0.0,0.011303679471655314,-0.22869598137277075,-0.035095266331151724,0.15258517760408777
-0.04099089858645781,-0.02625515411368966,0.0,0.014010132628009875,-0.08458858225916635,-0.07186779080399121,0.018158761134149843
-0.011485724475474881,-0.013691593668979183,0.0,0.13618112129897994,1.2619302278118816,-0.9867494631161348,-0.21078216977809777
-0.05083507711465367,-0.03076379827457662,0.0,0.014598191626521567,-0.1516306207623111,0.00034065754794292515,0.053821205694517454
-0.03212610810554655,-0.0203317740424611,0.0,0.008380294543048717,-0.07086082485671553,-0.08586747045857267,0.034410696260549226
-0.01930105375138229,-0.020685161074182397,0.0,-0.2312281514543894,1.038800921176025,-0.19040245364985234,-0.3812418329734822
-0.00744842657434001,-0.013002779174681924,0.0,-0.02358260621082485,1.1784530055870692,-0.601361748802917,-0.3643158876956829
-0.019909090919144563,-0.02211973621355264,0.0,0.004571168756290648,-0.10550167948375,0.013723529959142897,-0.02954127231387961
-0.012429790919111935,-0.014072488899618584,0.0,0.13369093126575016,1.2654030942218542,-1.0253222897610728,-0.11069634743861292
-0.016492519551376223,-0.015914626703175797,0.0,0.022630781557700423,-0.14732762641139205,0.04517745723124773,-0.05511196440119392
-0.018604663385270483,-0.01727279184511604,0.0,-0.23239648142680716,1.0267474030025816,-0.22127526985957538,-0.39391596224273423
-0.022131083674985962,-0.023503388470580665,0.0,0.024423261169151354,-0.070867972093188,-0.007241406577608088,-0.037227105436871584
-0.033250502132093095,-0.024861251598752562,0.0,0.00017624693800922527,-0.1785645458191759,-0.042948478146153816,0.11178498889488135
-0.017659216068620514,-0.01912596385168385,0.0,0.008188528920327382,-0.06891415259316537,-0.017644248864724096,-0.03706427768930828
-0.017050305795971627,-0.01911354282969484,0.0,0.00022920768212936223,-0.10101429638239252,-0.01541272527751396,-0.02384268765141353
-0.023381233597818744,-0.027512462872212342,0.0,0.004589636757985123,-0.06712447725052056,-0.054306238020798654,-0.010242100497110421
-0.01582917002270262,-0.01944758706092332,0.0,0.005278075470038168,-0.027991908638506355,-0.09135039123181087,0.006719698787777968
-0.017221629057259703,-0.01598343589090149,0.0,0.02938859414440983,-0.05361035813174788,-0.03756260521957254,-0.060670375768681166
-0.017394306235306644,-0.01873965742380735,0.0,0.005542383675863334,-0.05787877492425401,-0.027021947488515198,-0.053279410750275535
-0.032180515398218174,-0.02749294803586055,0.0,-0.011843712190705437,-0.16620033428596118,-0.04619236755965058,0.11898814625554051
-0.018474269007141466,-0.017826491682828037,0.0,-0.4809620924104565,-0.47932549471200475,1.7736842185387027,-0.9365890531950741
-0.05083337925365635,-0.03075692905363893,0.0,0.01449113038288994,-0.14134824756606026,-0.01431436835297915,0.05387252698680131
-0.007492936354061703,-0.013166818734153443,0.0,-0.017300720551044892,1.2329985951247806,-0.5522922515260521,-0.2987916922679773
-0.02046046065654466,-0.019647991087962904,0.0,0.010723744036577052,-0.1318641570538998,-0.039684618184245776,0.02839890046103405
-0.014008725403510199,-0.015444434093873393,0.0,-0.0131917910737596,-0.03132878296208754,-0.12957436021432486,-0.010184298209419126
-0.019257151108980665,-0.021959999091704985,0.0,0.01100714211123269,-0.06263250692571744,-0.02154423773964318,-0.042984588890192535
-0.017666204594300676,-0.018859064112584274,0.0,-0.0015753111357356888,-0.08162737860387025,-0.037848498891805846,0.004706791924747678
-0.0198122621857047,-0.02195569665408112,0.0,0.004778485586026916,-0.10145602852121514,-0.002936315579773756,-0.02059056540913872
-0.017659216068620514,-0.018891420858617045,0.0,0.008188528920327382,-0.06891415259316537,-0.018995803915877314,-0.037045530949507514
-0.014865437975756174,-0.021629140363011994,0.0,0.006783507010885218,-0.06534504079298302,-0.017188558765737234,-0.03449029128638539
-0.01729985422151399,-0.01912596385168385,0.0,0.008398063897891613,-0.06900254858217329,-0.02136095539407887,-0.03524104699782336
-0.018157711809724496,-0.017660737057957215,0.0,0.019315014326979525,-0.17582167204494045,0.022783536826540097,0.018365085175711886
-0.015144286748816104,-0.016953900381406848,0.0,0.297582358499825,-0.5284104898436928,2.190002086592888,-2.074709159292952
-0.012060603930782128,-0.016249168537793426,0.0,0.04002282805165042,-0.09245914453715066,0.022856542510525213,-0.05728477168720758
-0.017659216068620514,-0.01912596385168385,0.0,0.006868911919636622,-0.0664155834450839,-0.019102073311837147,-0.032937655408025485
-0.017557050735467764,-0.017826491682828037,0.0,-0.4276564756092744,-0.40606056957720155,1.520577271796993,-0.7874604948575434
-0.010955428473700487,-0.016915665572326793,0.0,0.07838827849701101,-0.06774300004330246,0.06459445338434093,0.0017118199323364188
-0.017221629057259703,-0.01598343589090149,0.0,0.02938859414440983,-0.05361035813174788,-0.03756260521957254,-0.060670375768681166
-0.012418398278804447,-0.014436833356587781,0.0,0.13414447167892124,1.2609819842371246,-1.0187668319068366,-0.10282562241486215
-0.017659216068620514,-0.019371969642212696,0.0,0.007242224326075442,-0.06962769561101498,-0.029914618450017916,-0.031092415262252638
-0.007306596166380315,-0.012344879326773205,0.0,-0.03533917270226013,1.0759753061276138,-0.7728476168947749,-0.38300266817783235
-0.017659216068620514,-0.018891420858617045,0.0,0.008188528920327382,-0.06891415259316537,-0.018995803915877314,-0.037045530949507514
-0.019909090919144563,-0.02211973621355264,0.0,0.004571168756290648,-0.10550167948375,0.013723529959142897,-0.02954127231387961
-0.022993538769153627,-0.01418737790612548,0.0,0.009097883926266205,-0.14533484871819602,-0.05703980671077071,0.0599546983090386
-0.018604663385270483,-0.01727279184511604,0.0,-0.2369927271938486,1.0366836807257218,-0.42049748024652084,-0.34584363378472555
-0.03325219999309041,-0.02486735482874048,0.0,0.0008820671772397583,-0.18165070224354884,-0.04179381196906914,0.11174764781247674
-0.018897789261874142,-0.021984903190618073,0.0,0.006748991786560851,-0.06894604163904358,-0.009847249311671103,-0.014018463753802092
-0.007266453744538808,-0.013203183579701868,0.0,0.08770504839004378,1.1285300110740608,-0.9574978560502175,-0.3823179614033355
-0.012429790919111935,-0.014072488899618584,0.0,0.13375620951667835,1.258630349611746,-1.0795619528191394,-0.17109353202165029
-0.017487218807104285,-0.016940569671239882,0.0,0.038033212333432306,-0.09442038337311383,-0.007216071925670711,-0.008030496843511523
-0.028786894367716233,-0.028183229265364637,0.0,-0.008665504654627327,-0.14984433132767921,-0.04916310644721974,0.09387929369416163
-0.03325219999309041,-0.029043651137521123,0.0,0.011903294242370141,-0.22165439323798097,-0.04727681451632366,0.1510969073205788
-0.016972341621376976,-0.01944758706092332,0.0,0.05305673413730052,0.0974812725533383,-0.25648416507199956,0.006294851559785386
-0.00744842657434001,-0.013166818734153443,0.0,-0.012297919883873173,1.2248447860594502,-0.5679230365418799,-0.30034818010292097
-0.02651418110663375,-0.021610472916389872,0.0,0.00820493020331575,-0.12772199196486583,-0.06956681467795893,0.06413079624051883
-0.04524994707529561,-0.03055759261302029,0.0,-0.010663139034008277,-0.19343059390711176,-0.07515044407178836,0.1860542358252861
-0.07448577968331888,-0.034439006306496135,0.0,0.011904696977327602,-0.26174544982992,-0.10236393948455628,0.2914715052804659
-0.0173317034684835,-0.019422682962010232,0.0,0.05442851829063868,0.08113505699764145,-0.2029331204199811,-0.013910633763043022
-0.022131083674985962,-0.022084866174505603,0.0,0.01621512216023707,-0.0975070073744919,-0.020878962063489933,-0.015455405889953425
-0.018248670479681733,-0.01695262892325427,0.0,-0.07859429823981075,-0.2576854735541215,0.6399937435275309,-0.4627832474905986
-0.016322430423833197,-0.018616969916103718,0.0,0.019214424894855826,-0.025805846457713544,-0.09119155550237097,-0.032472095374386556
-0.01930105375138229,-0.020685161074182397,0.0,-0.2312281514543894,1.038800921176025,-0.19040245364985234,-0.3812418329734822
-0.018897789261874142,-0.021750360197551267,0.0,0.008370013522659321,-0.06862122944311776,-0.00695395111749309,-0.013996073705154898
-0.01930105375138229,-0.020615433589835825,0.0,-0.22878366272772,0.9933639866373302,-0.09450191654355933,-0.5542115456035683
-0.01729985422151399,-0.018891420858617045,0.0,0.008188528920327382,-0.06891415259316537,-0.026556683230096623,-0.03566905013091316
-0.01723117881451158,-0.021369932466108424,0.0,-0.0019502051822370562,-0.07615303939265124,-0.03200311992221853,-0.03756948009952663
-0.016188531869809147,-0.019424739075178152,0.0,0.0007042324871418679,-0.043481914365148054,-0.09056538193635143,0.0032852771550515715
-0.01822910190655862,-0.018276377188774194,0.0,0.012077267459120128,-0.044705516065942544,-0.02290713219508224,-0.043888589920780235
-0.022839997062789687,-0.02482029515495252,0.0,0.07546445879059943,0.2245591774331791,-0.13491541950727243,0.10653714393141145
-0.012418398278804447,-0.014436833356587781,0.0,0.10520098327806161,1.178024316931756,-0.8907306678841231,-0.3280978231658389
-0.01782458142834593,-0.025375097544386608,0.0,0.005829409077491621,-0.15423819769774463,0.07255015094676054,-0.054347060398210974
-0.015039271688719156,-0.017009118621663162,0.0,0.03167050709921897,-0.21131454618627024,0.4104232932395482,-0.3512809152045805
-0.015267689287524106,-0.021629140363011994,0.0,0.01931873491928593,-0.1264277020836438,-0.017445710163877765,-0.011562491617784413
-0.01596306857672667,-0.018370964125574873,0.0,0.019257732918183713,-0.02824350724503604,-0.08151315290469362,-0.037880720674266
-0.03451169511652668,-0.02728011771434746,0.0,0.005614535724560598,-0.07224784749605752,-0.14070402706726773,0.2123470885359874
2.235195602629778,2.249712157905698,0.0,0.2444279284837936,0.08354758161548716,0.8531388385227623,-0.3632288667568616
-0.009150106944923896,-0.013203183579701868,0.0,0.1128516627437196,1.1149817211511202,-1.0406988254245784,-0.3203774107617633
-0.012423564094711957,-0.021700791194801415,0.0,-0.021600162720456798,-0.0705569583764763,0.025046005553300013,-0.06591275059772503
-0.046293906138126006,-0.02209631932752154,0.0,0.009749817856939446,-0.13069520513973024,-0.016619060052397355,0.034320094499564656
-0.0173317034684835,-0.01944758706092332,0.0,0.05341986105241106,0.09612731621742623,-0.26229102096859935,0.003019726225348499
-0.01729985422151399,-0.018891420858617045,0.0,0.008188528920327382,-0.06891415259316537,-0.026556683230096623,-0.03566905013091316
-0.01840169173093484,-0.017418255858813174,0.0,0.042144187948464716,-0.13422977944739287,0.005648490392632831,-0.02354379591808179
-0.01930105375138229,-0.020685161074182397,0.0,-0.23176951958705866,1.0279082006482714,-0.19716537235742204,-0.37938419459747513
-0.03212610810554655,-0.0203317740424611,0.0,0.006433295561728973,-0.07086077361784802,-0.08409487800199425,0.03327804832664146
-0.01822910190655862,-0.018276377188774194,0.0,0.012077267459120128,-0.044705516065942544,-0.02290713219508224,-0.043888589920780235
-0.012060603930782128,-0.016249168537793426,0.0,0.0392931696820479,-0.09474656134513923,0.02609186968607595,-0.059961794384661496
-0.017487218807104285,-0.016940569671239882,0.0,0.038033212333432306,-0.09442038337311383,-0.007216071925670711,-0.008030496843511523
-0.017602539681659927,-0.019647991087962904,0.0,0.00957960850835735,-0.1317236504085487,-0.04169707677528549,0.02687247513094767
-0.018604663385270483,-0.01727279184511604,0.0,-0.2369927271938486,1.0366836807257218,-0.42049748024652084,-0.34584363378472555
-0.01392870314499925,-0.01718139821921873,0.0,0.04522293258792897,-0.11205724640114499,0.03233325980757011,-0.058723192936786496
-0.026512483245636435,-0.019686251999232303,0.0,0.0073283595476448795,-0.12208526462409461,-0.07461968349058466,0.06604607462402429
-0.018604663385270483,-0.017331982716640857,0.0,-0.2370177353607086,1.0369478635826006,-0.4178550231344135,-0.3345208264904905
-0.026512483245636435,-0.021604369686401958,0.0,0.007320498766442275,-0.12463588677936038,-0.07461968349058466,0.06956898831337414
-0.03212780596654387,-0.021680167654085616,0.0,0.0038530641877247466,-0.08987621946897979,-0.08476408710625508,0.05230992072534673
-0.045750980435581075,-0.03055759261302029,0.0,-0.008716211720641267,-0.1934143790466915,-0.07681264299778742,0.18811724803544153
-0.018157711809724496,-0.017660737057957215,0.0,0.019315635983396078,-0.1760381329045975,0.022665711461771935,0.018095712845388995
-0.017659216068620514,-0.01912596385168385,0.0,0.006868911919636622,-0.0664155834450839,-0.019102073311837147,-0.032937655408025485
-0.015762592872074065,-0.019444069323888553,0.0,-0.0024391384310343944,-0.04769234503789884,-0.08711656701735401,0.0053414106920104
-0.017487218807104285,-0.017176929582398283,0.0,0.03748594872486221,-0.0980979834559626,-0.007084931835826452,-0.007768178872108025
-0.017487218807104285,-0.017176929582398283,0.0,0.03774898703894755,-0.0967829490797156,-0.008491344058942578,-0.00705293898599196
-0.01729985422151399,-0.01912596385168385,0.0,0.008188528920327382,-0.06891415259316537,-0.02520512817894344,-0.035687796870713925
-0.05371160529590835,-0.03208692692424164,0.0,0.011696588923298,-0.25351642293606935,-0.06589868305411789,0.22174225455554222
-0.032180515398218174,-0.02749294803586055,0.0,-0.010654998628622115,-0.16742863170045874,-0.04629995767528406,0.11837379096447286
-0.04524994707529561,-0.03055759261302029,0.0,-0.010663139034008277,-0.19343059390711176,-0.07515044407178836,0.1860542358252861
-0.018604663385270483,-0.01727279184511604,0.0,-0.2318014080676722,1.0501350528745235,-0.24059496044146214,-0.3759584334034043
-0.02756711700317631,-0.028057764427550053,0.0,0.08082657909477788,0.23592705284745966,-0.21789429957162795,0.010053248350750912
-0.011485724475474881,-0.013691593668979183,0.0,0.14456868412288298,1.2810037490698192,-0.9783355247475916,-0.1439235739017179
-0.017659216068620514,-0.01912596385168385,0.0,0.008188528920327382,-0.06891415259316537,-0.017644248864724096,-0.03706427768930828
-0.017330828281724688,-0.018081561457973263,0.0,1.0456121519799026,-0.08148167242901595,-1.0442422642541278,-0.04013711819823838
-0.018604663385270483,-0.01727279184511604,0.0,-0.23239648142680716,1.0267474030025816,-0.22127526985957538,-0.39391596224273423
-0.012418398278804447,-0.014436833356587781,0.0,0.11225332687156983,1.1890912842798944,-0.8811433246153253,-0.20437334397348864
-0.032180515398218174,-0.02749294803586055,0.0,-0.010112540602139432,-0.15937972546222134,-0.05954328458772348,0.11900292717357626
-0.0744874775443162,-0.032093030154229554,0.0,0.011802789344217744,-0.2720433754582319,-0.08474582141463073,0.28381248409264476
-0.016322430423833197,-0.018616969916103718,0.0,0.019214424894855826,-0.025805846457713544,-0.09119155550237097,-0.032472095374386556
-0.04632163167016785,-0.03208692692424164,0.0,0.011609511419840126,-0.25438330425296884,-0.06867260173851542,0.22429885862069562
-0.017659216068620514,-0.018891420858617045,0.0,0.008188528920327382,-0.06891415259316537,-0.018995803915877314,-0.037045530949507514
-0.017659216068620514,-0.018891420858617045,0.0,0.008188528920327382,-0.06891415259316537,-0.018995803915877314,-0.037045530949507514
-0.017117942223094342,-0.018370964125574873,0.0,0.014618801300973976,-0.03585237557142759,-0.07015345310832541,-0.04517405724704899
-0.018604663385270483,-0.01727279184511604,0.0,-0.2369927271938486,1.0366836807257218,-0.42049748024652084,-0.34584363378472555
-0.020281143655464583,-0.024750393364993455,0.0,0.06874667187913813,0.09169757136039718,-0.18400500588364296,-0.08091917307124041
-0.032178817537220857,-0.02419228492989219,0.0,-0.0004520554968047929,-0.15746272194761007,-0.05713751472584212,0.09997626424791327
-0.016078457458585355,-0.01598343589090149,0.0,0.029039978459767253,-0.050989037107208646,-0.04435578816454036,-0.05763621955738334
-0.02985857896258847,-0.029731628079613347,0.0,0.016122798522527612,-0.20646413924063214,-0.0506316283730621,0.12672567858796002
-0.013099815867358993,-0.018505175818328327,0.0,-0.6993390418113116,2.5865691982823447,-1.0857597318749597,0.24692375962686644
-0.03325219999309041,-0.029043651137521123,0.0,0.01120641819316819,-0.22953347867656704,-0.03021506630737281,0.14636180734895807
-0.009150106944923896,-0.013203183579701868,0.0,0.13506766967910422,1.200544452746416,-1.2984269168756002,-0.20425806475278782
-0.018604663385270483,-0.017331982716640857,0.0,-0.22533635511435662,1.048139659840691,-0.3910094939113631,-0.3813590310269212
-0.018228042630064466,-0.019087854030192655,0.0,-0.008522844980578155,-0.11545951978331408,0.017209798645614872,-0.02591288467702838
-0.017477304070200865,-0.018136421132508067,0.0,0.01607915181404598,-0.02856578594229896,-0.08095523785799133,-0.04134326529620629
-0.03325219999309041,-0.029043651137521123,0.0,0.010812838421229666,-0.21916964087578394,-0.045679036604205046,0.1463735164525494
-0.017443730728962745,-0.021369932466108424,0.0,-0.05501706273858717,-0.48039816201609753,0.026214411140997523,0.44491261112290165
-0.017666204594300676,-0.018859064112584274,0.0,-0.003445793415785334,-0.07104552663877706,-0.05197417003036659,0.0003400713665379458
-0.017487218807104285,-0.017176929582398283,0.0,0.03748594872486221,-0.0980979834559626,-0.007084931835826452,-0.007768178872108025
-0.016322430423833197,-0.018136421132508067,0.0,0.02071808343125571,-0.02095691761590743,-0.09231493765435954,-0.0340499287234233
-0.017487218807104285,-0.016940569671239882,0.0,0.03809519588029973,-0.0897977629336741,-0.01335301456880397,-0.015699750585993176
-0.017659216068620514,-0.018891420858617045,0.0,0.008188528920327382,-0.06891415259316537,-0.018995803915877314,-0.037045530949507514
-0.010103064241615684,-0.012005285486097446,0.0,0.6240436117495202,1.709043171068525,-0.6629702921796405,0.00043364797202423064
-0.011485724475474881,-0.013691593668979183,0.0,0.14456868412288298,1.2810037490698192,-0.9783355247475916,-0.1439235739017179
-0.01571352015118431,-0.018248047894946735,0.0,0.009571948315053718,-0.05699872211327377,-0.06157709936685289,-0.016422930318109215
-0.01930105375138229,-0.020685161074182397,0.0,-0.23176951958705866,1.0279082006482714,-0.19716537235742204,-0.37938419459747513
-0.01862493105841759,-0.016953900381406848,0.0,0.2962807057697331,-0.5181589845042192,2.2264792732875915,-2.1134608237475696
-0.017487218807104285,-0.016940569671239882,0.0,0.038033212333432306,-0.09442038337311383,-0.007216071925670711,-0.008030496843511523
-0.017487218807104285,-0.016940569671239882,0.0,0.03809519588029973,-0.0897977629336741,-0.01335301456880397,-0.015699750585993176
-0.04524994707529561,-0.030503695666795283,0.0,-0.008631240869197249,-0.19335705366911568,-0.07685428027000016,0.18488571599732936
-0.018604663385270483,-0.01727279184511604,0.0,-0.2318014080676722,1.0501350528745235,-0.24059496044146214,-0.3759584334034043
-0.009532125074774215,-0.013166818734153443,0.0,-0.028583564894489308,1.186415543819843,-0.5541182204899193,-0.3716088380927307
-0.01794515989527333,-0.01640217192910989,0.0,0.0458286130232017,-0.2057749008109422,0.040084335085595245,0.028011510499348514
-0.022494249724652006,-0.02355075861500158,0.0,-0.00018530075389672877,-0.11119004835617127,-0.03150319311528591,-0.019989203097998506
-0.018604663385270483,-0.01727279184511604,0.0,-0.2318014080676722,1.0501350528745235,-0.24059496044146214,-0.3759584334034043
-0.07341579294944395,-0.031329864024276545,0.0,-0.011786922816572745,-0.2010106447176382,-0.10993861060265157,0.25158797889276724
-0.032180515398218174,-0.02749294803586055,0.0,-0.010391978399468923,-0.1678559608554653,-0.04399377503198309,0.11541462928010128
-0.02858999435030228,-0.024495973108776724,0.0,-0.3319014862723926,-0.5072070114914977,0.15293299028604823,0.5397601294732041
-0.014126778712620818,-0.01583098143544064,0.0,0.01611326657724434,-0.10871214996531336,0.03864919864466985,-0.05269107426747257
-0.046323329531165164,-0.03204143749541641,0.0,0.011283505414175067,-0.264105098464563,-0.049981939784217395,0.21579345581185252
-0.017221629057259703,-0.01598343589090149,0.0,0.02938859414440983,-0.05361035813174788,-0.03756260521957254,-0.060670375768681166
-0.01729985422151399,-0.01912596385168385,0.0,0.008188528920327382,-0.06891415259316537,-0.02520512817894344,-0.035687796870713925
-0.03365425725120314,-0.030490734393755853,0.0,-0.01185534455498919,-0.16604735520445704,-0.045097198745868344,0.1189632581332179
-0.017384300508873546,-0.0177592857232482,0.0,0.7809895359744433,-0.20251656141399196,-0.4652126195311051,-0.23429144669253715
-0.006947234319273789,-0.01257942231984001,0.0,-0.017867642935377223,1.0892677924653227,-0.7395013994634472,-0.4004151492293056
-0.03325219999309041,-0.029043651137521123,0.0,0.011303674424059358,-0.22886085465180134,-0.033946158959391994,0.15108292711069954
-0.017666204594300676,-0.018859064112584274,0.0,0.0036822381865806633,-0.06509089747743102,-0.04341673815764738,-0.019085259272703332
-0.007306596166380315,-0.01255451822092692,0.0,-0.03910694560274716,1.0750040410637378,-0.7639495256385112,-0.38793448830582217
-0.07448577968331888,-0.034439006306496135,0.0,0.011517311331754565,-0.261751757013903,-0.10300296375595251,0.2914715052804659
-0.00935367166237484,-0.019422682962010232,0.0,-0.027894950585804094,-0.04124119918549307,-0.013654285610513121,-0.04413475393469545
-0.009284802454846704,-0.017885677848165506,0.0,1.078766020766965,-0.08804234423838474,-1.0388198606037786,-0.03299060325019238
-0.032178817537220857,-0.02417200247819341,0.0,-0.00043904267043084387,-0.15853429247387923,-0.05702186676332523,0.09993665205922074
-0.033250502132093095,-0.024861251598752562,0.0,0.00017624693800922527,-0.1785645458191759,-0.042948478146153816,0.11178498889488135
-0.07448577968331888,-0.03287215960853734,0.0,0.011904714750970961,-0.26174450167492297,-0.10249032151279194,0.2898585756495418
-0.017659216068620514,-0.018891420858617045,0.0,0.008188528920327382,-0.06891415259316537,-0.018995803915877314,-0.037045530949507514
-0.006947234319273789,-0.01257942231984001,0.0,-0.017867642935377223,1.0892677924653227,-0.7395013994634472,-0.4004151492293056
-0.018315017252511487,-0.022084866174505603,0.0,0.019545546683236235,-0.07213922766671693,-0.08085877611763188,-0.02583095094391395
-0.02651418110663375,-0.021610472916389872,0.0,0.00820493020331575,-0.12772199196486583,-0.06956681467795893,0.06413079624051883
-0.04524994707529561,-0.03055759261302029,0.0,-0.008716140052688543,-0.19343064514597927,-0.07692303652836682,0.18718688375919382
-0.006947234319273789,-0.01257942231984001,0.0,-0.017867642935377223,1.0892677924653227,-0.7395013994634472,-0.4004151492293056
-0.02756711700317631,-0.02823266438401888,0.0,0.08281249192545515,0.23621434069384292,-0.1611452055266818,0.1311160263284872
-0.01603062933960563,-0.02097700890224895,0.0,0.03584715327123023,-0.05267162918558418,-0.022085489147394898,-0.08464379861913517
-0.046323329531165164,-0.032093030154229554,0.0,0.01150693739282978,-0.26468217803627775,-0.05092810164035414,0.2188466863379611
-0.012060603930782128,-0.016249168537793426,0.0,0.04002347834186599,-0.09428758827371718,0.02666183862975504,-0.05857784415878325
-0.04632163167016785,-0.03208692692424164,0.0,0.011222125774267093,-0.2543896114369518,-0.06931162600991164,0.22429885862069562
-0.021293231699274252,-0.020183240914613976,0.0,0.007480775477942411,-0.18490609555555254,0.039606317841493724,0.09928554467908365
-0.018604663385270483,-0.017203064360769467,0.0,-0.2268955591716156,0.9787356134660833,-0.12567173447971575,-0.5851474554615541
-0.02858999435030228,-0.024495973108776724,0.0,-0.3319014862723926,-0.5072070114914977,0.15293299028604823,0.5397601294732041
-0.017666204594300676,-0.018859064112584274,0.0,0.0036822381865806633,-0.06509089747743102,-0.04341673815764738,-0.019085259272703332
-0.018315017252511487,-0.022084866174505603,0.0,0.01765487192038806,-0.07801686506595289,-0.08912470444394767,-0.030201710041940576
-0.010090593644709241,-0.019182805313817063,0.0,0.03875939843846186,0.08594468742527801,-0.2062436207381653,-0.06751050617596774
-0.01766450673330336,-0.018854119856072323,0.0,0.0011129158054934152,-0.07446637673531895,-0.053019044167493284,0.005893832965383742
-0.018604663385270483,-0.01727279184511604,0.0,-0.2317425014549435,1.0361383961426678,-0.24298768577150598,-0.3832553454291774
-0.017666204594300676,-0.018859064112584274,0.0,-0.0015753111357356888,-0.08162737860387025,-0.037848498891805846,0.004706791924747678
-0.00744842657434001,-0.013166818734153443,0.0,-0.012297919883873173,1.2248447860594502,-0.5679230365418799,-0.30034818010292097
-0.0173317034684835,-0.019422682962010232,0.0,0.05184495149245204,0.07693794700866204,-0.2167343885361712,-0.020145093051869754
-0.02839057912837161,-0.03132267658657652,0.0,0.0472966619267059,-0.10444900741694665,-0.2748224551510712,0.17220228860835105
-0.018897789261874142,-0.021984903190618073,0.0,0.006748991786560851,-0.06894604163904358,-0.009847249311671103,-0.014018463753802092
-0.017487218807104285,-0.017176929582398283,0.0,0.03748594872486221,-0.0980979834559626,-0.007084931835826452,-0.007768178872108025
-0.01930105375138229,-0.020615433589835825,0.0,-0.23007076491330156,0.992730834385151,-0.09033804017243052,-0.5155281069361813
-0.007492936354061703,-0.013166818734153443,0.0,-0.028585406877996558,1.1866068146523996,-0.5743905485261505,-0.3678045839187617
-0.03325219999309041,-0.02486735482874048,0.0,0.00028244735892896426,-0.18885716365736926,-0.02846315641213751,0.11084266261977513
-0.017487218807104285,-0.017176929582398283,0.0,0.03748594872486221,-0.0980979834559626,-0.007084931835826452,-0.007768178872108025
-0.04632163167016785,-0.03208692692424164,0.0,0.011609511419840126,-0.25438330425296884,-0.06867260173851542,0.22429885862069562
-0.03212780596654387,-0.021680167654085616,0.0,0.0032534443694139594,-0.09708268088280016,-0.07143343154932347,0.05229594051546749
-0.017443730728962745,-0.021629140363011994,0.0,-0.01992801581187611,-0.0766712979033514,-0.012230089267063078,-0.04246363347164466
-0.0122825937173657,-0.013985981296893856,0.0,0.1339163800974621,1.2658999791389607,-1.057594530957495,-0.16223530720632623
-0.012418398278804447,-0.014436833356587781,0.0,0.11225379803256816,1.1890620950863928,-0.8812346665808217,-0.20437334397348864
-0.011485724475474881,-0.013691593668979183,0.0,0.14456868412288298,1.2810037490698192,-0.9783355247475916,-0.1439235739017179
-0.032180515398218174,-0.027715703863876322,0.0,-0.011843707143109481,-0.1660354610069306,-0.047341474931410304,0.12049039674892874
-0.012098187990096815,-0.013803497310613892,0.0,0.14458874174866423,1.2863681391445991,-0.9593076893910725,-0.11728534189716817
-0.01729985422151399,-0.018891420858617045,0.0,0.008188528920327382,-0.06891415259316537,-0.026556683230096623,-0.03566905013091316
-0.04682266503045331,-0.03208692692424164,0.0,0.011400665303957317,-0.2543732940987966,-0.06530302984379113,0.21982837190649265
-0.018604663385270483,-0.01727279184511604,0.0,-0.22141465631407403,1.029302431459984,-0.22735905028980977,-0.3616205207277915
-0.016057520590519327,-0.017874162489059243,0.0,0.03274836477153893,-0.018061138850390877,-0.07068388411673758,-0.055499966879659295
-0.032180515398218174,-0.02749294803586055,0.0,-0.010055378810311322,-0.1602221702866384,-0.05963061323221579,0.11838777117435208
-0.018604663385270483,-0.01727279184511604,0.0,-0.23239648142680716,1.0267474030025816,-0.22127526985957538,-0.39391596224273423
-0.018604663385270483,-0.017331982716640857,0.0,-0.2308619671359161,1.0384042308078725,-0.40930313968097976,-0.3560419577782079
-0.010021415210069617,-0.016249168537793426,0.0,0.04002227338766206,-0.09245914453715066,0.008025818798879548,-0.05728477168720758
-0.02375580801805397,-0.02122357436896206,0.0,0.043831549760805014,-0.08570301223124321,-0.03626510113364571,-0.062017424203772493
-0.01596306857672667,-0.018136421132508067,0.0,0.01984753929669711,-0.026603429881998066,-0.08903051972749755,-0.03412347614407116
-0.03451169511652668,-0.021779825174646546,0.0,0.07774822214910312,0.05089259392484889,-1.8988962323583136,1.8590478909472334
-0.03212610810554655,-0.0203317740424611,0.0,0.008380294543048717,-0.07086082485671553,-0.08586747045857267,0.034410696260549226
-0.018604663385270483,-0.01727279184511604,0.0,-0.2318014080676722,1.0501350528745235,-0.24059496044146214,-0.3759584334034043
-0.007306596166380315,-0.012344879326773205,0.0,-0.03533917270226013,1.0759753061276138,-0.7728476168947749,-0.38300266817783235
-0.018604663385270483,-0.01727279184511604,0.0,-0.2369927271938486,1.0366836807257218,-0.42049748024652084,-0.34584363378472555
-0.0198122621857047,-0.02211973621355264,0.0,0.0037492638794561577,-0.1005928397384226,0.0014206338938784532,-0.02576043886687096
-0.01729985422151399,-0.01912596385168385,0.0,0.008188528920327382,-0.06891415259316537,-0.02520512817894344,-0.035687796870713925
-0.011889514424286738,-0.01718139821921873,0.0,0.045952036293543136,-0.10976982959315643,0.014267208920373758,-0.05604617023933258
-0.029489900134660116,-0.02391204631641144,0.0,0.0012020934922309845,-0.1532284655166643,-0.032180608514742,0.08134972004275229
-0.02375580801805397,-0.02122357436896206,0.0,0.043831549760805014,-0.08570301223124321,-0.03626510113364571,-0.062017424203772493
-0.00929142248536991,-0.019422682962010232,0.0,0.0011200707021544343,-0.03169476666286573,-0.05218511506902665,-0.06615023542587249
-0.017602539681659927,-0.019647991087962904,0.0,0.011389609331226496,-0.12788273587750024,-0.039507881851403234,0.027087586857274384
-0.030695628694052218,-0.021779825174646546,0.0,0.07634423703351706,-0.03262000048084278,-1.9810064562431184,1.8465452721457092
-0.017487218807104285,-0.017176929582398283,0.0,0.03748594872486221,-0.0980979834559626,-0.007084931835826452,-0.007768178872108025
-0.018474269007141466,-0.017820900245953564,0.0,-0.17223975520495377,-0.39886555437400906,0.9530372338009808,-0.5241990539153449
-0.010696883407149041,-0.016017643982210294,0.0,0.8951533390764634,2.1082446295079817,0.004994659903636807,0.06518929463397775
-0.01723117881451158,-0.021369932466108424,0.0,-0.0019502051822370562,-0.07615303939265124,-0.03200311992221853,-0.03756948009952663
-0.016188531869809147,-0.019424739075178152,0.0,0.0007042324871418679,-0.043481914365148054,-0.09056538193635143,0.0032852771550515715
-0.017117942223094342,-0.018370964125574873,0.0,0.015208607679487372,-0.03421229820838962,-0.07631926487997612,-0.041435559456654926
-0.012429790919111935,-0.014072488899618584,0.0,0.14111863082091977,1.2691424608385888,-1.1010842005358923,-0.1256347765516028
-0.04524994707529561,-0.03055759261302029,0.0,-0.008716140052688543,-0.19343064514597927,-0.07692303652836682,0.18718688375919382
-0.017337704564467694,-0.0254295642719668,0.0,0.008783129160308769,-0.14948874796445893,0.07303520216265172,-0.04910666512010845
-0.016078457458585355,-0.01598343589090149,0.0,0.029490159581458647,-0.05099958587114916,-0.04365788746329005,-0.05653948445031275
-0.009291937352883592,-0.013753503253105068,0.0,0.19867816355172005,1.4046240030109531,-1.3620627200540312,-0.0013960547582501938
-0.006947234319273789,-0.01257942231984001,0.0,-0.017867642935377223,1.0892677924653227,-0.7395013994634472,-0.4004151492293056
-0.03136336266275202,-0.02178670616426773,0.0,0.363916739061263,-0.5444779603997059,1.6952586012496114,-1.5042677258456905
-0.016188531869809147,-0.019424739075178152,0.0,0.0007042324871418679,-0.043481914365148054,-0.09056538193635143,0.0032852771550515715
-0.017221629057259703,-0.01598343589090149,0.0,0.029838775266101222,-0.053620906895688394,-0.03686470451832223,-0.059573640661610576
-0.03278235610041727,-0.02728011771434746,0.0,0.004624662123893623,-0.09203771212627015,-0.06396176229165042,0.06836889795585618
0.9981354590825567,1.9149247379128755,0.0,-0.1176777532580661,-0.18362986821215127,0.41488402714137695,-1.6483906860047588
-0.01729985422151399,-0.019371969642212696,0.0,0.012754538431160251,-0.07855608519132708,-0.011957865516691209,-0.021891552023201314
-0.02651418110663375,-0.021610472916389872,0.0,0.00820493020331575,-0.12772199196486583,-0.06956681467795893,0.06413079624051883
-0.007492936354061703,-0.013166818734153443,0.0,-0.03607778357553312,1.1523084599339117,-0.5843192520054046,-0.4014612772797277
-0.017846580654210808,-0.016915665572326793,0.0,0.03741240092683213,-0.06844424095460812,-0.02044616732308169,-0.05511702144029177
-0.04632163167016785,-0.03203335032580728,0.0,0.01090027900950343,-0.253568009568331,-0.06481049571003668,0.21580516491544385
-0.028330698043755792,-0.026092424590373992,0.0,0.032444803718018694,-0.06850780721704061,-0.23181459929316225,0.115873866793003
-0.04682436289145063,-0.032093030154229554,0.0,0.011506865724877057,-0.26466591193699,-0.05081770810977474,0.2197770506142088
-0.019257151108980665,-0.021750360197551267,0.0,0.006539456808996623,-0.06885764565003565,-0.007482097833469524,-0.015822947705486243
-0.03325219999309041,-0.029043651137521123,0.0,0.011303674424059358,-0.22886085465180134,-0.033946158959391994,0.15108292711069954
-0.057231168824763125,-0.03680469947790288,0.0,-0.012470908239061643,-0.19004645331698825,-0.05711401685756076,0.1836444547154553
-0.01822910190655862,-0.018276377188774194,0.0,0.012077267459120128,-0.044705516065942544,-0.02290713219508224,-0.043888589920780235
-0.016188531869809147,-0.01944758706092332,0.0,0.00909960380801412,-0.023637890396850922,-0.08285711958070104,0.00774483239839403
-0.00744842657434001,-0.013166818734153443,0.0,-0.012297919883873173,1.2248447860594502,-0.5679230365418799,-0.30034818010292097
-0.0340960325368084,-0.022715520128551325,0.0,0.00914064226967268,-0.17742457493905592,-0.05541596174904171,0.10782694220844322
-0.02651418110663375,-0.019692355229220217,0.0,0.007613171166207563,-0.13237783122342042,-0.05623615912102723,0.060593902341289765
-0.0340960325368084,-0.022715520128551325,0.0,0.00914064226967268,-0.17742457493905592,-0.05541596174904171,0.10782694220844322
-0.058301155558638046,-0.03834699506216368,0.0,0.011432963501219818,-0.24358015604443564,-0.06363540759602891,0.22192903168210912
-0.017752395253950136,-0.01819774433786144,0.0,0.006079161052261245,-0.25054117943804166,0.8456048273809708,-0.727613219753396
-0.032180515398218174,-0.024180089647802546,0.0,-0.002180567626263737,-0.16552815239306792,-0.04430636410626545,0.09992187114118496
-0.017659216068620514,-0.018891420858617045,0.0,0.008188528920327382,-0.06891415259316537,-0.018995803915877314,-0.037045530949507514
-0.01723117881451158,-0.020370575234164665,0.0,0.003761439059552745,-0.15336146185441885,0.03385397082053669,-0.004335263142456862
-0.017602539681659927,-0.019647991087962904,0.0,0.011389609331226496,-0.12919741479664842,-0.03458561788996498,0.022759904781559342
-0.017477304070200865,-0.018136421132508067,0.0,0.015725453951898734,-0.031399479014840255,-0.07179314476397852,-0.04553250006088105
-0.00744842657434001,-0.013166818734153443,0.0,-0.012297919883873173,1.2248447860594502,-0.5679230365418799,-0.30034818010292097
-0.05722947096376581,-0.03681766075094231,0.0,-0.010741535286890806,-0.1819707782295878,-0.06977546331023148,0.18369884782218363
-0.03212780596654387,-0.02031881276942167,0.0,0.005303542427868933,-0.07172998729142814,-0.08476408710625508,0.03323763542979241
-0.007530365132740077,-0.013166818734153443,0.0,-0.04580883551614473,1.16805948936925,-0.5965705006893149,-0.36171717426483246
-0.00744842657434001,-0.013166818734153443,0.0,-0.031074982908361432,1.1441546508685814,-0.5999500370212324,-0.40301776511467136
-0.018228042630064466,-0.019087854030192655,0.0,-0.008522844980578155,-0.11545951978331408,0.017209798645614872,-0.02591288467702838
-0.014865437975756174,-0.021629140363011994,0.0,0.006783507010885218,-0.06534504079298302,-0.017188558765737234,-0.03449029128638539
-0.04632163167016785,-0.032035334265428504,0.0,0.01099869379561237,-0.25381253186523706,-0.0683654641537749,0.22124562809458706
-0.018474269007141466,-0.017820900245953564,0.0,0.05594258103675579,-0.38865752830117684,1.2045931067668185,-0.9907672102059736
-0.017513887753804427,-0.020274448628164358,0.0,0.006841977241515468,-0.0742385494569701,-0.05882075967266371,-0.000382686041787093
-0.04632163167016785,-0.032035334265428504,0.0,0.011386079441185406,-0.253806224681254,-0.06772643988237867,0.22124562809458706
-0.016385370713753376,-0.01673352780558294,0.0,0.04389686612414539,-0.10524612132496153,-0.03104598876018707,-0.07206025035036596
-0.017602539681659927,-0.019647991087962904,0.0,0.011389609331226496,-0.12919741479664842,-0.03458561788996498,0.022759904781559342
-0.012422290901546356,-0.021959999091704985,0.0,-0.0213199270920354,-0.05732687011995832,0.02015563589264312,-0.03736115680887559
-0.03318267745626682,-0.020557457187225996,0.0,0.0859286128524046,-0.5413068178346868,1.4460617772323838,-0.9900903105880151
-0.01930105375138229,-0.020685161074182397,0.0,-0.2312281514543894,1.038800921176025,-0.19040245364985234,-0.3812418329734822
-0.04524994707529561,-0.030503695666795283,0.0,-0.010134508248418894,-0.19336890301132242,-0.07488959483714686,0.18375306806342165
-0.018604663385270483,-0.01727279184511604,0.0,-0.22141465631407403,1.029302431459984,-0.22735905028980977,-0.3616205207277915
-0.006947234319273789,-0.01257942231984001,0.0,-0.017867642935377223,1.0892677924653227,-0.7395013994634472,-0.4004151492293056
-0.01582917002270262,-0.01944758706092332,0.0,0.005278075470038168,-0.027991908638506355,-0.09135039123181087,0.006719698787777968
-0.01703659031125171,-0.019132091994019534,0.0,0.011629470353234063,-0.08304239647861703,-0.019378759641824488,-0.04236492991462452
-0.00935367166237484,-0.019422682962010232,0.0,-0.027894950585804094,-0.04124119918549307,-0.013654285610513121,-0.04413475393469545
-0.02215533565309544,-0.022414321119724568,0.0,0.06300639513771056,0.039590075698773444,-0.05214258696743718,0.0724707465085393
-0.022839997062789687,-0.02482029515495252,0.0,0.061964897715255485,0.20566751099386815,-0.3338616342914383,0.05454318372724684
-0.01822910190655862,-0.018276377188774194,0.0,0.012077267459120128,-0.044705516065942544,-0.02290713219508224,-0.043888589920780235
-0.0744874775443162,-0.032093030154229554,0.0,0.012402409162528534,-0.2648369140444115,-0.0980764769715624,0.283826464302524
-0.029489900134660116,-0.02391204631641144,0.0,0.0012020934922309845,-0.1532284655166643,-0.032180608514742,0.08134972004275229
-0.017487218807104285,-0.017176929582398283,0.0,0.03748594872486221,-0.0980979834559626,-0.007084931835826452,-0.007768178872108025
-0.01154994315907416,-0.013707562172465198,0.0,0.13405574380785998,1.2647019789547673,-0.9854112078486889,-0.21759911653532812
-0.02651418110663375,-0.019692355229220217,0.0,0.007613171166207563,-0.13237783122342042,-0.05623615912102723,0.060593902341289765
-0.017602539681659927,-0.019647991087962904,0.0,0.010214022915533558,-0.13173179702577265,-0.04054852234906246,0.029626788186252872
-0.012418398278804447,-0.014436833356587781,0.0,0.11225379803256816,1.1890620950863928,-0.8812346665808217,-0.20437334397348864
-0.016322430423833197,-0.018086852129758222,0.0,0.028378463316094,-0.07678934472416406,0.01134206551466063,-0.09020967909863234
-0.02651418110663375,-0.021610472916389872,0.0,0.007605310385004962,-0.13492845337868617,-0.05623615912102723,0.0641168160306396
-0.018474269007141466,-0.017820900245953564,0.0,-0.08163823187391647,-0.3365299303514402,0.6884739851763253,-0.41685305350908675
-0.03182800477536711,-0.020274448628164358,0.0,0.0038828604388458933,-0.06829096245957662,-0.08150047026391874,0.030673085826292346
-0.022839997062789687,-0.024879486026477337,0.0,0.05598741393718064,0.13468066376726323,-0.17672841244241821,0.0458302968065449
-0.022131083674985962,-0.022084866174505603,0.0,0.01621512216023707,-0.0975070073744919,-0.020878962063489933,-0.015455405889953425
-0.015150702142792197,-0.02386022056812259,0.0,0.04024698905555851,0.09719839133168565,-0.18770692492598753,0.010696330695988361
-0.02969211250336431,-0.01434672883534428,0.0,0.009276269451794853,-0.15493229186355306,-0.05122397005575504,0.07285827168705644
-0.012098187990096815,-0.013803497310613892,0.0,0.14458874174866423,1.2863681391445991,-0.9593076893910725,-0.11728534189716817
-0.01611588706243387,-0.02260165543927526,0.0,0.04057866473508665,0.0951186860962712,-0.1787415217329043,0.010565733771431565
-0.017050305795971627,-0.01911354282969484,0.0,-1.46890783633215e-05,-0.10442751017304557,-0.009950859096840802,-0.02384268765141353
-0.04632163167016785,-0.032035334265428504,0.0,0.011386079441185406,-0.253806224681254,-0.06772643988237867,0.22124562809458706
0.5011549033106516,1.9149247379128755,0.0,-0.11902622114191819,-0.18173351094350687,-0.15170681010486342,-1.6445772959733398
-0.017596044179222132,-0.018612406161704478,0.0,0.024545165543601706,-0.14350935843503973,-0.044961828338987396,0.02924708042257826
-0.016699947271320754,-0.017826491682828037,0.0,-0.23066286879912568,-0.2734071675302619,1.051631735518359,-0.5857710508163849
-0.012196817263414407,-0.011830819221587895,0.0,-0.31223029228107607,1.0108309164391518,-0.48672038692581954,-0.3504091362263072
-0.03472594184607538,-0.03204143749541641,0.0,0.011292042059775608,-0.22870787557029726,-0.032850990145609736,0.1510580389883769
-0.01729985422151399,-0.01912596385168385,0.0,0.008188528920327382,-0.06891415259316537,-0.02520512817894344,-0.035687796870713925
-0.03325219999309041,-0.029043651137521123,0.0,0.010543335915181038,-0.22875369474230056,-0.03172619929613041,0.14851951974867025
-0.014865437975756174,-0.021629140363011994,0.0,0.00616598722970687,-0.06500664565692427,-0.0182294725318866,-0.03450804773600561
-0.045750980435581075,-0.03055759261302029,0.0,-0.008716211720641267,-0.1934143790466915,-0.07681264299778742,0.18811724803544153
-0.017487218807104285,-0.016940569671239882,0.0,0.03809519588029973,-0.0897977629336741,-0.01335301456880397,-0.015699750585993176
-0.028785196506718916,-0.028196190538404067,0.0,-0.004989132721136765,-0.14176870747914636,-0.063597145356469,0.09506633473479771
-0.029489900134660116,-0.02391204631641144,0.0,0.0012020934922309845,-0.1532284655166643,-0.032180608514742,0.08134972004275229
-0.07341579294944395,-0.03054463133998086,0.0,-0.01178627419631562,-0.2010106447176382,-0.10993861060265157,0.25099405961860466
-0.00935367166237484,-0.019422682962010232,0.0,-0.027894950585804094,-0.04124119918549307,-0.013654285610513121,-0.04413475393469545
-0.007306596166380315,-0.012344879326773205,0.0,-0.03533917270226013,1.0759753061276138,-0.7728476168947749,-0.38300266817783235
-0.04682266503045331,-0.03208692692424164,0.0,0.011400665303957317,-0.2543732940987966,-0.06530302984379113,0.21982837190649265
-0.052739278539563283,-0.02363258988714851,0.0,0.007131678807304885,-0.08949382657070054,-0.04308939134806943,0.03530239130086548
-0.017477304070200865,-0.018346060026661785,0.0,0.025373215438476905,-0.03375895710630288,-0.06794980800498851,-0.05155451223881998
-0.012418398278804447,-0.014436833356587781,0.0,0.13414447167892124,1.2609819842371246,-1.0187668319068366,-0.10282562241486215
-0.01713045567848693,-0.018153691366602158,0.0,-0.0013282997423538676,-0.04565845537894582,-0.05871921902097407,-0.033328514203479535
-0.017477304070200865,-0.018541943636469542,0.0,0.004833623223846899,-0.02162101668203068,-0.07490502782686942,-0.044529506754822486
-0.032180515398218174,-0.02749294803586055,0.0,-0.011843712190705437,-0.16620033428596118,-0.04619236755965058,0.11898814625554051
-0.00935367166237484,-0.019422682962010232,0.0,-0.027894950585804094,-0.04124119918549307,-0.013654285610513121,-0.04413475393469545
-0.028889131481101667,-0.024495973108776724,0.0,0.0004250723680386323,-0.17219939401952927,-0.02631103614807296,0.08862591311049985
-0.0122825937173657,-0.013985981296893856,0.0,0.13849209406954374,1.2806808755558043,-1.068120519081825,-0.10578029214385569
-0.01729985422151399,-0.01912596385168385,0.0,0.008188528920327382,-0.06891415259316537,-0.02520512817894344,-0.035687796870713925
-0.01596306857672667,-0.018370964125574873,0.0,0.01984753929669711,-0.026603429881998066,-0.08767896467634433,-0.03414222288387192
-0.017477304070200865,-0.018136421132508067,0.0,0.015208607679487372,-0.03421229820838962,-0.07010994061690998,-0.04279329353544852
-0.05083507711465367,-0.03076379827457662,0.0,0.014598191626521567,-0.1516306207623111,0.00034065754794292515,0.053821205694517454
-0.017487218807104285,-0.016940569671239882,0.0,0.038033212333432306,-0.09442038337311383,-0.007216071925670711,-0.008030496843511523
-0.017513887753804427,-0.020274448628164358,0.0,0.006841977241515468,-0.0742385494569701,-0.05882075967266371,-0.000382686041787093
-0.018474269007141466,-0.017820900245953564,0.0,-0.08163823187391647,-0.3365299303514402,0.6884739851763253,-0.41685305350908675
-0.007306596166380315,-0.012646244215797986,0.0,-0.04648062112557098,1.0874699779510706,-0.7701307313585881,-0.36569887612557256
-0.01863452535161186,-0.021981385453583305,0.0,-0.0006709666412388697,-0.08485613909621259,-0.014706035036516378,-0.025542889782583445
-0.018604663385270483,-0.01727279184511604,0.0,-0.2317425014549435,1.0361383961426678,-0.24298768577150598,-0.3832553454291774
-0.018474269007141466,-0.017820900245953564,0.0,-0.17223975520495377,-0.39886555437400906,0.9530372338009808,-0.5241990539153449
-0.017666204594300676,-0.018859064112584274,0.0,0.0017287870081157386,-0.07617351015147064,-0.04186346814203761,-0.015838006922544504
-0.03325219999309041,-0.029043651137521123,0.0,0.010543335915181038,-0.22875369474230056,-0.03172619929613041,0.14851951974867025
-0.017487218807104285,-0.016940569671239882,0.0,0.03809519588029973,-0.0897977629336741,-0.01335301456880397,-0.015699750585993176
-0.017846580654210808,-0.016915665572326793,0.0,0.03741240092683213,-0.06844424095460812,-0.02044616732308169,-0.05511702144029177
-0.0198122621857047,-0.02211973621355264,0.0,0.0037492638794561577,-0.1005928397384226,0.0014206338938784532,-0.02576043886687096
-0.031826306914369794,-0.020287409901203788,0.0,0.005012613572705939,-0.08127256671189874,-0.0517228828175032,0.01862798506383331
-0.017659216068620514,-0.01912596385168385,0.0,0.008392185000328099,-0.06761245984175014,-0.020524352456840433,-0.037386201942893146
-0.02170262856697045,-0.021717214335072354,0.0,0.03610569384536201,-0.061285048024037905,-0.06319847341797016,0.001522034085625667
-0.017596044179222132,-0.018612406161704478,0.0,0.025591729321313338,-0.14131630576134352,-0.04053988969149405,0.028754636523503314
-0.007713490657375906,-0.01188013850616312,0.0,0.17053190569701018,1.1340124294996459,-1.0389705472172577,-0.3521239333017493
-0.012418398278804447,-0.014498270983610364,0.0,0.12572109057115705,1.2194127356306228,-0.9455332729499903,-0.2775326371379502
-0.018604663385270483,-0.01727279184511604,0.0,-0.2369927271938486,1.0366836807257218,-0.42049748024652084,-0.34584363378472555
-0.017223954896842003,-0.01727990509884384,0.0,0.05266088475994922,-0.11854389611707737,0.00042028026826436437,-0.018686902857110856
-0.007306596166380315,-0.012646244215797986,0.0,-0.04648062112557098,1.0874699779510706,-0.7701307313585881,-0.36569887612557256
-0.01706930102909085,-0.019107461067847994,0.0,1.2063035830017177,-0.20774784772719782,-0.9982947935436011,0.19408310614426158
-0.017659216068620514,-0.019101059752770762,0.0,0.004978109961988263,-0.06565566373233024,-0.025884091384739467,-0.03750770063852437
-0.017846580654210808,-0.016915665572326793,0.0,0.03350893834082065,-0.07732292157627128,-0.03240244418062809,-0.0534336290867362
-0.024086201977950347,-0.02393050699093047,0.0,0.07052657783593107,0.09332890820964172,-0.19061446054528458,-0.07976721959165184
-0.006947234319273789,-0.01257942231984001,0.0,-0.017867642935377223,1.0892677924653227,-0.7395013994634472,-0.4004151492293056
-0.017050305795971627,-0.01911354282969484,0.0,-1.46890783633215e-05,-0.10442751017304557,-0.009950859096840802,-0.02384268765141353
-0.02651418110663375,-0.021610472916389872,0.0,0.00721173061306644,-0.12456461557790321,-0.07170012941785954,0.06412852513423091
3.42704172192888,2.663311173840083,0.0,0.3405391297766906,0.326554450133821,1.3960037603849882,1.2505118820725827
-0.017074228260190952,-0.01835140346840837,0.0,0.02590510112123251,-0.054470821569384986,-0.044774135598343354,-0.032500169519448154
-0.010496843261049188,-0.019422682962010232,0.0,0.028498335700448643,0.09026293943755291,-0.19566139811748498,-0.05982988680836128
-0.007713490657375906,-0.01188013850616312,0.0,0.17053190569701018,1.1340124294996459,-1.0389705472172577,-0.3521239333017493
-0.036176526084891664,-0.02550680102729255,0.0,0.005288100090635006,-0.11559177874359751,-0.10213474074190271,0.04107119680083164
-0.032180515398218174,-0.024180089647802546,0.0,-0.002180567626263737,-0.16552815239306792,-0.04430636410626545,0.09992187114118496
-0.0173317034684835,-0.019422682962010232,0.0,0.05353883712100961,0.0834867538135656,-0.2279412000281394,-0.04741570757081389
-0.032147898132020035,-0.021760890197691684,0.0,0.015458578883292159,-0.2521152706679946,0.44734226455745957,-0.23512367087798128
-0.00744842657434001,-0.013166818734153443,0.0,-0.02358260621082485,1.1784530055870692,-0.5900213335419783,-0.36936107175370536
-0.017846580654210808,-0.016915665572326793,0.0,0.03741240092683213,-0.06844424095460812,-0.02044616732308169,-0.05511702144029177
-0.020281143655464583,-0.024750393364993455,0.0,0.06874667187913813,0.09169757136039718,-0.18400500588364296,-0.08091917307124041
-0.017212394236886995,-0.017874162489059243,0.0,0.02810943315432923,-0.025670007176782424,-0.059324184320369254,-0.06279330345244227
-0.012098187990096815,-0.013803497310613892,0.0,0.14458874174866423,1.2863681391445991,-0.9593076893910725,-0.11728534189716817
-0.017659216068620514,-0.018891420858617045,0.0,0.008188528920327382,-0.06891415259316537,-0.018995803915877314,-0.037045530949507514
-0.01729985422151399,-0.019371969642212696,0.0,0.012754538431160251,-0.07855608519132708,-0.011957865516691209,-0.021891552023201314
-0.018498520464374706,-0.017418255858813174,0.0,0.04193687111872844,-0.1382754304099278,0.01795138645789728,-0.02744931876480026
-0.018248670479681733,-0.016953900381406848,0.0,0.2378232103532321,-0.5834741942035416,2.4492227967724323,-2.241590571813504
-0.034601670893932075,-0.026050868737305725,0.0,0.018856704361583078,-0.12020388393745962,-0.061629043985293036,0.07709751976772308
-0.018604663385270483,-0.017331982716640857,0.0,-0.23073411925475942,1.0385753534114675,-0.40901986773476295,-0.35604466558752057
-0.010330476876749381,-0.01598343589090149,0.0,0.06562544915355452,-0.06304735924048827,0.03984270534861132,-0.018129564079464897
-0.02215533565309544,-0.022414321119724568,0.0,0.277639642062634,-0.39544997621926603,0.1827266361410997,1.1094094366163347
-0.012098187990096815,-0.013803497310613892,0.0,0.14458874174866423,1.2863681391445991,-0.9593076893910725,-0.11728534189716817
-0.01729985422151399,-0.01912596385168385,0.0,0.008188528920327382,-0.06891415259316537,-0.02520512817894344,-0.035687796870713925
-0.017752395253950136,-0.01819774433786144,0.0,0.006079161052261245,-0.25054117943804166,0.8456048273809708,-0.727613219753396
-0.014318258620069578,-0.023614167558161942,0.0,-0.014386966333461192,-0.05605008476553929,-0.1348532494855128,0.062294352660741875
-0.018474269007141466,-0.017826491682828037,0.0,-0.5488085268966758,-0.46498188053716477,1.8518125410173452,-0.9756773499672055
-0.018897789261874142,-0.02227782368365185,0.0,0.019532237549626297,-0.050953652952799994,0.13675443808471413,0.01611385751847367
-0.017337704564467694,-0.0254295642719668,0.0,0.007345775193617501,-0.1543800573550984,0.07315965381064526,-0.05091765140701363
2.533724457785154,2.5537549620385773,0.0,0.30222456445062484,0.13864181892815608,1.1013982352719156,0.25157163929723214
-0.018474269007141466,-0.017820900245953564,0.0,-0.08163823187391647,-0.3365299303514402,0.6884739851763253,-0.41685305350908675
-0.04524994707529561,-0.030503695666795283,0.0,-0.008187509267099158,-0.19336895425018993,-0.07666218729372529,0.18488571599732936
-0.017221629057259703,-0.01598343589090149,0.0,0.02938859414440983,-0.05361035813174788,-0.03756260521957254,-0.060670375768681166
-0.045750980435581075,-0.03055759261302029,0.0,-0.009159943322739353,-0.19340247846561723,-0.0770047359740623,0.18811724803544153
-0.018474269007141466,-0.017820900245953564,0.0,-0.17223975520495377,-0.39886555437400906,0.9530372338009808,-0.5241990539153449
3.2329987239495335,2.454386263096434,0.0,0.2124247119949396,0.02806452243609086,-0.27497637327592295,1.2149830641396506
-0.017602539681659927,-0.019647991087962904,0.0,0.011389609331226496,-0.12788273587750024,-0.039507881851403234,0.027087586857274384
-0.017050305795971627,-0.01911354282969484,0.0,0.00022920768212936223,-0.10101429638239252,-0.01541272527751396,-0.02384268765141353
-0.01582917002270262,-0.019740507553957096,0.0,0.0034861515436502917,-0.04856830499836785,0.04891062172113764,-0.01550583699059941
-0.032178817537220857,-0.02419228492989219,0.0,-0.0004520554968047929,-0.15746272194761007,-0.05713751472584212,0.09997626424791327
-0.04629560399912332,-0.022102422557509455,0.0,0.00985601827785919,-0.14098782297792367,-0.0021337383183810694,0.034268773207280806
-0.02651418110663375,-0.021610472916389872,0.0,0.00820493020331575,-0.13432943956978946,-0.06363391771805442,0.0641168160306396
-0.020281143655464583,-0.024750393364993455,0.0,0.06874667187913813,0.09169757136039718,-0.18400500588364296,-0.08091917307124041
-0.017606286648474637,-0.019647991087962904,0.0,0.015682700137104124,-0.18701259019058927,0.014756664722715588,0.03985700816675154
-0.0173317034684835,-0.019422682962010232,0.0,0.048428088210126445,0.08903702809314652,-0.2176006498639159,-0.05839115114080293
-0.017666204594300676,-0.018859064112584274,0.0,0.0015968186009987903,-0.06581250473348559,-0.043446797042685954,-0.016425592596331473
-0.05083337925365635,-0.03075571110496749,0.0,0.014214965221849939,-0.14109353186607912,-0.01448789837787621,0.05383291479810878
-0.017337704564467694,-0.0254295642719668,0.0,0.007554131409456216,-0.15670758642852292,0.06941676268692758,-0.05165591989849957
-0.017659216068620514,-0.018891420858617045,0.0,0.008188528920327382,-0.06891415259316537,-0.018995803915877314,-0.037045530949507514
-0.022839997062789687,-0.02482029515495252,0.0,0.06547037970215021,0.20820063716258055,-0.2936553844091403,0.04166617403591684
-0.017679899738498296,-0.018859064112584274,0.0,-0.011477865077013783,-0.08795563433468793,-0.008820365360385418,-0.01533534530017336
-0.03325219999309041,-0.029043651137521123,0.0,0.011903294242370141,-0.22165439323798097,-0.04727681451632366,0.1510969073205788
-0.017050305795971627,-0.01911354282969484,0.0,-1.46890783633215e-05,-0.10442751017304557,-0.009950859096840802,-0.02384268765141353
-0.018604663385270483,-0.01727279184511604,0.0,-0.22141465631407403,1.029302431459984,-0.22735905028980977,-0.3616205207277915
-0.046323329531165164,-0.03204143749541641,0.0,0.011283505414175067,-0.264105098464563,-0.049981939784217395,0.21579345581185252
-0.017221629057259703,-0.01598343589090149,0.0,0.02938859414440983,-0.05361035813174788,-0.03756260521957254,-0.060670375768681166
-0.046323329531165164,-0.032093030154229554,0.0,0.01150693739282978,-0.26468217803627775,-0.05092810164035414,0.2188466863379611
-0.00744842657434001,-0.013166818734153443,0.0,-0.031074982908361432,1.1441546508685814,-0.5999500370212324,-0.40301776511467136
-0.02046046065654466,-0.019647991087962904,0.0,0.010723744036577052,-0.1318641570538998,-0.039684618184245776,0.02839890046103405
-0.010955428473700487,-0.016915665572326793,0.0,0.07838827849701101,-0.06774300004330246,0.06459445338434093,0.0017118199323364188
-0.07341409508844662,-0.03132177685466741,0.0,-0.010645017679050642,-0.20122324621226978,-0.10932345770277967,0.2515887796009238
-0.018604663385270483,-0.01727279184511604,0.0,-0.22141465631407403,1.029302431459984,-0.22735905028980977,-0.3616205207277915
-0.014126778712620818,-0.01583098143544064,0.0,0.01611326657724434,-0.10871214996531336,0.03864919864466985,-0.05269107426747257
-0.017050305795971627,-0.01911354282969484,0.0,-1.46890783633215e-05,-0.10442751017304557,-0.009950859096840802,-0.02384268765141353
-0.007713490657375906,-0.01188013850616312,0.0,0.17053190569701018,1.1340124294996459,-1.0389705472172577,-0.3521239333017493
-0.012377659817900904,-0.012739438961809808,0.0,0.8050570540495526,1.8833344820921367,-0.27137893510741073,-0.1291126516425165
-0.03212610810554655,-0.020310725599812535,0.0,0.006445447565391029,-0.07194258878605975,-0.08414893420638316,0.03323843613794894
-0.007306596166380315,-0.012344879326773205,0.0,-0.03533917270226013,1.0759753061276138,-0.7728476168947749,-0.3824946963507041
-0.015267689287524106,-0.021629140363011994,0.0,0.01931873491928593,-0.1264277020836438,-0.017445710163877765,-0.011562491617784413
-0.032016841346635246,-0.021889093831145075,0.0,0.006823069663034192,-0.013578323711263947,-0.12431532409975077,0.06212047890801904
-0.017602539681659927,-0.019647991087962904,0.0,0.010839848902678426,-0.13257968396138153,-0.037823266992211155,0.028945134495138688
-0.07341409508844662,-0.03055759261302029,0.0,-0.008709522081135837,-0.2001414822829256,-0.11104199395496914,0.2521671204493615
-0.046293906138126006,-0.02209631932752154,0.0,0.009571206659296496,-0.13069525637859775,-0.020517262687938454,0.03972094549001533
3.42704172192888,2.663311173840083,0.0,0.3405391297766906,0.326554450133821,1.3960037603849882,1.2505118820725827
-0.017330828281724688,-0.017885677848165506,0.0,1.0649232192897409,-0.0960891847564583,-1.0249660658966735,-0.045812028267703184
-0.00744842657434001,-0.013166818734153443,0.0,-0.012297919883873173,1.2248447860594502,-0.5679230365418799,-0.30034818010292097
-0.017602539681659927,-0.019647991087962904,0.0,0.014505457920699258,-0.14572833987105605,-0.033022003494611485,0.02981896765218296
-0.017666204594300676,-0.018859064112584274,0.0,-0.003445793415785334,-0.07104552663877706,-0.05197417003036659,0.0003400713665379458
-0.01930105375138229,-0.020615433589835825,0.0,-0.2271991334811151,0.9798180882145865,-0.10364237159957823,-0.5708946288835037
-0.011485724475474881,-0.013691593668979183,0.0,0.14456868412288298,1.2810037490698192,-0.9783355247475916,-0.1439235739017179
-0.01930105375138229,-0.017203064360769467,0.0,-0.22719894754651726,0.9803959319712799,-0.10823219166791503,-0.5708946288835037
-0.032180515398218174,-0.02749294803586055,0.0,-0.011843712190705437,-0.16620033428596118,-0.04619236755965058,0.11898814625554051
-0.018604663385270483,-0.01727279184511604,0.0,-0.23239648142680716,1.0267474030025816,-0.22127526985957538,-0.39391596224273423
-0.010103064241615684,-0.012005285486097446,0.0,0.6240436117495202,1.709043171068525,-0.6629702921796405,0.00043364797202423064
-0.014865437975756174,-0.021629140363011994,0.0,0.006783507010885218,-0.06534504079298302,-0.017188558765737234,-0.03449029128638539
-0.014865437975756174,-0.021629140363011994,0.0,0.006783507010885218,-0.06534504079298302,-0.017188558765737234,-0.03449029128638539
-0.015039271688719156,-0.016854614178303078,0.0,0.013781207835224669,-0.09356865588380828,-0.019038976699453217,-0.07401653745667323
-0.012418398278804447,-0.014436833356587781,0.0,0.11225332687156983,1.1890912842798944,-0.8811433246153253,-0.20437334397348864
-0.007266453744538808,-0.013203183579701868,0.0,0.08770504839004378,1.1285300110740608,-0.9574978560502175,-0.3823179614033355
-0.017602539681659927,-0.019647991087962904,0.0,0.010862904259782796,-0.14115781988787843,-0.023971823150666455,0.026929714016147493
-0.006947234319273789,-0.01257942231984001,0.0,-0.017867642935377223,1.0892677924653227,-0.7395013994634472,-0.4004151492293056
-0.017487218807104285,-0.016940569671239882,0.0,0.03809519588029973,-0.0897977629336741,-0.01335301456880397,-0.015699750585993176
4.6317618381024594,4.839836198946672,0.0,0.6865335865702789,0.5425823881508098,2.0738382557660495,5.413686211817722
-0.045750980435581075,-0.03055759261302029,0.0,-0.008716211720641267,-0.1934143790466915,-0.07681264299778742,0.18811724803544153
-0.07448577968331888,-0.03208692692424164,0.0,0.011517977725655054,-0.261750808858906,-0.10312934578418817,0.28926465637537924
-0.019257151108980665,-0.021959999091704985,0.0,0.01100714211123269,-0.06263250692571744,-0.02154423773964318,-0.042984588890192535
-0.01154994315907416,-0.013707562172465198,0.0,0.14458094611908584,1.2851776920606808,-0.9559972802974076,-0.12120418579724636
-0.017602539681659927,-0.019647991087962904,0.0,0.011389609331226496,-0.12788273587750024,-0.039507881851403234,0.027087586857274384
-0.0173317034684835,-0.019422682962010232,0.0,0.05126648253104692,0.0880057289773914,-0.23244040095953136,-0.051552477097959244
-0.017659216068620514,-0.018891420858617045,0.0,0.008392185000328099,-0.06761245984175014,-0.021875907507993658,-0.036859483375964154
-0.0744874775443162,-0.032093030154229554,0.0,0.011802789344217744,-0.2720433754582319,-0.08474582141463073,0.28381248409264476
-0.007266453744538808,-0.013203183579701868,0.0,0.07424350458951848,1.1175192180092959,-0.8560461150021544,-0.38339746037895406
-0.02541334090106429,-0.023220423955245754,0.0,-0.08988284398962562,-0.07459433286118326,-0.08323036140692751,0.19645978217549198
-0.011757572375153942,-0.016351948638385575,0.0,0.17310453038164933,-0.5535300994968575,2.493475599628176,-2.264739149379477
-0.006947234319273789,-0.01257942231984001,0.0,-0.017867642935377223,1.0892677924653227,-0.7395013994634472,-0.4004151492293056
-0.04632163167016785,-0.032035334265428504,0.0,0.01099869379561237,-0.25381253186523706,-0.0683654641537749,0.22124562809458706
-0.016547630430824505,-0.0192597817279595,0.0,-0.3872572559733158,-0.44515668601098796,1.4946027151699475,-0.7871811186154272
-0.010955428473700487,-0.016915665572326793,0.0,0.07795022899700314,-0.07190699272573968,0.059245428001917455,-0.004447217153120186
-0.018604663385270483,-0.017331982716640857,0.0,-0.22533635511435662,1.048139659840691,-0.3910094939113631,-0.3813590310269212
-0.02477104359188661,-0.01523926141126349,0.0,0.0013562567915506114,-0.08955843604922681,-0.05545187171638244,0.012184546045404658
-0.03212610810554655,-0.021693128927125046,0.0,0.0069298163029045175,-0.08900705703426719,-0.08586747045857267,0.05348298155610355
-0.018604663385270483,-0.01727279184511604,0.0,-0.2369927271938486,1.0366836807257218,-0.42049748024652084,-0.34584363378472555
-0.010498116454214789,-0.019163475065106662,0.0,0.03875445369328088,0.08707274134095659,-0.2191426387843018,-0.06027227729889909
-0.017074228260190952,-0.01835140346840837,0.0,0.02590510112123251,-0.054470821569384986,-0.044774135598343354,-0.032500169519448154
-0.016078457458585355,-0.01598343589090149,0.0,0.029039978459767253,-0.050989037107208646,-0.04435578816454036,-0.05763621955738334
-0.018214327145344548,-0.019270442753988867,0.0,0.016072276720990288,-0.10120641066884907,0.010443442302200522,-0.04058060788350338
-0.03365425725120314,-0.030490734393755853,0.0,-0.01185534455498919,-0.16604735520445704,-0.045097198745868344,0.1189632581332179
-0.0744874775443162,-0.03287826283852525,0.0,0.011408560952022096,-0.2616795376574488,-0.100209791711463,0.28441811247039867
-0.01930105375138229,-0.020615433589835825,0.0,-0.226831931162159,0.9905921303628912,-0.10101184420234219,-0.5763713495619356
-0.028200774924160777,-0.021889093831145075,0.0,0.005743655696084403,-0.021164662869859234,-0.19585717953565032,0.06018622855539976
-0.015144286748816104,-0.016953900381406848,0.0,0.44462948693216675,-0.3834919753999915,1.8859731489613754,-2.024953395734163
-0.017487218807104285,-0.017176929582398283,0.0,0.03748594872486221,-0.0980979834559626,-0.007084931835826452,-0.007768178872108025
-0.015150702142792197,-0.02360101267121902,0.0,-0.016986973182677487,0.06394007782719205,-0.20729614564824084,0.03876439172975977
-0.04632163167016785,-0.03208692692424164,0.0,0.011222125774267093,-0.2543896114369518,-0.06931162600991164,0.22429885862069562
-0.017513887753804427,-0.020274448628164358,0.0,0.005454404201582504,-0.07908285918543265,-0.05467597522011371,-0.00570723668317339
-0.04997199391438589,-0.01501626190174323,0.0,-0.0016965723403288265,-0.07168494383604813,-0.043263073727017654,0.012426467869714882
-0.04682266503045331,-0.03208692692424164,0.0,0.011400665303957317,-0.2543732940987966,-0.06530302984379113,0.21982837190649265
-0.01809855736116346,-0.018440416748245713,0.0,0.012377537905222051,-0.060492351534545005,-0.006630302073648791,-0.03880181133331642
-0.017752395253950136,-0.01819774433786144,0.0,0.006079161052261245,-0.25054117943804166,0.8456048273809708,-0.727613219753396
-0.014865437975756174,-0.021957077385706774,0.0,0.00977893684190556,-0.0634735011579737,0.03232050147368698,-0.083435533659677
-0.026512483245636435,-0.021602385746780736,0.0,0.007222083980333325,-0.12439136448245433,-0.07106471504684646,0.06412852513423091
-0.017477304070200865,-0.018541943636469542,0.0,0.004833623223846899,-0.02162101668203068,-0.07490502782686942,-0.044529506754822486
-0.07341579294944395,-0.031329864024276545,0.0,-0.011786922816572745,-0.2010106447176382,-0.10993861060265157,0.25158797889276724
-0.017666204594300676,-0.018859064112584274,0.0,-0.003445793415785334,-0.0697308477196289,-0.05689643399180481,0.0046677534422530035
-0.01596306857672667,-0.018370964125574873,0.0,0.019257732918183713,-0.02824350724503604,-0.08151315290469362,-0.037880720674266
-0.018897789261874142,-0.021750360197551267,0.0,0.008370013522659321,-0.06862122944311776,-0.00695395111749309,-0.013996073705154898
-0.017050305795971627,-0.01911354282969484,0.0,0.00022920768212936223,-0.10101429638239252,-0.01541272527751396,-0.02384268765141353
-0.017477304070200865,-0.018136421132508067,0.0,0.01607915181404598,-0.02856578594229896,-0.08095523785799133,-0.04134326529620629
-0.03498453944481272,-0.030490734393755853,0.0,-0.011864043510023275,-0.19550548120816177,-0.04278809341632192,0.14731670861221824
-0.017477304070200865,-0.018136421132508067,0.0,0.01607915181404598,-0.02856578594229896,-0.08095523785799133,-0.04083529346907807
-0.018604663385270483,-0.01727279184511604,0.0,-0.2369927271938486,1.0366836807257218,-0.42049748024652084,-0.34584363378472555
-0.017487218807104285,-0.017176929582398283,0.0,0.03748594872486221,-0.0980979834559626,-0.007084931835826452,-0.007768178872108025
-0.01809855736116346,-0.018440416748245713,0.0,0.014106637136615332,-0.04386782161630429,-0.006785680134898022,-0.047181449896963164
3.2329987239495335,2.454386263096434,0.0,0.2124247119949396,0.02806452243609086,-0.27497637327592295,1.2149830641396506
-0.018214327145344548,-0.019270442753988867,0.0,0.01802250939057277,-0.09537175685673938,0.005806746597338567,-0.03531310857216383
-0.016188531869809147,-0.019424739075178152,0.0,0.0007042324871418679,-0.043481914365148054,-0.09056538193635143,0.0032852771550515715
-0.03212610810554655,-0.021693128927125046,0.0,0.0069298163029045175,-0.08900705703426719,-0.08586747045857267,0.05348298155610355
-0.045251644936292926,-0.030490734393755853,0.0,-0.011863881200589732,-0.20144457809872288,-0.06222814838447605,0.18369867495669337
-0.014865437975756174,-0.021629140363011994,0.0,0.006783507010885218,-0.06534504079298302,-0.017188558765737234,-0.03449029128638539
-0.018604663385270483,-0.01727279184511604,0.0,-0.23239648142680716,1.0267474030025816,-0.22127526985957538,-0.39391596224273423
-0.017659216068620514,-0.019101059752770762,0.0,0.004978109961988263,-0.06565566373233024,-0.025884091384739467,-0.03750770063852437
-0.046293906138126006,-0.022095553336571754,0.0,0.009748957034227552,-0.1307054497816728,-0.016788764219303177,0.034320094499564656
-0.018604663385270483,-0.01727279184511604,0.0,-0.23239648142680716,1.0267474030025816,-0.22127526985957538,-0.39391596224273423
-0.05371160529590835,-0.03208692692424164,0.0,0.011222054106314367,-0.25339211324527355,-0.06920123247933224,0.22529248653969303
-0.046323329531165164,-0.03204143749541641,0.0,0.011283505414175067,-0.264105098464563,-0.049981939784217395,0.21579345581185252
-0.03659842252289175,-0.02728011771434746,0.0,0.008685577306336196,-0.09612965190698618,0.006399992310162759,0.05825012218259922
-0.006947234319273789,-0.01257942231984001,0.0,-0.017867642935377223,1.0892677924653227,-0.7395013994634472,-0.4004151492293056
-0.07448577968331888,-0.03287215960853734,0.0,0.011517329105397925,-0.261750808858906,-0.10312934578418817,0.2898585756495418
-0.018157711809724496,-0.017660737057957215,0.0,0.019315635983396078,-0.1760381329045975,0.022665711461771935,0.018095712845388995
-0.026003170868517604,-0.019647991087962904,0.0,0.0073764117480702536,-0.12168286675809342,-0.06903147260172564,0.059664890360999145
-0.018248670479681733,-0.016953900381406848,0.0,0.2378232103532321,-0.5834741942035416,2.4492227967724323,-2.241590571813504
-0.045251644936292926,-0.030490734393755853,0.0,-0.011863881200589732,-0.20144457809872288,-0.06222814838447605,0.18369867495669337
-0.052739278539563283,-0.02363258988714851,0.0,0.007131678807304885,-0.08949382657070054,-0.04308939134806943,0.03530239130086548
-0.01392870314499925,-0.01718139821921873,0.0,0.04522293258792897,-0.11205724640114499,0.03233325980757011,-0.058723192936786496
-0.018604663385270483,-0.01727279184511604,0.0,-0.2369927271938486,1.0366836807257218,-0.42049748024652084,-0.34584363378472555
-0.017602539681659927,-0.019647991087962904,0.0,0.010862069703744356,-0.13401587194960213,-0.03190774565568608,0.02662844431887083
-0.03325219999309041,-0.029043651137521123,0.0,0.01120641819316819,-0.22953347867656704,-0.03021506630737281,0.14636180734895807
-0.01794515989527333,-0.017485316040307276,0.0,0.04802918813636959,-0.1896154768597821,0.04870991956836329,-0.01758362139679052
3.887341397752704,2.8129373046697794,0.0,0.5643187862310907,0.1912961310632666,0.4895321038823362,3.0158648470299587
-0.017627156318749705,-0.017203064360769467,0.0,-0.1935488968508972,0.9485714546865504,-0.2261017916452439,-0.5740021221894277
-0.01571352015118431,-0.018248047894946735,0.0,0.009571948315053718,-0.05699872211327377,-0.06157709936685289,-0.016422930318109215
-0.01766450673330336,-0.018854119856072323,0.0,0.0017045025040426035,-0.07450914456132729,-0.0528269511912184,0.004306138334380616
-0.017666204594300676,-0.018859064112584274,0.0,0.0014565758239449536,-0.07655419312924501,-0.04248733845137324,-0.016007931645437786
-0.009187305278075033,-0.01598343589090149,0.0,0.06527683346891193,-0.06042603821594906,0.0330495224036435,-0.01509540786816708
-0.013177105044107637,-0.0178809720723705,0.0,0.06806237778605377,1.306986114444269,-1.1892828678714304,-0.3539831163595668
-0.028785196506718916,-0.028196190538404067,0.0,-0.004989132721136765,-0.14176870747914636,-0.063597145356469,0.09506633473479771
-0.012116124503775557,-0.011553474753700043,0.0,-0.5010121449333722,1.0249913885777888,-0.38415876526293935,-0.3031941985474447
-0.018408915648604418,-0.020370575234164665,0.0,-0.0018226414860647677,-0.17523306145090833,0.06080452943710137,-0.016155280330317715
-0.018897789261874142,-0.021750360197551267,0.0,0.008370013522659321,-0.06862122944311776,-0.00695395111749309,-0.013996073705154898
-0.017487218807104285,-0.017176929582398283,0.0,0.03748594872486221,-0.0980979834559626,-0.007084931835826452,-0.007768178872108025
-0.010496843261049188,-0.019422682962010232,0.0,0.028498335700448643,0.09026293943755291,-0.19566139811748498,-0.05982988680836128
-0.0744874775443162,-0.032093030154229554,0.0,0.012402409162528534,-0.2648369140444115,-0.0980764769715624,0.283826464302524
-0.029836890725429565,-0.02417348491969955,0.0,-0.08045911683456802,-0.1593914964632907,0.0737028696403517,-0.0005687560156062744
-0.017050305795971627,-0.01911354282969484,0.0,-1.46890783633215e-05,-0.10442751017304557,-0.009950859096840802,-0.02384268765141353
-0.012418398278804447,-0.014436833356587781,0.0,0.11225332687156983,1.1890912842798944,-0.8811433246153253,-0.20437334397348864
-0.018474269007141466,-0.017820900245953564,0.0,-0.08163823187391647,-0.3365299303514402,0.6884739851763253,-0.41685305350908675
-0.018248670479681733,-0.016953900381406848,0.0,0.2378232103532321,-0.5834741942035416,2.4492227967724323,-2.241590571813504
-0.017659216068620514,-0.018891420858617045,0.0,0.008188528920327382,-0.06891415259316537,-0.018995803915877314,-0.037045530949507514
-0.01930105375138229,-0.020615433589835825,0.0,-0.22737329929482825,0.9796994098351376,-0.10777476290991181,-0.5745137111859285
-0.014865437975756174,-0.021629140363011994,0.0,0.006783507010885218,-0.06534504079298302,-0.017188558765737234,-0.03449029128638539
-0.017659216068620514,-0.018891420858617045,0.0,0.008188528920327382,-0.06891415259316537,-0.018995803915877314,-0.037045530949507514
-0.04524994707529561,-0.030503695666795283,0.0,-0.010134508248418894,-0.19336890301132242,-0.07488959483714686,0.18375306806342165
-0.03659842252289175,-0.02728011771434746,0.0,0.008685577306336196,-0.09612965190698618,0.006399992310162759,0.05825012218259922
-0.01729985422151399,-0.01912596385168385,0.0,0.008188528920327382,-0.06891415259316537,-0.02520512817894344,-0.035687796870713925
-0.016078457458585355,-0.01598343589090149,0.0,0.029039978459767253,-0.050989037107208646,-0.04435578816454036,-0.05763621955738334
-0.032147898132020035,-0.021760890197691684,0.0,0.01574431587628759,-0.25645392574129605,0.4483769747151765,-0.23900840222747696
-0.0744874775443162,-0.034445109536484046,0.0,0.011802122950317255,-0.2720443236132289,-0.08461943938639507,0.2860193329977314
-0.018604663385270483,-0.01727279184511604,0.0,-0.23542039997715533,1.0349342058770046,-0.3861765718353024,-0.35504248044568215
-0.015150702142792197,-0.02360101267121902,0.0,-0.06327113637273267,-0.2737170413878634,-0.17413839724355,0.4677667166531655
-0.017330828281724688,-0.017885677848165506,0.0,1.0664464923704322,-0.09728606115312455,-1.0263883450416769,-0.050260574802570845
-0.018897789261874142,-0.021984903190618073,0.0,0.008370013522659321,-0.06960290717013586,-0.0032003597783697257,-0.018388512339791788
-0.05371160529590835,-0.03208692692424164,0.0,0.011609439751887404,-0.2533858060612906,-0.06856220820793602,0.22529248653969303
-0.022839997062789687,-0.02482029515495252,0.0,0.061964897715255485,0.20566751099386815,-0.3338616342914383,0.05454318372724684
-0.01723117881451158,-0.020370575234164665,0.0,0.003111838588599309,-0.16056063877258636,0.04062643751827273,-0.006862451268793847
-0.0173317034684835,-0.019422682962010232,0.0,0.05442851829063868,0.08113505699764145,-0.2029331204199811,-0.013910633763043022
-0.014938150228341029,-0.023684799550472646,0.0,-0.015883817003761826,0.1263866529654108,-0.20404556506492233,-0.004069232941716181
-0.01930105375138229,-0.01727279184511604,0.0,-0.22901500701809566,1.0297348186736763,-0.2155956238910633,-0.390357606725177
-0.0744874775443162,-0.032093030154229554,0.0,0.012402409162528534,-0.2648369140444115,-0.0980764769715624,0.283826464302524
-0.012418398278804447,-0.014436833356587781,0.0,0.11225379803256816,1.1890620950863928,-0.8812346665808217,-0.20437334397348864
-0.02541334090106429,-0.023220423955245754,0.0,-0.08988284398962562,-0.07459433286118326,-0.08323036140692751,0.19645978217549198
-0.01833879656732675,-0.022414321119724568,0.0,0.06532946560947626,0.12455495392375202,-0.23676599493174869,0.13261961174980255
-0.017050305795971627,-0.01911354282969484,0.0,0.00022920768212936223,-0.10101429638239252,-0.01541272527751396,-0.02384268765141353
-0.015150702142792197,-0.02360101267121902,0.0,-0.016986973182677487,0.06394007782719205,-0.20729614564824084,0.03876439172975977
-0.03659842252289175,-0.02728011771434746,0.0,0.005851732124791734,-0.10065040116577233,-0.005319249755313114,0.05919794177918392
-0.018604663385270483,-0.01727279184511604,0.0,-0.23542039997715533,1.0349342058770046,-0.3861765718353024,-0.35504248044568215
-0.01749616121547245,-0.0187760768818267,0.0,1.0323007749578579,-0.1528572725898422,-0.9764407222339115,-0.013852634610326991
-0.0744874775443162,-0.03287826283852525,0.0,0.011408560952022096,-0.2616795376574488,-0.100209791711463,0.28441811247039867
-0.018604663385270483,-0.01727279184511604,0.0,-0.22141465631407403,1.029302431459984,-0.22735905028980977,-0.3616205207277915
-0.05371160529590835,-0.03208692692424164,0.0,0.011517977725655054,-0.25351647417493683,-0.069796885689659,0.22714310554599287
-0.016699947271320754,-0.017826491682828037,0.0,-0.23066286879912568,-0.2734071675302619,1.051631735518359,-0.5857710508163849
-0.031598011789271255,-0.023123646442102217,0.0,0.009187017006391204,-0.11643576417920197,-0.0750235188603366,0.06362040895164052
-0.02215533565309544,-0.022414321119724568,0.0,0.277639642062634,-0.39544997621926603,0.1827266361410997,1.1094094366163347
-0.009284802454846704,-0.017885677848165506,0.0,1.078766020766965,-0.08804234423838474,-1.0388198606037786,-0.03299060325019238
-0.019257151108980665,-0.021984903190618073,0.0,0.010257329932126153,-0.06610314983952231,-0.0025508771056090736,-0.010068076044210138
-0.018474269007141466,-0.017826491682828037,0.0,-0.4809620924104565,-0.47932549471200475,1.7736842185387027,-0.9365890531950741
-0.04997199391438589,-0.015037310344391796,0.0,0.0002382746373288445,-0.07060317990670394,-0.04498160997920718,0.013598727992315162
-0.04524994707529561,-0.03055759261302029,0.0,-0.008716140052688543,-0.19343064514597927,-0.07692303652836682,0.18718688375919382
-0.01729985422151399,-0.01912596385168385,0.0,0.008398063897891613,-0.06900254858217329,-0.02136095539407887,-0.03524104699782336
-0.012060603930782128,-0.016249168537793426,0.0,0.04002282805165042,-0.09245914453715066,0.022856542510525213,-0.05728477168720758
-0.017487218807104285,-0.016940569671239882,0.0,0.03788566090273549,-0.08970936694466616,-0.017197187353668535,-0.016146500458883738
-0.015144286748816104,-0.016953900381406848,0.0,0.297582358499825,-0.5284104898436928,2.190002086592888,-2.074709159292952
-0.04524994707529561,-0.03055759261302029,0.0,-0.008716140052688543,-0.19343064514597927,-0.07692303652836682,0.18718688375919382
-0.020281143655464583,-0.02280923100887733,0.0,0.07053642121317967,0.09250890023913781,-0.18949378302462655,-0.08293944773866305
-0.017627156318749705,-0.017203064360769467,0.0,-0.20230904626044685,0.9438844023919566,-0.23330792139895629,-0.5478383419499598
-0.031826306914369794,-0.020287409901203788,0.0,0.005012613572705939,-0.06742174878599652,-0.08083126115965789,0.030713498723141396
-0.017659216068620514,-0.01912596385168385,0.0,0.008188528920327382,-0.06891415259316537,-0.017644248864724096,-0.03706427768930828
-0.07341409508844662,-0.031342825297315975,0.0,-0.00915390230349105,-0.20012958170185136,-0.11123408693124401,0.2527610397235241
-0.016188531869809147,-0.01944758706092332,0.0,0.0056412023851487025,-0.029345864974418406,-0.09715724712841074,0.0034445734533410954
-0.018604663385270483,-0.01727279184511604,0.0,-0.23239648142680716,1.0267474030025816,-0.22127526985957538,-0.39391596224273423
-0.017487218807104285,-0.017176929582398283,0.0,0.03748594872486221,-0.0980979834559626,-0.007084931835826452,-0.007768178872108025
-0.018315017252511487,-0.022084866174505603,0.0,0.018062170774145046,-0.07697282232268374,-0.08093829177070683,-0.028728875246183266
-0.021948279639857075,-0.02211973621355264,0.0,0.003543152003923821,-0.10646693443752399,0.032359549790018385,-0.030959034185165078
-0.03690175444440027,-0.026538163932095283,0.0,0.0030152598339654043,-0.22208803756885445,-0.039477508271059635,0.15241088251595342
-0.017666204594300676,-0.018859064112584274,0.0,0.0017287870081157386,-0.07617351015147064,-0.04186346814203761,-0.015838006922544504
-0.018604663385270483,-0.01727279184511604,0.0,-0.2369927271938486,1.0366836807257218,-0.42049748024652084,-0.34584363378472555
-0.017404733894971516,-0.0192597817279595,0.0,-0.4053276117155602,-0.44420669408313845,1.5189465445800159,-0.7928279909181121
-0.018604663385270483,-0.01727279184511604,0.0,-0.22141465631407403,1.029302431459984,-0.22735905028980977,-0.3616205207277915
-0.007492936354061703,-0.013166818734153443,0.0,-0.017300720551044892,1.2329985951247806,-0.5522922515260521,-0.2987916922679773
-0.01729985422151399,-0.01912596385168385,0.0,0.008398063897891613,-0.06900254858217329,-0.02136095539407887,-0.03524104699782336
-0.019257151108980665,-0.021984903190618073,0.0,0.010257329932126153,-0.06610314983952231,-0.0025508771056090736,-0.010068076044210138
-0.018897789261874142,-0.021959999091704985,0.0,0.010682466652430622,-0.06829159410813775,0.0034703847066459804,-0.019571285627555994
-0.01723117881451158,-0.020370575234164665,0.0,-0.001021491995598354,-0.24872792908499025,0.10743587219452351,0.11823451587272404
-0.03325219999309041,-0.029043651137521123,0.0,0.01120641819316819,-0.22953347867656704,-0.03021506630737281,0.14636180734895807
-0.010103064241615684,-0.012005285486097446,0.0,0.6240436117495202,1.709043171068525,-0.6629702921796405,0.00043364797202423064
-0.058301155558638046,-0.03834699506216368,0.0,0.011611574698862768,-0.2435801048055681,-0.05973720496048781,0.2165281806916584
-0.018157711809724496,-0.017660737057957215,0.0,0.019315014326979525,-0.17582167204494045,0.022783536826540097,0.018365085175711886
-0.017659216068620514,-0.01912596385168385,0.0,0.008392185000328099,-0.06761245984175014,-0.020524352456840433,-0.037386201942893146
-0.017487218807104285,-0.017176929582398283,0.0,0.03748594872486221,-0.0980979834559626,-0.007084931835826452,-0.007768178872108025
-0.017949417312030678,-0.019087854030192655,0.0,0.0034082964903222593,-0.11396173096689684,-0.0022750957727162248,-0.022149277290060852
-0.017846580654210808,-0.016915665572326793,0.0,0.03741240092683213,-0.06844424095460812,-0.02044616732308169,-0.05511702144029177
-0.07448577968331888,-0.03443702236687492,0.0,0.011418896545645625,-0.2615072347169969,-0.09944799531221427,0.28603104210132274
-0.017679899738498296,-0.018859064112584274,0.0,-0.011477865077013783,-0.08795563433468793,-0.008820365360385418,-0.01533534530017336
-0.017666204594300676,-0.018859064112584274,0.0,0.0014565758239449536,-0.07655419312924501,-0.04248733845137324,-0.016007931645437786
-0.010150305403193999,-0.015485951947267752,0.0,-0.11509587397247946,-0.36597468325010174,1.8718718936378647,-1.5388885069516147
-0.014695403251877999,-0.016515445416713577,0.0,0.5488294622682043,4.952904988502189,-7.115899211312286,2.5183780220667495
-0.017477304070200865,-0.018136421132508067,0.0,0.01607915181404598,-0.02856578594229896,-0.08095523785799133,-0.04134326529620629
-0.006947234319273789,-0.01257942231984001,0.0,-0.017867642935377223,1.0892677924653227,-0.7395013994634472,-0.4004151492293056
-0.019909090919144563,-0.02211973621355264,0.0,0.002670062479744833,-0.10571136904006809,0.014397086333371771,-0.026849395307223693
-0.01794515989527333,-0.01740152916105365,0.0,0.048315508128842874,-0.19024542135624747,0.04359165615147548,-0.02013289574840164
-0.046323329531165164,-0.03204143749541641,0.0,0.011283505414175067,-0.264105098464563,-0.049981939784217395,0.21579345581185252
-0.015635341186398487,-0.016804551636731137,0.0,0.07284037358201509,4.2814311716969105,-2.173843744342377,-2.629322019044623
-0.012429790919111935,-0.014072488899618584,0.0,0.13369093126575016,1.2654030942218542,-1.0253222897610728,-0.11069634743861292
-0.018604663385270483,-0.01727279184511604,0.0,-0.22141465631407403,1.029302431459984,-0.22735905028980977,-0.3616205207277915
-0.014938150228341029,-0.023684799550472646,0.0,-0.01573780369197751,0.12527824796686615,-0.2100684394063312,-0.009106874538426804
-0.034982841583815406,-0.030503695666795283,0.0,-0.008631403178630793,-0.18741795677855458,-0.05741422530184606,0.14850374965285423
-0.017661005566564105,-0.018859064112584274,0.0,0.05146103623641389,-0.1628255892274613,0.646495006039478,-0.664417149723193
-0.014865437975756174,-0.021629140363011994,0.0,0.00616598722970687,-0.06500664565692427,-0.0182294725318866,-0.03450804773600561
-0.01766450673330336,-0.018854119856072323,0.0,0.0015566474075915094,-0.07447827731639321,-0.0528269511912184,0.005893832965383742
-0.020281143655464583,-0.024750393364993455,0.0,0.06874667187913813,0.09169757136039718,-0.18400500588364296,-0.08091917307124041
-0.018604663385270483,-0.017331982716640857,0.0,-0.2370177353607086,1.0369478635826006,-0.4178550231344135,-0.3345208264904905
-0.006947234319273789,-0.01257942231984001,0.0,-0.017867642935377223,1.0892677924653227,-0.7395013994634472,-0.4004151492293056
-0.006947234319273789,-0.01257942231984001,0.0,-0.017867642935377223,1.0892677924653227,-0.7395013994634472,-0.4004151492293056
-0.011485724475474881,-0.013691593668979183,0.0,0.14456868412288298,1.2810037490698192,-0.9783355247475916,-0.1439235739017179
-0.03325219999309041,-0.029043651137521123,0.0,0.011303674424059358,-0.22886085465180134,-0.033946158959391994,0.15108292711069954
-0.03278235610041727,-0.02728011771434746,0.0,0.004624662123893623,-0.09203771212627015,-0.06396176229165042,0.06836889795585618
-0.046293906138126006,-0.02209631932752154,0.0,0.009749817856939446,-0.13069520513973024,-0.016619060052397355,0.034320094499564656
-0.017659216068620514,-0.018891420858617045,0.0,0.008188528920327382,-0.06891415259316537,-0.018995803915877314,-0.037045530949507514
-0.01930105375138229,-0.020615433589835825,0.0,-0.22878366272772,0.9933639866373302,-0.09450191654355933,-0.5542115456035683
-0.012098187990096815,-0.013803497310613892,0.0,0.14458874174866423,1.2863681391445991,-0.9593076893910725,-0.11728534189716817
-0.04632163167016785,-0.032035334265428504,0.0,0.01099869379561237,-0.25381253186523706,-0.0683654641537749,0.22124562809458706
-0.07341409508844662,-0.032909671995274774,0.0,-0.00915392007713441,-0.20013052985684837,-0.11110770490300835,0.2543739693544482
-0.018604663385270483,-0.01727279184511604,0.0,-0.2317425014549435,1.0361383961426678,-0.24298768577150598,-0.3832553454291774
-0.01729985422151399,-0.01912596385168385,0.0,0.011911810981674991,-0.0831178884483252,0.007439916317288005,-0.012974025494276639
-0.016547630430824505,-0.0192597817279595,0.0,-0.3872572559733158,-0.44515668601098796,1.4946027151699475,-0.7871811186154272
-0.012196817263414407,-0.011830819221587895,0.0,-0.5881376087835839,1.0512648879129391,-0.31323064728232075,-0.30943422750040545
-0.018897789261874142,-0.021959999091704985,0.0,0.010059911698858585,-0.06816260985603936,0.0027078850080186788,-0.018455235628976843
-0.009150106944923896,-0.013203183579701868,0.0,0.1128516627437196,1.1149817211511202,-1.0406988254245784,-0.3203774107617633
-0.017487218807104285,-0.017176929582398283,0.0,0.03774898703894755,-0.0967829490797156,-0.008491344058942578,-0.00705293898599196
-0.012060603930782128,-0.016249168537793426,0.0,0.04002347834186599,-0.09428758827371718,0.02666183862975504,-0.05857784415878325
-0.01723117881451158,-0.021369932466108424,0.0,-0.0019502051822370562,-0.07615303939265124,-0.03200311992221853,-0.03756948009952663
-0.010498116454214789,-0.019163475065106662,0.0,0.03875445369328088,0.08707274134095659,-0.2191426387843018,-0.06027227729889909
-0.017477304070200865,-0.018346060026661785,0.0,0.025403695858320127,-0.034080308322518675,-0.06788601011662435,-0.05081834274053956
-0.032180515398218174,-0.027715703863876322,0.0,-0.011843707143109481,-0.1660354610069306,-0.047341474931410304,0.12049039674892874
-0.022131083674985962,-0.022084866174505603,0.0,0.02048687969113893,-0.07641326163291777,-0.023250973739011527,-0.031117175771090577
-0.017212394236886995,-0.017874162489059243,0.0,0.028559614276020624,-0.025680555940722938,-0.058626283619119,-0.061696568345371676
-0.006947234319273789,-0.01257942231984001,0.0,-0.017867642935377223,1.0892677924653227,-0.7395013994634472,-0.4004151492293056
-0.00929142248536991,-0.019422682962010232,0.0,-0.01596440684441295,-0.037317038066737765,-0.02891230732651511,-0.07149241504303509
-0.032016841346635246,-0.021889093831145075,0.0,0.008303617205816507,-0.013678178771344508,-0.09441061951017535,0.07443868032832136
-0.007306596166380315,-0.012344879326773205,0.0,-0.03533917270226013,1.0759753061276138,-0.7728476168947749,-0.38300266817783235
-0.03365425725120314,-0.030490734393755853,0.0,-0.01185534455498919,-0.16604735520445704,-0.045097198745868344,0.1189632581332179
-0.04524994707529561,-0.030503695666795283,0.0,-0.008187509267099158,-0.19336895425018993,-0.07666218729372529,0.18488571599732936
-0.017679899738498296,-0.018859064112584274,0.0,-0.011477865077013783,-0.08795563433468793,-0.008820365360385418,-0.01533534530017336
-0.01723117881451158,-0.021369932466108424,0.0,-0.0019502051822370562,-0.07615303939265124,-0.03200311992221853,-0.03756948009952663
-0.032180515398218174,-0.02749294803586055,0.0,-0.011843712190705437,-0.16620033428596118,-0.04619236755965058,0.11898814625554051
-0.034601670893932075,-0.026050868737305725,0.0,0.018856704361583078,-0.12020388393745962,-0.061629043985293036,0.07709751976772308
-0.045251644936292926,-0.030490734393755853,0.0,-0.011863881200589732,-0.20144457809872288,-0.06222814838447605,0.18369867495669337
-0.018321952166645217,-0.0192597817279595,0.0,-0.49051234502093205,-0.5148815610451778,1.7149628301759852,-0.8631699773637806
-0.037635540114778245,-0.026050868737305725,0.0,0.02923636076478984,-0.08459856280208684,-0.12241884579808236,0.2408847631748921
-0.017487218807104285,-0.016940569671239882,0.0,0.037823677355868064,-0.09433198738410589,-0.011060244710535277,-0.008477246716402093
-0.017602539681659927,-0.019647991087962904,0.0,0.010839848902678426,-0.13257968396138153,-0.037823266992211155,0.028945134495138688
-0.017602539681659927,-0.019647991087962904,0.0,0.010214022915533558,-0.13173179702577265,-0.04054852234906246,0.029626788186252872
-0.03212610810554655,-0.021693128927125046,0.0,0.004982817321584792,-0.08900700579539968,-0.08409487800199425,0.05235033362219578
-0.016322430423833197,-0.018616969916103718,0.0,0.019214424894855826,-0.025805846457713544,-0.09119155550237097,-0.032472095374386556
-0.01729985422151399,-0.018891420858617045,0.0,0.008188528920327382,-0.06891415259316537,-0.026556683230096623,-0.03566905013091316
-0.017666204594300676,-0.018859064112584274,0.0,-0.003445793415785334,-0.07104552663877706,-0.05197417003036659,0.0003400713665379458
-0.017487218807104285,-0.016940569671239882,0.0,0.03788566090273549,-0.08970936694466616,-0.017197187353668535,-0.016146500458883738
-0.02985857896258847,-0.029731628079613347,0.0,0.015129598932278315,-0.20330676285366947,-0.05276494311296271,0.1267234074816721
-0.017602539681659927,-0.019647991087962904,0.0,0.01408931268831006,-0.14328908659400344,-0.03308648960183584,0.0298471325647777
-0.058301155558638046,-0.03834699506216368,0.0,0.011820349146792855,-0.2435738488604526,-0.06299638332463268,0.22192903168210912
-0.006947234319273789,-0.01257942231984001,0.0,-0.017867642935377223,1.0892677924653227,-0.7395013994634472,-0.4004151492293056
-0.017477304070200865,-0.018136421132508067,0.0,0.01607915181404598,-0.02856578594229896,-0.08095523785799133,-0.04134326529620629
-0.009354944855540441,-0.019163475065106662,0.0,-0.027697413896035743,-0.05319129120796751,-0.0106360878841287,-0.07003568324633146
-0.030695628694052218,-0.021779825174646546,0.0,0.2293411927361028,0.1251460209556219,-1.930560278923415,2.1567035874863554
-0.017487218807104285,-0.017176929582398283,0.0,0.03774898703894755,-0.0967829490797156,-0.008491344058942578,-0.00705293898599196
-0.017846580654210808,-0.016915665572326793,0.0,0.03741240092683213,-0.06844424095460812,-0.02044616732308169,-0.05511702144029177
-0.017659216068620514,-0.018891420858617045,0.0,0.008188528920327382,-0.06891415259316537,-0.018995803915877314,-0.037045530949507514
-0.017666204594300676,-0.018859064112584274,0.0,0.0014565758239449536,-0.07655419312924501,-0.04248733845137324,-0.016007931645437786
-0.03325219999309041,-0.02486735482874048,0.0,-0.0001111324130095537,-0.17849332585658623,-0.04392712670896975,0.11174537670618882
-0.03325219999309041,-0.025944294400027143,0.0,0.009611792504962116,-0.23190934266965785,-0.03021506630737281,0.14628950568966045
-0.017477304070200865,-0.018136421132508067,0.0,0.015208607679487372,-0.03421229820838962,-0.07010994061690998,-0.0422853217083203
-0.018604663385270483,-0.01727279184511604,0.0,-0.22141465631407403,1.029302431459984,-0.22735905028980977,-0.3616205207277915
-0.07341409508844662,-0.03055759261302029,0.0,-0.009153253683233921,-0.20012958170185136,-0.11123408693124401,0.2521671204493615
-0.032180515398218174,-0.024180089647802546,0.0,-0.0015809478079529453,-0.15832169097924761,-0.05763701966319715,0.09993585135106421
-0.007306596166380315,-0.012344879326773205,0.0,-0.03533917270226013,1.0759753061276138,-0.7728476168947749,-0.38300266817783235
-0.006947234319273789,-0.01257942231984001,0.0,-0.017867642935377223,1.0892677924653227,-0.7395013994634472,-0.4004151492293056
-0.017050305795971627,-0.01911354282969484,0.0,-1.46890783633215e-05,-0.10442751017304557,-0.009950859096840802,-0.02384268765141353
-0.01596306857672667,-0.018370964125574873,0.0,0.01984753929669711,-0.026603429881998066,-0.08767896467634433,-0.03414222288387192
-0.016322430423833197,-0.018346060026661785,0.0,0.030042627475529854,-0.026471439996127097,-0.07924570991299257,-0.04352500616775659
-0.010955428473700487,-0.016915665572326793,0.0,0.07795022899700314,-0.07190699272573968,0.059245428001917455,-0.004447217153120186
-0.01729985422151399,-0.01912596385168385,0.0,0.008188528920327382,-0.06891415259316537,-0.02520512817894344,-0.035687796870713925
-0.01729985422151399,-0.01912596385168385,0.0,0.008188528920327382,-0.06891415259316537,-0.02520512817894344,-0.035687796870713925
-0.04632163167016785,-0.03208692692424164,0.0,0.011222125774267093,-0.2543896114369518,-0.06931162600991164,0.22429885862069562
-0.024086201977950347,-0.02393050699093047,0.0,0.07638124816642117,0.08561613862974947,-0.18333404757379862,-0.06125516805637825
-0.017487218807104285,-0.016940569671239882,0.0,0.03788566090273549,-0.08970936694466616,-0.017197187353668535,-0.016146500458883738
-0.036176526084891664,-0.02550680102729255,0.0,0.005288100090635006,-0.11559177874359751,-0.10213474074190271,0.04107119680083164
-0.029690414642366995,-0.014340625605356367,0.0,0.00917006903087512,-0.14463967402535963,-0.06570929178977136,0.0729095929793403
-0.017666204594300676,-0.018859064112584274,0.0,0.0017287870081157386,-0.07617351015147064,-0.04186346814203761,-0.015838006922544504
-0.015144286748816104,-0.016953900381406848,0.0,0.297582358499825,-0.5284104898436928,2.190002086592888,-2.074709159292952
-0.017659216068620514,-0.018891420858617045,0.0,0.008188528920327382,-0.06891415259316537,-0.018995803915877314,-0.037045530949507514
-0.022839997062789687,-0.024879486026477337,0.0,0.06220745020412691,0.19477186900819196,-0.3370109571855864,0.05159943849615484
-0.01930105375138229,-0.020615433589835825,0.0,-0.22878366272772,0.9933639866373302,-0.09450191654355933,-0.5542115456035683
-0.010333997699137945,-0.016067081158636646,0.0,0.03410223240884253,-0.09022258072503894,0.02767543927482151,-0.07313244742168343
-0.03325219999309041,-0.029043651137521123,0.0,0.01120641819316819,-0.22953347867656704,-0.03021506630737281,0.14636180734895807
-0.030974454193655663,-0.02204986571814493,0.0,-0.00016669842217415724,-0.1192958941952664,-0.1506503001185805,0.13209801400405244
-0.018604663385270483,-0.017203064360769467,0.0,-0.2268955591716156,0.9787356134660833,-0.12567173447971575,-0.5851474554615541
-0.022839997062789687,-0.02482029515495252,0.0,0.061964897715255485,0.20566751099386815,-0.3338616342914383,0.05454318372724684
-0.01930105375138229,-0.020615433589835825,0.0,-0.23007076491330156,0.992730834385151,-0.09033804017243052,-0.5155281069361813
-0.01729985422151399,-0.01912596385168385,0.0,0.008188528920327382,-0.06891415259316537,-0.02520512817894344,-0.035687796870713925
-0.018604663385270483,-0.01727279184511604,0.0,-0.23239648142680716,1.0267474030025816,-0.22127526985957538,-0.39391596224273423
-0.017666204594300676,-0.018859064112584274,0.0,-0.0015753111357356888,-0.08162737860387025,-0.037848498891805846,0.004706791924747678
-0.011485724475474881,-0.013691593668979183,0.0,0.13618112129897994,1.2619302278118816,-0.9867494631161348,-0.21078216977809777
-0.007713490657375906,-0.01188013850616312,0.0,0.17053190569701018,1.1340124294996459,-1.0389705472172577,-0.3521239333017493
-0.018897789261874142,-0.02227782368365185,0.0,0.019532237549626297,-0.050953652952799994,0.13675443808471413,0.01611385751847367
-0.017487218807104285,-0.017176929582398283,0.0,0.03753945206138332,-0.09669455309070767,-0.012335516843807147,-0.007499688858882536
-0.02037180872868916,-0.020274448628164358,0.0,0.005454404201582504,-0.07908285918543265,-0.054955592844210074,-0.00034923573610387906
-0.026512483245636435,-0.02160360369545217,0.0,0.007498249141373331,-0.12464608018243543,-0.0708911850219494,0.06416813732292344
-0.017627156318749705,-0.017203064360769467,0.0,-0.1935488968508972,0.9485714546865504,-0.2261017916452439,-0.5740021221894277
-0.01930105375138229,-0.020615433589835825,0.0,-0.22737329929482825,0.9796994098351376,-0.10777476290991181,-0.5745137111859285
-0.017659216068620514,-0.018891420858617045,0.0,0.008188528920327382,-0.06891415259316537,-0.018995803915877314,-0.037045530949507514
-0.01863452535161186,-0.021981385453583305,0.0,-0.00294391869982045,-0.09259921491661184,-0.012850132665409922,-0.014389837404367943
-0.013551254812450966,-0.05091890518179782,0.0,0.8552464883314509,2.7414095400198852,-1.3034731716502217,1.3119336458516726
-0.03212610810554655,-0.021693128927125046,0.0,0.004982817321584792,-0.08900700579539968,-0.08409487800199425,0.05235033362219578
-0.0173317034684835,-0.019422682962010232,0.0,0.0488987293694168,0.08901164679063762,-0.21731888890921539,-0.05853113390044235
-0.014938150228341029,-0.023684799550472646,0.0,-0.01573780369197751,0.12527824796686615,-0.2100684394063312,-0.009106874538426804
-0.02039696676126833,-0.029879901869140704,0.0,0.0016782232691996463,0.2689210798919177,-0.8070222601172078,0.06906719161690932
-0.006947234319273789,-0.01257942231984001,0.0,-0.017867642935377223,1.0892677924653227,-0.7395013994634472,-0.4004151492293056
-0.036087773917436096,-0.02728011771434746,0.0,0.007831147288154948,-0.09966770075028598,0.0029627408153090127,0.043345720565226446
-0.04632163167016785,-0.03208692692424164,0.0,0.011609511419840126,-0.25438330425296884,-0.06867260173851542,0.22429885862069562
-0.012418398278804447,-0.014436833356587781,0.0,0.12038702866536558,1.2229062709390888,-0.9409633852226025,-0.1435139064552712
-0.05083507711465367,-0.03076379827457662,0.0,0.015197811444832364,-0.1444241593484907,-0.012989998008988682,0.053835185904396704
-0.024086201977950347,-0.02393050699093047,0.0,0.07638124816642117,0.08561613862974947,-0.18333404757379862,-0.06125516805637825
-0.012418398278804447,-0.014436833356587781,0.0,0.10520098327806161,1.178024316931756,-0.8907306678841231,-0.3280978231658389
-0.01930105375138229,-0.020685161074182397,0.0,-0.23176951958705866,1.0279082006482714,-0.19716537235742204,-0.37938419459747513
-0.017050305795971627,-0.01911354282969484,0.0,-1.46890783633215e-05,-0.10442751017304557,-0.009950859096840802,-0.02384268765141353
-0.010696883407149041,-0.016017643982210294,0.0,0.8951533390764634,2.1082446295079817,0.004994659903636807,0.06518929463397775
-0.017487218807104285,-0.016940569671239882,0.0,0.038033212333432306,-0.09442038337311383,-0.007216071925670711,-0.008030496843511523
-0.0308995042385093,-0.021760890197691684,0.0,0.01401203637341212,-0.31966798207616887,0.3197769908908535,-0.0790744619830417
-0.026512483245636435,-0.019686251999232303,0.0,0.0073283595476448795,-0.12208526462409461,-0.07461968349058466,0.06604607462402429
-0.04524994707529561,-0.030503695666795283,0.0,-0.008187509267099158,-0.19336895425018993,-0.07666218729372529,0.18488571599732936
-0.021014491494396676,-0.01995510985517337,0.0,0.014474869372270327,-0.14399363652381855,0.02257298018232874,0.062411294757797574
-0.018214327145344548,-0.019106403194517348,0.0,0.016072276720990288,-0.10120641066884907,-0.000896972958738207,-0.03553542382548094
-0.017117942223094342,-0.018370964125574873,0.0,0.014618801300973976,-0.03585237557142759,-0.07015345310832541,-0.04517405724704899
-0.01930105375138229,-0.020685161074182397,0.0,-0.23176951958705866,1.0279082006482714,-0.19716537235742204,-0.37938419459747513
-0.018197474103260978,-0.019251893589664174,0.0,0.003445320792999423,-0.1151888642042383,0.014469359407770648,-0.026759932758698944
-0.020281143655464583,-0.02280923100887733,0.0,0.07053642121317967,0.09250890023913781,-0.18949378302462655,-0.08293944773866305
-0.01930105375138229,-0.020685161074182397,0.0,-0.23176951958705866,1.0279082006482714,-0.19716537235742204,-0.37938419459747513
-0.017627156318749705,-0.017203064360769467,0.0,-0.1935488968508972,0.9485714546865504,-0.2261017916452439,-0.5740021221894277
-0.007306596166380315,-0.012344879326773205,0.0,-0.03533917270226013,1.0759753061276138,-0.7728476168947749,-0.38300266817783235
-0.018604663385270483,-0.017203064360769467,0.0,-0.22560409395051542,0.9829141203468631,-0.18656710421160788,-0.5866043150906736
-0.01930105375138229,-0.020615433589835825,0.0,-0.23007076491330156,0.992730834385151,-0.09033804017243052,-0.5155281069361813
3.8993664275581543,3.0304674016247226,0.0,0.3633836329637603,0.44472457542333926,1.8618508220590626,2.2977923421694104
-0.02046046065654466,-0.019647991087962904,0.0,0.01012412421826627,-0.13907061846772015,-0.026353962627314178,0.028384920251154806
-0.046323329531165164,-0.03204143749541641,0.0,0.011283505414175067,-0.264105098464563,-0.049981939784217395,0.21579345581185252
-0.01818375861854106,-0.019270442753988867,0.0,0.01615189711334567,-0.10323311344415058,0.01584748222174867,-0.04196367527018473
-0.02375580801805397,-0.02122357436896206,0.0,0.043831549760805014,-0.08570301223124321,-0.03626510113364571,-0.062017424203772493
-0.05263992070103611,-0.03055759261302029,0.0,-0.008716211720641267,-0.19243314695430097,-0.07681264299778742,0.18818051167819125
-0.020370110867691842,-0.020287409901203788,0.0,0.008531156316762281,-0.07821369675072005,-0.05605897619652765,0.0008238250946529416
-0.03132461992241233,-0.02065984485410334,0.0,0.02777631037435108,-0.0833466906993218,-0.20019050299761884,0.0736441849407728
-0.017050305795971627,-0.01911354282969484,0.0,0.00022920768212936223,-0.09757625683657453,-0.019639602517944436,-0.02384268765141353
-0.014318258620069578,-0.023614167558161942,0.0,-0.014386966333461192,-0.05605008476553929,-0.1348532494855128,0.062294352660741875
-0.01596306857672667,-0.018370964125574873,0.0,0.019257732918183713,-0.02726182951801794,-0.08391518919266375,-0.034015000606558106
-0.009150106944923896,-0.013203183579701868,0.0,0.13506766967910422,1.200544452746416,-1.2984269168756002,-0.20425806475278782
-0.018228042630064466,-0.019087854030192655,0.0,0.0033657004006440337,-0.11316216142893679,-0.0022750957727162248,-0.02033168131399514
-0.016078457458585355,-0.01598343589090149,0.0,0.029039978459767253,-0.050989037107208646,-0.04435578816454036,-0.05763621955738334
-0.010090593644709241,-0.019163475065106662,0.0,0.04178992814554392,0.0851718127087965,-0.21507781026027203,-0.06557304820785095
-0.03325219999309041,-0.029043651137521123,0.0,0.010543335915181038,-0.22875369474230056,-0.03172619929613041,0.14851951974867025
-0.01782458142834593,-0.025375097544386608,0.0,0.0072667630441828855,-0.14934688830710519,0.072425699298767,-0.05253607411130578
-0.007306596166380315,-0.012344879326773205,0.0,-0.03533917270226013,1.0759753061276138,-0.7728476168947749,-0.38300266817783235
-0.0744874775443162,-0.032093030154229554,0.0,0.011409209572279226,-0.2616795376574488,-0.100209791711463,0.2838241931962361
-0.017949417312030678,-0.019251893589664174,0.0,0.0034082964903222593,-0.11396173096689684,0.009065319488222505,-0.027194461348083315
-0.010021415210069617,-0.016249168537793426,0.0,0.04002227338766206,-0.09245914453715066,0.008025818798879548,-0.05728477168720758
-0.01766450673330336,-0.018854119856072323,0.0,-0.0003903515737282231,-0.0744782260775257,-0.05105435873463998,0.004761185031475976
-0.018604663385270483,-0.017331982716640857,0.0,-0.2370177353607086,1.0369478635826006,-0.4178550231344135,-0.3345208264904905
-0.01863452535161186,-0.021981385453583305,0.0,-0.0001683878564524843,-0.08685542079028791,-0.013198033276364408,-0.023049655277733234
-0.00929142248536991,-0.019422682962010232,0.0,0.0011200707021544343,-0.03169476666286573,-0.05218511506902665,-0.06615023542587249
-0.017487218807104285,-0.017176929582398283,0.0,0.03748594872486221,-0.0980979834559626,-0.007084931835826452,-0.007768178872108025
-0.014865437975756174,-0.021629140363011994,0.0,0.00616598722970687,-0.06500664565692427,-0.0182294725318866,-0.03450804773600561
-0.017659216068620514,-0.018891420858617045,0.0,0.008188528920327382,-0.06891415259316537,-0.018995803915877314,-0.037045530949507514
-0.019257151108980665,-0.021962055204872905,0.0,0.00284808742676206,-0.08636704532223796,-0.01153502171960784,-0.01697544837775562
-0.01760084182066261,-0.01964188785797499,0.0,0.010075762307306217,-0.13178861442602285,-0.043977606576614384,0.03231293831009087
-0.018604663385270483,-0.01727279184511604,0.0,-0.2369927271938486,1.0366836807257218,-0.42049748024652084,-0.34584363378472555
-0.01930105375138229,-0.020615433589835825,0.0,-0.23007076491330156,0.992730834385151,-0.09033804017243052,-0.5155281069361813
-0.018157711809724496,-0.017660737057957215,0.0,0.019315014326979525,-0.17582167204494045,0.022783536826540097,0.018365085175711886
-0.017337704564467694,-0.0254295642719668,0.0,0.007345775193617501,-0.1543800573550984,0.07315965381064526,-0.05091765140701363
-0.010955428473700487,-0.016915665572326793,0.0,0.07838827849701101,-0.06774300004330246,0.06459445338434093,0.0017118199323364188
-0.07341409508844662,-0.03132177685466741,0.0,-0.010645017679050642,-0.20122324621226978,-0.10932345770277967,0.2515887796009238
-0.017117942223094342,-0.018370964125574873,0.0,0.014618801300973976,-0.03585237557142759,-0.07015345310832541,-0.04517405724704899
-0.07341409508844662,-0.03288862355262621,0.0,-0.010645035452694001,-0.2012241943672668,-0.10919707567454401,0.2532017092318479
-0.012196817263414407,-0.011830819221587895,0.0,-0.31437230650869347,1.0392086976141852,-0.44274423235270816,-0.31293315787808146
-0.07448577968331888,-0.03208692692424164,0.0,0.01190536337122809,-0.26174450167492297,-0.10249032151279194,0.28926465637537924
-0.018604663385270483,-0.017331982716640857,0.0,-0.2370177353607086,1.0369478635826006,-0.4178550231344135,-0.3345208264904905
-0.03325219999309041,-0.029043651137521123,0.0,0.011142955733491835,-0.2215472333284802,-0.045056854853062066,0.1485334999585495
-0.032016841346635246,-0.021889093831145075,0.0,0.006823069663034192,-0.013578323711263947,-0.12431532409975077,0.06212047890801904
-0.016188531869809147,-0.019422682962010232,0.0,0.0006494295428640806,-0.036436153098698146,-0.05246687602372717,-0.05796630391281034
-0.0340960325368084,-0.022715520128551325,0.0,0.00914064226967268,-0.17742457493905592,-0.05541596174904171,0.10782694220844322
-0.012418398278804447,-0.014436833356587781,0.0,0.12023164529261274,1.2229623054126042,-0.9351365350828411,-0.16068860507958302
-0.017487218807104285,-0.017176929582398283,0.0,0.03748594872486221,-0.0980979834559626,-0.007084931835826452,-0.007768178872108025
-0.032016841346635246,-0.021889093831145075,0.0,0.006823069663034192,-0.013578323711263947,-0.12431532409975077,0.06212047890801904
-0.03325219999309041,-0.029043651137521123,0.0,0.011303674424059358,-0.22886085465180134,-0.033946158959391994,0.15108292711069954
-0.019159116592973806,-0.022325422067029716,0.0,0.011110917577017333,-0.1577511451170275,-0.011326065085082047,0.031134960368249594
-0.03451169511652668,-0.021779825174646546,0.0,0.22948436830827837,0.2082944106420969,-1.8542025004560834,2.1701673387478904
-0.018474269007141466,-0.017826491682828037,0.0,-0.5488085268966758,-0.46498188053716477,1.8518125410173452,-0.9756773499672055
-0.017633430126279513,-0.021369932466108424,0.0,0.01924868816147164,-0.13115411293107537,-0.015432172176804879,-0.005104494959578651
-0.016385370713753376,-0.01673352780558294,0.0,0.036316681467047605,-0.1027898393433666,-0.031356934633858746,-0.06861850808978298
-0.017050305795971627,-0.019087854030192655,0.0,-0.001184925332219994,-0.10667502917275805,-0.006796796107733356,-0.023930120733294778
-0.04997369177538321,-0.015024349071352368,0.0,-0.0028384774778509327,-0.07147234234141653,-0.043878226626889574,0.012425667161558353
-0.018897789261874142,-0.021984903190618073,0.0,0.008370013522659321,-0.06862122944311776,-0.005602396066339853,-0.014522792272083897
-0.04524994707529561,-0.03055759261302029,0.0,-0.010663139034008277,-0.19343059390711176,-0.07515044407178836,0.1860542358252861
-0.0198122621857047,-0.02195569665408112,0.0,0.0037492638794561577,-0.1005928397384226,-0.002936315579773756,-0.020715254808848525
-0.01729985422151399,-0.019371969642212696,0.0,0.012754538431160251,-0.07855608519132708,-0.011957865516691209,-0.021891552023201314
-0.03659842252289175,-0.02728011771434746,0.0,0.005565995131796304,-0.09631174609247099,-0.00635395991303003,0.06308267312867956
-0.022839997062789687,-0.02482029515495252,0.0,0.09578315700003451,0.22580982029357594,-0.1342683933233636,0.14347090375918073
-0.01729985422151399,-0.01912596385168385,0.0,0.008398063897891613,-0.06900254858217329,-0.02136095539407887,-0.03524104699782336
-0.032180515398218174,-0.02749294803586055,0.0,-0.011244092372394647,-0.1589938728721409,-0.05952302311658232,0.11900212646541973
-0.017223954896842003,-0.01727990509884384,0.0,0.0513882157097686,-0.11731450132802507,0.00029674398855935257,-0.02011289834370386
-0.017633430126279513,-0.021369932466108424,0.0,0.01924868816147164,-0.13115411293107537,-0.015432172176804879,-0.005104494959578651
-0.007530365132740077,-0.013166818734153443,0.0,-0.04580883551614473,1.16805948936925,-0.5965705006893149,-0.36171717426483246
-0.03325219999309041,-0.029043651137521123,0.0,0.011903294242370141,-0.22165439323798097,-0.04727681451632366,0.1510969073205788
-0.032180515398218174,-0.02749294803586055,0.0,-0.010654998628622115,-0.16742863170045874,-0.04629995767528406,0.11837379096447286
-0.016322430423833197,-0.018136421132508067,0.0,0.02071808343125571,-0.02095691761590743,-0.09231493765435954,-0.0340499287234233
-0.018604663385270483,-0.01727279184511604,0.0,-0.2369927271938486,1.0366836807257218,-0.42049748024652084,-0.34584363378472555
-0.03325219999309041,-0.029043651137521123,0.0,0.011806038011478974,-0.22232701726274667,-0.043545721864304436,0.14637578755883732
-0.017133303630865848,-0.018106182378468623,0.0,0.030164081502279793,-0.03833258137957087,-0.050339618640942385,-0.08063516298597713
-0.017602539681659927,-0.019647991087962904,0.0,0.014505457920699258,-0.14572833987105605,-0.033022003494611485,0.02981896765218296
-0.017477304070200865,-0.018136421132508067,0.0,0.015725453951898734,-0.031399479014840255,-0.07179314476397852,-0.04553250006088105
-0.012060603930782128,-0.016249168537793426,0.0,0.039860756411430914,-0.09434594799577618,0.02738298065693382,-0.05739110816166272
-0.01729985422151399,-0.01912596385168385,0.0,0.008188528920327382,-0.06891415259316537,-0.02520512817894344,-0.035687796870713925
-0.017627156318749705,-0.017203064360769467,0.0,-0.20230904626044685,0.9438844023919566,-0.23330792139895629,-0.5478383419499598
-0.017050305795971627,-0.01911354282969484,0.0,0.00022920768212936223,-0.10101429638239252,-0.01541272527751396,-0.02384268765141353
-0.017487218807104285,-0.016940569671239882,0.0,0.03809519588029973,-0.0897977629336741,-0.01335301456880397,-0.015699750585993176
-0.02215533565309544,-0.022414321119724568,0.0,-0.09735895305493823,0.27426908922383025,-0.7962047049459429,0.4474984639392642
-0.01154994315907416,-0.013707562172465198,0.0,0.14458094611908584,1.2851776920606808,-0.9559972802974076,-0.125706521197899
-0.018604663385270483,-0.01727279184511604,0.0,-0.2317425014549435,1.0361383961426678,-0.24298768577150598,-0.3832553454291774
-0.014865437975756174,-0.021957077385706774,0.0,0.00977893684190556,-0.0634735011579737,0.03232050147368698,-0.083435533659677
-0.0198122621857047,-0.02211973621355264,0.0,0.0037492638794561577,-0.1005928397384226,0.0014206338938784532,-0.02576043886687096
-0.03659842252289175,-0.02728011771434746,0.0,0.005565995131796304,-0.09631174609247099,-0.00635395991303003,0.06308267312867956
-0.032180515398218174,-0.02749294803586055,0.0,-0.010055378810311322,-0.1602221702866384,-0.05963061323221579,0.11838777117435208
-0.017050305795971627,-0.019087854030192655,0.0,-0.001184925332219994,-0.10667502917275805,-0.006796796107733356,-0.023930120733294778
-0.026001473007520287,-0.01964188785797499,0.0,0.007485179901446085,-0.13560495588545265,-0.04284264833229609,0.053019839880834245
-0.07448577968331888,-0.034439006306496135,0.0,0.011517311331754565,-0.261751757013903,-0.10300296375595251,0.2914715052804659
2.3413424770310534,2.0503902017337143,0.0,0.14732680107180088,0.018421911061163913,0.13031312135951567,0.0648097851382387
-0.017074228260190952,-0.01835140346840837,0.0,0.02590510112123251,-0.054470821569384986,-0.044774135598343354,-0.032500169519448154
-0.006947234319273789,-0.01257942231984001,0.0,-0.017867642935377223,1.0892677924653227,-0.7395013994634472,-0.4004151492293056
-0.046323329531165164,-0.032093030154229554,0.0,0.01150693739282978,-0.26468217803627775,-0.05092810164035414,0.2188466863379611
-0.01646333319074128,-0.01585254130442705,0.0,0.03053094316904202,0.016206784889965246,-0.14095727983123682,0.059559482442951305
-0.017666204594300676,-0.018859064112584274,0.0,0.0017287870081157386,-0.07617351015147064,-0.04186346814203761,-0.015838006922544504
-0.014865437975756174,-0.021957077385706774,0.0,0.00977893684190556,-0.0634735011579737,0.03232050147368698,-0.083435533659677
-0.032180515398218174,-0.024180089647802546,0.0,-0.0015809478079529453,-0.15832169097924761,-0.05763701966319715,0.09993585135106421
-0.018604663385270483,-0.01727279184511604,0.0,-0.23239648142680716,1.0267474030025816,-0.22127526985957538,-0.39391596224273423
-0.012060603930782128,-0.016249168537793426,0.0,0.04002282805165042,-0.09245914453715066,0.022856542510525213,-0.05728477168720758
-0.017443730728962745,-0.021369932466108424,0.0,-0.0002022433991733032,-0.13655569268277112,-0.006737198292821337,0.022094979715538324
-0.03325219999309041,-0.02486735482874048,0.0,0.0008820671772397583,-0.18165070224354884,-0.04179381196906914,0.11085664282965436
-0.03325219999309041,-0.029043651137521123,0.0,0.011903294242370141,-0.22826184084290463,-0.04134391755641919,0.15108292711069954
-0.07448577968331888,-0.03287215960853734,0.0,0.011904714750970961,-0.26174450167492297,-0.10249032151279194,0.2898585756495418
-0.021923552035278706,-0.02297039874287133,0.0,0.008311405297420561,-0.12152588768507867,-0.06607171775621956,0.04978133703348272
-0.017477304070200865,-0.018370964125574873,0.0,0.014202180871207266,-0.030202602618174004,-0.06901931056782201,-0.04161067209294237
-0.022839997062789687,-0.02482029515495252,0.0,0.061964897715255485,0.20566751099386815,-0.3338616342914383,0.05454318372724684
-0.018498520464374706,-0.017418255858813174,0.0,0.04193687111872844,-0.1382754304099278,0.01795138645789728,-0.02744931876480026
-0.026512483245636435,-0.019686251999232303,0.0,0.0073283595476448795,-0.12208526462409461,-0.07461968349058466,0.06604607462402429
-0.017602539681659927,-0.019647991087962904,0.0,0.011389609331226496,-0.12788273587750024,-0.039507881851403234,0.027087586857274384
-0.018897789261874142,-0.022221263101776474,0.0,0.0046280085257948385,-0.07288854060124796,-0.0062568994532535204,-0.007146426573214696
-0.0173317034684835,-0.019422682962010232,0.0,0.05442851829063868,0.08113505699764145,-0.2029331204199811,-0.013910633763043022
-0.04997369177538321,-0.015024349071352368,0.0,-0.0034380972961617195,-0.07867880375523688,-0.030547571069957927,0.012411686951679103
-0.018604663385270483,-0.01727279184511604,0.0,-0.2369927271938486,1.0366836807257218,-0.42049748024652084,-0.34584363378472555
-0.01930105375138229,-0.020615433589835825,0.0,-0.23007076491330156,0.992730834385151,-0.09033804017243052,-0.5155281069361813
-0.012418398278804447,-0.014436833356587781,0.0,0.11225332687156983,1.1890912842798944,-0.8811433246153253,-0.20437334397348864
-0.017666204594300676,-0.018859064112584274,0.0,0.0014565758239449536,-0.07655419312924501,-0.04248733845137324,-0.016007931645437786
-0.015150702142792197,-0.02386022056812259,0.0,-0.031645898288761624,0.12558146517799434,-0.20839432464917843,-0.022298980707346806
-0.0173317034684835,-0.019422682962010232,0.0,0.048428088210126445,0.08903702809314652,-0.2176006498639159,-0.05839115114080293
-0.015150702142792197,-0.02386022056812259,0.0,-0.05377477567664038,-0.2112622830213203,-0.19841800087213782,0.44685068156398117
-0.010103064241615684,-0.012005285486097446,0.0,0.6240436117495202,1.709043171068525,-0.6629702921796405,0.00043364797202423064
-0.016492519551376223,-0.015914626703175797,0.0,0.048114391914321236,-0.16206466792509938,0.0802908519085358,-0.05677163460812621
-0.026512483245636435,-0.02160360369545217,0.0,0.007498249141373331,-0.12464608018243543,-0.0708911850219494,0.06416813732292344
-0.012418398278804447,-0.014436833356587781,0.0,0.1067008660402017,1.1849118752618082,-0.8882676758975676,-0.31878340642956515
-0.018248670479681733,-0.016953900381406848,0.0,0.1765391462331444,-0.6312230212264613,2.5165907796719416,-2.1994481455296473
-0.012418398278804447,-0.014436833356587781,0.0,0.11225379803256816,1.1890620950863928,-0.8812346665808217,-0.20437334397348864
3.795083186774376,2.5594439036027907,0.0,0.33745041860466196,0.14690488482035885,0.921453518802258,2.403863425475861
-0.07448577968331888,-0.03287215960853734,0.0,0.011517329105397925,-0.261750808858906,-0.10312934578418817,0.2898585756495418
-0.07448577968331888,-0.03208692692424164,0.0,0.011696588923298,-0.26175075762003847,-0.09923114314864706,0.2838638053849286
-0.032178817537220857,-0.02417200247819341,0.0,-0.00043904267043084387,-0.15853429247387923,-0.05702186676332523,0.09993665205922074
-0.016322430423833197,-0.018136421132508067,0.0,0.02071808343125571,-0.02095691761590743,-0.09231493765435954,-0.0340499287234233
-0.017666204594300676,-0.018859064112584274,0.0,-0.0032821928059088967,-0.0832391373052813,-0.04067006960974787,0.004656593721237083
-0.02215533565309544,-0.022414321119724568,0.0,0.277639642062634,-0.39544997621926603,0.1827266361410997,1.1094094366163347
-0.01723117881451158,-0.020370575234164665,0.0,0.003761439059552745,-0.15336146185441885,0.03385397082053669,-0.004335263142456862
-0.026512483245636435,-0.021604369686401958,0.0,0.007499109964085224,-0.12463583554049286,-0.07072148085504357,0.06416813732292344
-0.010955428473700487,-0.016915665572326793,0.0,0.07795022899700314,-0.07190699272573968,0.059245428001917455,-0.004447217153120186
-0.017666204594300676,-0.018859064112584274,0.0,-0.003445793415785334,-0.0697308477196289,-0.05689643399180481,0.0046677534422530035
-0.017487218807104285,-0.016915665572326793,0.0,0.03978509405649898,-0.08835746561957758,-0.007444769782415587,-0.015766473875178228
-0.017602539681659927,-0.019647991087962904,0.0,0.010214022915533558,-0.13173179702577265,-0.04054852234906246,0.029626788186252872
-0.018604663385270483,-0.01727279184511604,0.0,-0.2369927271938486,1.0366836807257218,-0.42049748024652084,-0.34584363378472555
-0.017627156318749705,-0.017203064360769467,0.0,-0.1935488968508972,0.9485714546865504,-0.2261017916452439,-0.5740021221894277
-0.01729985422151399,-0.01912596385168385,0.0,0.008188528920327382,-0.06891415259316537,-0.02520512817894344,-0.035687796870713925
-0.032180515398218174,-0.02749294803586055,0.0,-0.010654998628622115,-0.16742863170045874,-0.04629995767528406,0.11837379096447286
-0.01729985422151399,-0.01912596385168385,0.0,0.008188528920327382,-0.06891415259316537,-0.02520512817894344,-0.035687796870713925
-0.014126778712620818,-0.01583098143544064,0.0,0.01611326657724434,-0.10871214996531336,0.03864919864466985,-0.05269107426747257
-0.02756711700317631,-0.02823266438401888,0.0,0.08281249192545515,0.23621434069384292,-0.1611452055266818,0.1311160263284872
-0.018228042630064466,-0.019087854030192655,0.0,0.0033657004006440337,-0.11316216142893679,-0.0022750957727162248,-0.02033168131399514
-0.016188531869809147,-0.01968394697208172,0.0,0.005356977090663934,-0.031708430681020194,-0.0984325192616826,0.004422131310860654
-0.07448577968331888,-0.034439006306496135,0.0,0.011517311331754565,-0.261751757013903,-0.10300296375595251,0.2914715052804659
-0.007306596166380315,-0.01255451822092692,0.0,-0.03910694560274716,1.0750040410637378,-0.7639495256385112,-0.38793448830582217
-0.018604663385270483,-0.01727279184511604,0.0,-0.23680250801858202,1.0347958576716494,-0.4142948750507022,-0.3457042333891266
-0.017050305795971627,-0.019087854030192655,0.0,-0.0023275814522015744,-0.1089119166807834,-0.0021357764944682093,-0.02444279845265783
-0.016594932211223806,-0.017912127885792644,0.0,-0.048337688150191106,-0.2555080191443445,0.3360398874052132,-0.1618599261598175
-0.0198122621857047,-0.02195569665408112,0.0,0.0037492638794561577,-0.1005928397384226,-0.002936315579773756,-0.020715254808848525
-0.032180515398218174,-0.02749294803586055,0.0,-0.010055378810311322,-0.166829617891562,-0.05369771627231127,0.11837379096447286
-0.07341409508844662,-0.03055759261302029,0.0,-0.008709522081135837,-0.2001414822829256,-0.11104199395496914,0.2521671204493615
-0.030695628694052218,-0.021779825174646546,0.0,0.07647343884410103,-0.032739578192414,-1.970642403620025,1.8501957468913195
-0.01930105375138229,-0.020685161074182397,0.0,-0.23176951958705866,1.0279082006482714,-0.19716537235742204,-0.37938419459747513
-0.03325219999309041,-0.029043651137521123,0.0,0.011303674424059358,-0.22886085465180134,-0.033946158959391994,0.15108292711069954
-0.016188531869809147,-0.01968394697208172,0.0,0.005356977090663934,-0.031708430681020194,-0.0984325192616826,0.004422131310860654
-0.017477304070200865,-0.018346060026661785,0.0,0.025373215438476905,-0.03375895710630288,-0.06794980800498851,-0.05155451223881998
-0.010955428473700487,-0.016915665572326793,0.0,0.07838827849701101,-0.06774300004330246,0.06459445338434093,0.0017118199323364188
-0.028785196506718916,-0.028196190538404067,0.0,-0.004989132721136765,-0.14176870747914636,-0.063597145356469,0.09506633473479771
-0.01915741873197649,-0.02231733489742058,0.0,0.0107276911723457,-0.14721405622079553,-0.026154621010901238,0.03114666947184091
-0.016188531869809147,-0.019424739075178152,0.0,0.0007042324871418679,-0.043481914365148054,-0.09056538193635143,0.0032852771550515715
-0.07448577968331888,-0.03208692692424164,0.0,0.011517977725655054,-0.261750808858906,-0.10312934578418817,0.28926465637537924
-0.012196817263414407,-0.011830819221587895,0.0,-0.5881376087835839,1.0512648879129391,-0.31323064728232075,-0.30943422750040545
-0.018897789261874142,-0.022221263101776474,0.0,0.0046280085257948385,-0.07288854060124796,-0.0062568994532535204,-0.007146426573214696
-0.012098187990096815,-0.013803497310613892,0.0,0.14458874174866423,1.2863681391445991,-0.9593076893910725,-0.11728534189716817
-0.04682266503045331,-0.03208692692424164,0.0,0.011222054106314367,-0.2543733453376641,-0.06920123247933224,0.22522922289694333
-0.0173317034684835,-0.019422682962010232,0.0,0.05184495149245204,0.07693794700866204,-0.2167343885361712,-0.020145093051869754
-0.03212610810554655,-0.0203317740424611,0.0,0.006433295561728973,-0.07086077361784802,-0.08409487800199425,0.03327804832664146
-0.017487218807104285,-0.017176929582398283,0.0,0.03748594872486221,-0.0980979834559626,-0.007084931835826452,-0.007768178872108025
-0.017846580654210808,-0.016706026678173076,0.0,0.03788566090273549,-0.08970936694466616,-0.010987863090602436,-0.017504234537677313
-0.018897789261874142,-0.021984903190618073,0.0,0.008370013522659321,-0.06862122944311776,-0.005602396066339853,-0.014522792272083897
-0.03605622403968496,-0.03204143749541641,0.0,0.011882962923052303,-0.25095954016018146,-0.04387254037299498,0.17942546967725664
-0.018604663385270483,-0.01727279184511604,0.0,-0.2369927271938486,1.0366836807257218,-0.42049748024652084,-0.34584363378472555
-0.016322430423833197,-0.018346060026661785,0.0,0.030012147055686632,-0.0261500887799113,-0.07930950780135673,-0.04426117566603701
-0.012422290901546356,-0.021959999091704985,0.0,-0.01141141970053173,-0.05904453208239137,0.010962126274204094,-0.058119789377013197
-0.07448577968331888,-0.034439006306496135,0.0,0.011517311331754565,-0.261751757013903,-0.10300296375595251,0.2914715052804659
-0.009425321039393962,-0.018346060026661785,0.0,0.03729735942097059,-0.011643960415178773,-0.07734535687566706,-0.08204404802220673
-0.05263992070103611,-0.03055759261302029,0.0,-0.009153253683233921,-0.19189524701788227,-0.0779016268367149,0.19004556961997518
-0.032271707494961624,-0.02728011771434746,0.0,0.0037702321057123717,-0.09557576096957004,-0.06739901378650412,0.05346449633848341
-0.019159116592973806,-0.022325422067029716,0.0,0.011110917577017333,-0.1577511451170275,-0.011326065085082047,0.031134960368249594
-0.016078457458585355,-0.01598343589090149,0.0,0.029039978459767253,-0.050989037107208646,-0.04435578816454036,-0.05763621955738334
-0.016492519551376223,-0.015914626703175797,0.0,0.022630781557700423,-0.14732762641139205,0.04517745723124773,-0.05511196440119392
-0.026512483245636435,-0.021602385746780736,0.0,0.007222083980333325,-0.12439136448245433,-0.07106471504684646,0.06412852513423091
-0.02215533565309544,-0.022414321119724568,0.0,0.06300639513771056,0.039590075698773444,-0.05214258696743718,0.0724707465085393
-0.03212610810554655,-0.021693128927125046,0.0,0.0069298163029045175,-0.08900705703426719,-0.08586747045857267,0.05348298155610355
-0.07448577968331888,-0.03208692692424164,0.0,0.011696588923298,-0.26175075762003847,-0.09923114314864706,0.2838638053849286
-0.016322430423833197,-0.018616969916103718,0.0,0.019214424894855826,-0.025805846457713544,-0.09119155550237097,-0.032472095374386556
-0.006947234319273789,-0.01257942231984001,0.0,-0.017867642935377223,1.0892677924653227,-0.7395013994634472,-0.4004151492293056
-0.01863452535161186,-0.02195569665408112,0.0,-0.0015826194710153025,-0.09600736118124635,-0.00024167536108353908,-0.023137088359614484
-0.037635540114778245,-0.020550576197604812,0.0,0.07378863347703732,0.08269829351598205,-1.8108295100511298,2.2574707285672013
-0.016078457458585355,-0.01598343589090149,0.0,0.029039978459767253,-0.050989037107208646,-0.04435578816454036,-0.05763621955738334
-0.017337704564467694,-0.025339936094567805,0.0,0.0002012757742136506,-0.17018936623000055,0.09230738641329261,-0.06386561948668742
-0.034982841583815406,-0.030503695666795283,0.0,-0.008631403178630793,-0.18741795677855458,-0.05741422530184606,0.14850374965285423
-0.01582917002270262,-0.019422682962010232,0.0,0.0014874518552797935,-0.05096389495190961,-0.04362810382585743,-0.019393354380889204
-0.022131083674985962,-0.022084866174505603,0.0,0.023606461865678822,-0.07623116744743295,-0.010497021515818734,-0.03594972671717093
-0.03451169511652668,-0.021779825174646546,0.0,0.23199899444362723,0.2083019599166557,-1.7370335065668991,2.269749829467802
-0.017949417312030678,-0.019087854030192655,0.0,-0.00848024889089993,-0.11625908932127413,0.017209798645614872,-0.02773048065309409
-0.019257151108980665,-0.021959999091704985,0.0,0.01100714211123269,-0.06263250692571744,-0.02154423773964318,-0.042984588890192535
-0.017487218807104285,-0.017176929582398283,0.0,0.03774898703894755,-0.0967829490797156,-0.008491344058942578,-0.00705293898599196
-0.012060603930782128,-0.016249168537793426,0.0,0.0392931696820479,-0.09474656134513923,0.02609186968607595,-0.059961794384661496
-0.017627156318749705,-0.017203064360769467,0.0,-0.20211882708518028,0.9419965793378842,-0.22710531620313767,-0.5476989415543608
-0.015150702142792197,-0.02386022056812259,0.0,-0.009321857358130061,0.18380640304716284,-0.2430693790839158,-0.031082355267556813
-0.017477304070200865,-0.018136421132508067,0.0,0.01607915181404598,-0.02856578594229896,-0.08095523785799133,-0.04134326529620629
-0.018604663385270483,-0.017331982716640857,0.0,-0.05816236504281741,1.1650990007915694,-0.014882169283244335,-0.43542058441990306
-0.02375580801805397,-0.021596730753575898,0.0,0.05052550346123288,-0.08831142275150791,-0.019853805323454633,-0.06127452825605051
-0.007306596166380315,-0.012646244215797986,0.0,-0.04648062112557098,1.0874699779510706,-0.7701307313585881,-0.36569887612557256
-0.01863452535161186,-0.021981385453583305,0.0,-0.00041238321715861964,-0.09375984218153387,-0.0033957383501909823,-0.023049655277733234
-0.007266453744538808,-0.013203183579701868,0.0,0.07547308562419779,1.1170010513268311,-0.8647977628021767,-0.3846865249296586
-0.010496843261049188,-0.019422682962010232,0.0,0.018589828308944963,0.08792501873812207,-0.18656360846457062,-0.043126836902087524
-0.017627156318749705,-0.017203064360769467,0.0,-0.1935488968508972,0.9485714546865504,-0.2261017916452439,-0.5740021221894277
-0.04632163167016785,-0.03203335032580728,0.0,0.01090027900950343,-0.253568009568331,-0.06481049571003668,0.21580516491544385
-0.01862493105841759,-0.016953900381406848,0.0,0.2962807057697331,-0.5181589845042192,2.2264792732875915,-2.1134608237475696
-0.017679899738498296,-0.018859064112584274,0.0,-0.011477865077013783,-0.08795563433468793,-0.008820365360385418,-0.01533534530017336
-0.016322430423833197,-0.018136421132508067,0.0,0.02071808343125571,-0.02095691761590743,-0.09231493765435954,-0.0340499287234233
-0.007139675324537426,-0.012938821105455061,0.0,1.1189611222824456,1.1366703808895324,-2.1943762337449173,-0.2403542756110339
-0.00744842657434001,-0.013002779174681924,0.0,-0.031074982908361432,1.1441546508685814,-0.6112904522821712,-0.3979725810566489
-0.02651418110663375,-0.021610472916389872,0.0,0.00820493020331575,-0.13432943956978946,-0.06363391771805442,0.0641168160306396
-0.016322430423833197,-0.018616969916103718,0.0,0.019214424894855826,-0.025805846457713544,-0.09119155550237097,-0.032472095374386556
-0.01930105375138229,-0.020615433589835825,0.0,-0.23007076491330156,0.992730834385151,-0.09033804017243052,-0.5155281069361813
-0.0340960325368084,-0.022715520128551325,0.0,0.00914064226967268,-0.17742457493905592,-0.05541596174904171,0.10782694220844322
-0.017487218807104285,-0.016940569671239882,0.0,0.03809519588029973,-0.0897977629336741,-0.01335301456880397,-0.015699750585993176
-0.03325219999309041,-0.029266406965536895,0.0,0.011903299289966097,-0.22809696756387404,-0.04249302492817892,0.15258517760408777
-0.01729985422151399,-0.019371969642212696,0.0,0.012754538431160251,-0.07855608519132708,-0.011957865516691209,-0.021891552023201314
-0.01930105375138229,-0.020615433589835825,0.0,-0.23007076491330156,0.992730834385151,-0.09033804017243052,-0.5155281069361813
-0.04632163167016785,-0.03208692692424164,0.0,0.011222125774267093,-0.2543896114369518,-0.06931162600991164,0.22429885862069562
-0.03325219999309041,-0.029043651137521123,0.0,0.011903294242370141,-0.22165439323798097,-0.04727681451632366,0.1510969073205788
-0.017487218807104285,-0.016940569671239882,0.0,0.037823677355868064,-0.09433198738410589,-0.011060244710535277,-0.008477246716402093
-0.020137746081875973,-0.018440416748245713,0.0,0.012157609421236774,-0.05153091916498055,0.009503569613552856,-0.05374202167987838
-0.010443196923602936,-0.017969323115900663,0.0,1.071210161374718,-0.1246494848121329,-1.0341516362981635,-0.07057746653186851
-0.016188531869809147,-0.01968394697208172,0.0,0.005356977090663934,-0.031708430681020194,-0.0984325192616826,0.004422131310860654
-0.010099850258174139,-0.01668618983398199,0.0,-0.47178466308014977,-0.2636357821773615,1.5157732523653025,-0.9103699941783666
-0.00744842657434001,-0.013002779174681924,0.0,-0.02358260621082485,1.1784530055870692,-0.601361748802917,-0.3643158876956829
-0.03365425725120314,-0.030490734393755853,0.0,-0.0112557247366784,-0.15884089379063676,-0.058427854302800064,0.11897723834309715
-0.017659216068620514,-0.018891420858617045,0.0,0.008188528920327382,-0.06891415259316537,-0.018995803915877314,-0.037045530949507514
-0.028889131481101667,-0.024495973108776724,0.0,0.0004250723680386323,-0.17219939401952927,-0.02631103614807296,0.08862591311049985
-0.014008725403510199,-0.015444434093873393,0.0,-0.050074306225196895,-0.5408003794406505,-0.0296441909360921,0.49124681061181985
-0.01571352015118431,-0.018248047894946735,0.0,0.009571948315053718,-0.05699872211327377,-0.06157709936685289,-0.016422930318109215
-0.01584453143047413,-0.019444069323888553,0.0,-0.0032556116370780286,-0.04829353390536995,-0.07907413401937513,0.009141695798097342
-0.05371160529590835,-0.03208692692424164,0.0,0.01190536337122809,-0.25351016699095386,-0.06915786141826277,0.22714310554599287
-0.032147898132020035,-0.02204986571814493,0.0,-0.0011397316896514286,-0.10948341713424428,-0.00956469463022191,0.012760579686346763
-0.017846580654210808,-0.016915665572326793,0.0,0.037862582048523524,-0.06845478971854863,-0.019748266621831382,-0.05402028633322118
-0.01670507146582739,-0.01583098143544064,0.0,0.014310618920609633,-0.10512174939283318,0.018889200665278782,-0.05752935924411933
-0.026512483245636435,-0.019686251999232303,0.0,0.0073283595476448795,-0.12208526462409461,-0.07461968349058466,0.06604607462402429
-0.018264707509671036,-0.01683154255053413,0.0,-0.16662482462593153,-0.2573261150298267,0.927858399139546,-0.6422683920249472
-0.018604663385270483,-0.01727279184511604,0.0,-0.22141465631407403,1.029302431459984,-0.22735905028980977,-0.3616205207277915
-0.006947234319273789,-0.01257942231984001,0.0,-0.017867642935377223,1.0892677924653227,-0.7395013994634472,-0.4004151492293056
-0.07341409508844662,-0.03055759261302029,0.0,-0.008709522081135837,-0.2001414822829256,-0.11104199395496914,0.2521671204493615
-0.03250197477854307,-0.024658702632092393,0.0,0.0002878028356017075,-0.1697238912213705,-0.048208373945627374,0.1048392270492079
-0.007266453744538808,-0.013203183579701868,0.0,0.07424350458951848,1.1175192180092959,-0.8560461150021544,-0.38339746037895406
-0.00744842657434001,-0.013166818734153443,0.0,-0.031074982908361432,1.1441546508685814,-0.5999500370212324,-0.40301776511467136
-0.017659216068620514,-0.019101059752770762,0.0,0.004947629542145042,-0.06533431251611443,-0.02594788927310362,-0.03824387013680479
-0.032180515398218174,-0.02749294803586055,0.0,-0.010112540602139432,-0.15937972546222134,-0.05954328458772348,0.11900292717357626
-0.00744842657434001,-0.013002779174681924,0.0,-0.04568071165465558,1.1678289464407252,-0.601361748802917,-0.3589624186711804
-0.014126778712620818,-0.01583098143544064,0.0,0.01611326657724434,-0.10871214996531336,0.03864919864466985,-0.05269107426747257
-0.04632163167016785,-0.03208692692424164,0.0,0.011609511419840126,-0.25438330425296884,-0.06867260173851542,0.22429885862069562
-0.045251644936292926,-0.030490734393755853,0.0,-0.011863881200589732,-0.20144457809872288,-0.06222814838447605,0.18369867495669337
-0.016322430423833197,-0.018370964125574873,0.0,0.018841112488416998,-0.022593734291782467,-0.08037901036419022,-0.0343173355201594
-0.017477304070200865,-0.018136421132508067,0.0,0.01607915181404598,-0.02856578594229896,-0.08095523785799133,-0.04134326529620629
-0.017659216068620514,-0.01912596385168385,0.0,0.008188528920327382,-0.06891415259316537,-0.017644248864724096,-0.03706427768930828
-0.021948279639857075,-0.02211973621355264,0.0,0.004571723420279012,-0.10550167948375,0.028554253670788576,-0.02954127231387961
-0.02375580801805397,-0.021596730753575898,0.0,0.05052550346123288,-0.08831142275150791,-0.019853805323454633,-0.06127452825605051
-0.02375580801805397,-0.02122357436896206,0.0,0.043831549760805014,-0.08570301223124321,-0.03626510113364571,-0.062017424203772493
-0.017477304070200865,-0.018346060026661785,0.0,0.025403695858320127,-0.034080308322518675,-0.06788601011662435,-0.05081834274053956
-0.01729985422151399,-0.01912596385168385,0.0,0.011911810981674991,-0.07645568598162807,-0.00891206107423527,-0.023058246530121906
-0.01723117881451158,-0.021369932466108424,0.0,-0.0019502051822370562,-0.07615303939265124,-0.03200311992221853,-0.03756948009952663
-0.016322430423833197,-0.018136421132508067,0.0,0.02071808343125571,-0.02095691761590743,-0.09231493765435954,-0.0340499287234233
-0.01809855736116346,-0.018440416748245713,0.0,0.014106637136615332,-0.04386782161630429,-0.006785680134898022,-0.047181449896963164
-0.017659216068620514,-0.018891420858617045,0.0,0.008188528920327382,-0.06891415259316537,-0.018995803915877314,-0.037045530949507514
-0.032180515398218174,-0.02749294803586055,0.0,-0.011843712190705437,-0.16620033428596118,-0.04619236755965058,0.11898814625554051
-0.017666204594300676,-0.018859064112584274,0.0,-0.003445793415785334,-0.0697308477196289,-0.05689643399180481,0.0046677534422530035
-0.01582917002270262,-0.019422682962010232,0.0,0.00211000680885183,-0.051092879204007985,-0.04286560412723013,-0.020509404379468354
-0.016492519551376223,-0.015914626703175797,0.0,0.022630781557700423,-0.14732762641139205,0.04517745723124773,-0.05511196440119392
-0.012422290901546356,-0.021959999091704985,0.0,-0.0213199270920354,-0.05732687011995832,0.02015563589264312,-0.03736115680887559
-0.017659216068620514,-0.018891420858617045,0.0,0.008188528920327382,-0.06891415259316537,-0.018995803915877314,-0.037045530949507514
-0.012423564094711957,-0.021700791194801415,0.0,-0.0006814835847654737,-0.05961209637454731,-0.011540685512979846,-0.05619174144554992
-0.05083507711465367,-0.03076379827457662,0.0,0.015487073049970046,-0.14355900450258147,-0.005333981629289851,0.05358888398603193
-0.015590906223412637,-0.02208282988099353,0.0,0.05731273380325941,0.008060724379815906,-0.09320486229890312,-0.04464090930995729
-0.07448577968331888,-0.03208692692424164,0.0,0.011517977725655054,-0.261750808858906,-0.10312934578418817,0.28926465637537924
-0.00935367166237484,-0.019422682962010232,0.0,-0.01798644319430042,-0.03890327848606224,-0.022752075263427485,-0.060837803840969165
-0.017666204594300676,-0.018859064112584274,0.0,0.0015968186009987903,-0.06581250473348559,-0.043446797042685954,-0.016425592596331473
-0.07448577968331888,-0.03208692692424164,0.0,0.01190536337122809,-0.26174450167492297,-0.10249032151279194,0.28926465637537924
-0.046323329531165164,-0.03204143749541641,0.0,0.011283505414175067,-0.264105098464563,-0.049981939784217395,0.21579345581185252
-0.04524994707529561,-0.030503695666795283,0.0,-0.008187509267099158,-0.19336895425018993,-0.07666218729372529,0.18488571599732936
-0.032178817537220857,-0.02417200247819341,0.0,-0.00043904267043084387,-0.15853429247387923,-0.05702186676332523,0.09993665205922074
-0.018604663385270483,-0.01727279184511604,0.0,-0.2318014080676722,1.0501350528745235,-0.24059496044146214,-0.3759584334034043
-0.07448577968331888,-0.032084942984620425,0.0,0.011419562939546114,-0.26150628656199987,-0.09957437734044992,0.2838241931962361
-0.031826306914369794,-0.020287409901203788,0.0,0.005012613572705939,-0.08127256671189874,-0.0517228828175032,0.01862798506383331
-0.07341409508844662,-0.032909671995274774,0.0,-0.008710188475036323,-0.20014243043792262,-0.11091561192673348,0.2543739693544482
-0.011237247099580478,-0.015485951947267752,0.0,-0.39895164292242175,-0.2631294583471753,2.4923477908015528,-1.9967090012663726
-0.018157711809724496,-0.017660737057957215,0.0,0.019315635983396078,-0.1760381329045975,0.022665711461771935,0.018095712845388995
-0.017477304070200865,-0.018136421132508067,0.0,0.015208607679487372,-0.03421229820838962,-0.07010994061690998,-0.04279329353544852
-0.018604663385270483,-0.01727279184511604,0.0,-0.23680250801858202,1.0347958576716494,-0.4142948750507022,-0.3457042333891266
-0.017337704564467694,-0.0254295642719668,0.0,0.007345775193617501,-0.1543800573550984,0.07315965381064526,-0.05091765140701363
-0.026512483245636435,-0.02160360369545217,0.0,0.007498249141373331,-0.12464608018243543,-0.0708911850219494,0.06416813732292344
-0.00744842657434001,-0.013002779174681924,0.0,-0.04568071165465558,1.1678289464407252,-0.601361748802917,-0.3589624186711804
-0.017627156318749705,-0.017203064360769467,0.0,-0.20230904626044685,0.9438844023919566,-0.23330792139895629,-0.5478383419499598
-0.00935367166237484,-0.019422682962010232,0.0,-0.027894950585804094,-0.04124119918549307,-0.013654285610513121,-0.04413475393469545
-0.016972341621376976,-0.019213044067856514,0.0,0.05305673413730052,0.0974812725533383,-0.2578357201231528,0.006821570126714376
-0.033250502132093095,-0.025936207230418007,0.0,0.009228566100290487,-0.22137225377342593,-0.045043622233191964,0.14630121479325178
-0.015150702142792197,-0.02386022056812259,0.0,-0.011762873560802389,0.17054849435290562,-0.23264228918086977,-0.033977775672268486
-0.017659216068620514,-0.019371969642212696,0.0,0.007242224326075442,-0.06962769561101498,-0.029914618450017916,-0.031092415262252638
-0.02375580801805397,-0.02122357436896206,0.0,0.039996261052969474,-0.07793641387020897,-0.03668411240072928,-0.07197991831165551
-0.03451169511652668,-0.021779825174646546,0.0,0.07774822214910312,0.05089259392484889,-1.8988962323583136,1.8590478909472334
-0.028889131481101667,-0.024495973108776724,0.0,0.0004250723680386323,-0.17219939401952927,-0.02631103614807296,0.08862591311049985
-0.018604663385270483,-0.017331982716640857,0.0,-0.2370177353607086,1.0369478635826006,-0.4178550231344135,-0.3345208264904905
-0.018604663385270483,-0.01727279184511604,0.0,-0.2369927271938486,1.0366836807257218,-0.42049748024652084,-0.34584363378472555
-0.03212780596654387,-0.021680167654085616,0.0,0.004984615957979962,-0.09026207205906028,-0.08478434857739624,0.05231072143350326
-0.032178817537220857,-0.027505143317950193,0.0,-0.008926486499163168,-0.1593632012550009,-0.05913110829486076,0.11842818407120113
-0.016385370713753376,-0.01673352780558294,0.0,0.04389686612414539,-0.10524612132496153,-0.03104598876018707,-0.07206025035036596
-0.07341409508844662,-0.032909671995274774,0.0,-0.010657187456356059,-0.20014237919905511,-0.10914301947015508,0.25324132142054046
-0.020281143655464583,-0.024750393364993455,0.0,0.06874667187913813,0.09169757136039718,-0.18400500588364296,-0.08091917307124041
-0.017679899738498296,-0.018859064112584274,0.0,-0.011477865077013783,-0.08795563433468793,-0.008820365360385418,-0.01533534530017336
-0.017337704564467694,-0.0254295642719668,0.0,0.009037507318547414,-0.15187399177255606,0.06949627834000249,-0.04875799559623025
-0.016322430423833197,-0.018616969916103718,0.0,0.019214424894855826,-0.025805846457713544,-0.09119155550237097,-0.032472095374386556
-0.010021415210069617,-0.016249168537793426,0.0,0.04002227338766206,-0.09245914453715066,0.008025818798879548,-0.05728477168720758
-0.027001381200406797,-0.020776844379512913,0.0,0.04470600200313014,-0.07973349551173303,-0.02637862578393426,-0.08618934188302924
-0.012418398278804447,-0.014436833356587781,0.0,0.11075344410942972,1.1822037259498421,-0.8836063166018808,-0.2136877607097626
-0.00533757048444989,-0.011172074874937644,0.0,0.024080013986145246,1.0749329312059988,-0.7030744697148391,-0.47236250443882005
-0.009354944855540441,-0.019163475065106662,0.0,-0.007374120904979439,-0.042386099637104956,-0.047119604051975295,-0.06006603276540689
-0.016322430423833197,-0.018370964125574873,0.0,0.01984753929669711,-0.026603429881998066,-0.08011808536212496,-0.03551870370246627
-0.03659842252289175,-0.02728011771434746,0.0,0.005851732124791734,-0.10065040116577233,-0.005319249755313114,0.05919794177918392
-0.015635341186398487,-0.016804551636731137,0.0,0.07284037358201509,4.2814311716969105,-2.173843744342377,-2.629322019044623
-0.025708444816458096,-0.01699826452266416,0.0,0.44602063171199324,-0.39850621481320975,1.8925198910253502,-1.9546704647136803
-0.029856881101591154,-0.029725524849625436,0.0,0.015416978283297085,-0.20337798281625918,-0.051786294550146765,0.12676301967036463
-0.03212610810554655,-0.0203317740424611,0.0,0.008380294543048717,-0.07086082485671553,-0.08586747045857267,0.034410696260549226
-0.016188531869809147,-0.019422682962010232,0.0,0.0006494295428640806,-0.036436153098698146,-0.05246687602372717,-0.05796630391281034
-0.017666204594300676,-0.018859064112584274,0.0,-0.003445793415785334,-0.0697308477196289,-0.05689643399180481,0.0046677534422530035
-0.026003170868517604,-0.019647991087962904,0.0,0.007769991520008768,-0.13204670455887638,-0.05356750230489337,0.05965318125740782
-0.018604663385270483,-0.01727279184511604,0.0,-0.2317425014549435,1.0361383961426678,-0.24298768577150598,-0.3832553454291774
-0.022131083674985962,-0.022084866174505603,0.0,0.019334704334776957,-0.09732491318900706,-0.008125009840297135,-0.020287956836033735
-0.03212610810554655,-0.0203317740424611,0.0,0.006433295561728973,-0.07086077361784802,-0.08409487800199425,0.03327804832664146
-0.017659216068620514,-0.01912596385168385,0.0,0.008188528920327382,-0.06891415259316537,-0.017644248864724096,-0.03706427768930828
-0.014865437975756174,-0.021629140363011994,0.0,0.006783507010885218,-0.06534504079298302,-0.017188558765737234,-0.03449029128638539
-0.017752395253950136,-0.01819774433786144,0.0,0.006079161052261245,-0.25054117943804166,0.8456048273809708,-0.727613219753396
-0.02215533565309544,-0.022414321119724568,0.0,0.277639642062634,-0.39544997621926603,0.1827266361410997,1.1094094366163347
-0.01930105375138229,-0.020685161074182397,0.0,-0.2312281514543894,1.038800921176025,-0.19040245364985234,-0.3812418329734822
-0.015756383312356268,-0.017093749393811624,0.0,-0.06274042849506416,-0.020109037325806624,-0.09164317983314348,-0.0013932921220671116
-0.017666204594300676,-0.018859064112584274,0.0,0.0014565758239449536,-0.07655419312924501,-0.04248733845137324,-0.016007931645437786
-0.017666204594300676,-0.018859064112584274,0.0,0.0015968186009987903,-0.06581250473348559,-0.043446797042685954,-0.016425592596331473
-0.018228042630064466,-0.019087854030192655,0.0,0.0033657004006440337,-0.11316216142893679,-0.0022750957727162248,-0.02033168131399514
-0.012271230824707244,-0.02138174185941864,0.0,1.222565205868773,3.3488429960400525,0.2566125756215938,1.4917948681807305
-0.017666204594300676,-0.018859064112584274,0.0,0.0014565758239449536,-0.07655419312924501,-0.04248733845137324,-0.016007931645437786
-0.0198122621857047,-0.02211973621355264,0.0,0.0037492638794561577,-0.1005928397384226,0.008404099681164944,-0.02576043886687096
-0.03325219999309041,-0.029043651137521123,0.0,0.011142955733491835,-0.2215472333284802,-0.045056854853062066,0.1485334999585495
-0.045251644936292926,-0.03054463133998086,0.0,-0.012392511986179114,-0.2015062689945122,-0.06248899761911759,0.18599984271855777
-0.018604663385270483,-0.01727279184511604,0.0,-0.2369927271938486,1.0366836807257218,-0.42049748024652084,-0.34584363378472555
-0.01596306857672667,-0.018370964125574873,0.0,0.01984753929669711,-0.026603429881998066,-0.08767896467634433,-0.03414222288387192
-0.01729985422151399,-0.01912596385168385,0.0,0.008188528920327382,-0.06891415259316537,-0.02520512817894344,-0.035687796870713925
-0.018604663385270483,-0.01727279184511604,0.0,-0.23239648142680716,1.0267474030025816,-0.22127526985957538,-0.39391596224273423
-0.017659216068620514,-0.018891420858617045,0.0,0.008188528920327382,-0.06891415259316537,-0.018995803915877314,-0.037045530949507514
-0.012116124503775557,-0.011553474753700043,0.0,-0.5010121449333722,1.0249913885777888,-0.38415876526293935,-0.3031941985474447
-0.0198122621857047,-0.02211973621355264,0.0,0.0037492638794561577,-0.1005928397384226,0.0014206338938784532,-0.02576043886687096
-0.07448577968331888,-0.03287215960853734,0.0,0.011517329105397925,-0.261750808858906,-0.10312934578418817,0.2898585756495418
-0.017659216068620514,-0.019371969642212696,0.0,0.007242224326075442,-0.06962769561101498,-0.029914618450017916,-0.031092415262252638
-0.018604663385270483,-0.01727279184511604,0.0,-0.23114921794696477,1.0336349916067795,-0.24287974223064157,-0.3566178299278872
-0.03212780596654387,-0.021680167654085616,0.0,0.0038530641877247466,-0.08987621946897979,-0.08476408710625508,0.05230992072534673
-0.03498453944481272,-0.030490734393755853,0.0,-0.011864043510023275,-0.19550548120816177,-0.04278809341632192,0.14731670861221824
-0.03325219999309041,-0.029043651137521123,0.0,0.011303674424059358,-0.22886085465180134,-0.033946158959391994,0.15108292711069954
-0.018474269007141466,-0.017820900245953564,0.0,0.05594258103675579,-0.38865752830117684,1.2045931067668185,-0.9907672102059736
-0.016492519551376223,-0.015998413582429424,0.0,0.013272290579474879,-0.3003944685070838,0.21490636647091602,0.15251551925449652
-0.05264161856203343,-0.03054463133998086,0.0,-0.012385894014626407,-0.19998277144748947,-0.0632754949511908,0.18885852857933913
-0.02170262856697045,-0.019776051978956228,0.0,0.03789544317940355,-0.06047371914529727,-0.06868725055895374,-0.0004982405817969648
-0.017221629057259703,-0.01598343589090149,0.0,0.02938859414440983,-0.05361035813174788,-0.03756260521957254,-0.060670375768681166
-0.02170262856697045,-0.019776051978956228,0.0,0.03789544317940355,-0.06047371914529727,-0.06868725055895374,-0.0004982405817969648
-0.03472594184607538,-0.03204143749541641,0.0,0.011292042059775608,-0.22870787557029726,-0.032850990145609736,0.1510580389883769
-0.018604663385270483,-0.01727279184511604,0.0,-0.22141465631407403,1.029302431459984,-0.22735905028980977,-0.3616205207277915
-0.017627156318749705,-0.017203064360769467,0.0,-0.1935488968508972,0.9485714546865504,-0.2261017916452439,-0.5740021221894277
-0.03659842252289175,-0.02728011771434746,0.0,0.005565995131796304,-0.09631174609247099,-0.00635395991303003,0.06308267312867956
-0.01930105375138229,-0.020615433589835825,0.0,-0.23007076491330156,0.992730834385151,-0.09033804017243052,-0.5155281069361813
-0.017050305795971627,-0.019087854030192655,0.0,-0.001184925332219994,-0.10667502917275805,-0.006796796107733356,-0.023930120733294778
-0.017050305795971627,-0.01911354282969484,0.0,-1.46890783633215e-05,-0.10442751017304557,-0.009950859096840802,-0.02384268765141353
-0.03325219999309041,-0.029043651137521123,0.0,0.011303674424059358,-0.22886085465180134,-0.033946158959391994,0.15108292711069954
-0.026512483245636435,-0.019686251999232303,0.0,0.0073283595476448795,-0.12208526462409461,-0.07461968349058466,0.06604607462402429
-0.01868658510210508,-0.01871499668319404,0.0,0.010340983502817508,-0.07068715717164711,-0.0032102600053154815,0.03153015710051821
-0.017659216068620514,-0.018891420858617045,0.0,0.008188528920327382,-0.06891415259316537,-0.018995803915877314,-0.037045530949507514
-0.018474269007141466,-0.017820900245953564,0.0,-0.08163823187391647,-0.3365299303514402,0.6884739851763253,-0.41685305350908675
-0.022839997062789687,-0.024879486026477337,0.0,0.06233805053292264,0.1821559673699755,-0.33417069522116544,0.05600170774772888
-0.018604663385270483,-0.017331982716640857,0.0,-0.2370177353607086,1.0369478635826006,-0.4178550231344135,-0.3345208264904905
-0.017666204594300676,-0.018859064112584274,0.0,0.0014565758239449536,-0.07655419312924501,-0.04248733845137324,-0.016007931645437786
-0.014865437975756174,-0.021629140363011994,0.0,0.00616598722970687,-0.06500664565692427,-0.0182294725318866,-0.03450804773600561
-0.03212610810554655,-0.0203317740424611,0.0,0.006433295561728973,-0.07086077361784802,-0.08409487800199425,0.03327804832664146
3.2329987239495335,2.454386263096434,0.0,0.2124247119949396,0.02806452243609086,-0.27497637327592295,1.2149830641396506
-0.006947234319273789,-0.01257942231984001,0.0,-0.017867642935377223,1.0892677924653227,-0.7395013994634472,-0.4004151492293056
-0.017221629057259703,-0.01598343589090149,0.0,0.02548513155839832,-0.061487011086261444,-0.051573654016316965,-0.057984955747975915
-0.028889131481101667,-0.024495973108776724,0.0,0.0004250723680386323,-0.17219939401952927,-0.02631103614807296,0.08862591311049985
-0.04632163167016785,-0.032035334265428504,0.0,0.011386079441185406,-0.253806224681254,-0.06772643988237867,0.22124562809458706
-0.012518375815543489,-0.013311790645720812,0.0,-0.14722859090319296,1.0738849200901506,-0.3018344891000152,-0.09471699431318202
-0.017659216068620514,-0.018891420858617045,0.0,0.008188528920327382,-0.06891415259316537,-0.018995803915877314,-0.037045530949507514
-0.032178817537220857,-0.027484860866251414,0.0,-0.010102187234872547,-0.15920647436677246,-0.0589078702167104,0.11900292717357626
-0.017666204594300676,-0.018859064112584274,0.0,-0.0032821928059088967,-0.0832391373052813,-0.04067006960974787,0.004656593721237083
-0.018248670479681733,-0.01695262892325427,0.0,-0.0487769989166025,-0.2951871349826837,1.0815773915597915,-0.8538853372008814
-0.01760084182066261,-0.01964188785797499,0.0,0.00983931259970357,-0.12877805186839428,-0.04445786937277518,0.028479091586819816
-0.046323329531165164,-0.032093030154229554,0.0,0.01150693739282978,-0.26468217803627775,-0.05092810164035414,0.2188466863379611
-0.07448577968331888,-0.03287215960853734,0.0,0.011904714750970961,-0.26174450167492297,-0.10249032151279194,0.2898585756495418
-0.016078457458585355,-0.01598343589090149,0.0,0.029039978459767253,-0.050989037107208646,-0.04435578816454036,-0.05763621955738334
-0.04632163167016785,-0.032035334265428504,0.0,0.01099869379561237,-0.25381253186523706,-0.0683654641537749,0.22124562809458706
-0.01930105375138229,-0.020615433589835825,0.0,-0.22878366272772,0.9933639866373302,-0.09450191654355933,-0.5542115456035683
-0.03325219999309041,-0.029043651137521123,0.0,0.011303674424059358,-0.22886085465180134,-0.033946158959391994,0.15108292711069954
-0.029836890725429565,-0.02412684553856694,0.0,-0.053899500828281134,-0.2724931217299628,0.17408497271885665,0.0367665294629541
-0.018897789261874142,-0.021984903190618073,0.0,0.008370013522659321,-0.06862122944311776,-0.005602396066339853,-0.014522792272083897
-0.03514068634488679,-0.02065984485410334,0.0,0.029603892590597532,-0.07966026671421474,-0.12790047931242232,0.07770426517637723
-0.02858999435030228,-0.024495973108776724,0.0,-0.3319014862723926,-0.5072070114914977,0.15293299028604823,0.5397601294732041
-0.017212394236886995,-0.018153691366602158,0.0,-0.0015162371218188648,-0.04721512424305725,-0.05871921902097407,-0.03364610159064151
0.07969525447235007,0.012933922598823817,0.0,0.011543942735872163,-0.10756101599991198,-0.04933125718249864,-0.022143241791383664
-0.0198122621857047,-0.02195569665408112,0.0,0.0037492638794561577,-0.1005928397384226,-0.002936315579773756,-0.020715254808848525
-0.018228042630064466,-0.019087854030192655,0.0,-0.008522844980578155,-0.11545951978331408,0.017209798645614872,-0.02591288467702838
-0.017659216068620514,-0.018891420858617045,0.0,0.008188528920327382,-0.06891415259316537,-0.018995803915877314,-0.037045530949507514
-0.032180515398218174,-0.027715703863876322,0.0,-0.011244087324798691,-0.1588289995931103,-0.06067213048834203,0.12050437695880796
-0.018604663385270483,-0.01727279184511604,0.0,-0.23542039997715533,1.0349342058770046,-0.3861765718353024,-0.35504248044568215
-0.016188531869809147,-0.019424739075178152,0.0,0.0007042324871418679,-0.043481914365148054,-0.09056538193635143,0.0032852771550515715
-0.016078457458585355,-0.01598343589090149,0.0,0.029490159581458647,-0.05099958587114916,-0.04365788746329005,-0.05653948445031275
-0.0198122621857047,-0.02195569665408112,0.0,-0.003889130558581711,-0.11636418113363825,0.030972484735070516,-0.03069350406788593
-0.04575267829657839,-0.03054463133998086,0.0,-0.012392583654131836,-0.20149000289522445,-0.06237860408853819,0.18693020699480548
-0.03325219999309041,-0.029043651137521123,0.0,0.01120641819316819,-0.22953347867656704,-0.03021506630737281,0.14636180734895807
-0.018228042630064466,-0.019087854030192655,0.0,-0.008522844980578155,-0.11545951978331408,0.017209798645614872,-0.02591288467702838
-0.04524994707529561,-0.03055759261302029,0.0,-0.008716140052688543,-0.19343064514597927,-0.07692303652836682,0.18718688375919382
-0.03212780596654387,-0.021680167654085616,0.0,0.0038530641877247466,-0.08987621946897979,-0.08476408710625508,0.05230992072534673
-0.0173317034684835,-0.019422682962010232,0.0,0.05442851829063868,0.08113505699764145,-0.2029331204199811,-0.013910633763043022
-0.032178817537220857,-0.027484860866251414,0.0,-0.00891347367278922,-0.16043477178127,-0.059015460332343866,0.1183885718825086
-0.04632163167016785,-0.03208692692424164,0.0,0.011222125774267093,-0.2543896114369518,-0.06931162600991164,0.22429885862069562
-0.017133303630865848,-0.018106182378468623,0.0,0.030164081502279793,-0.03833258137957087,-0.050339618640942385,-0.08063516298597713
-0.031598011789271255,-0.023123646442102217,0.0,0.009187017006391204,-0.11643576417920197,-0.0750235188603366,0.06362040895164052
-0.0173317034684835,-0.019422682962010232,0.0,0.05091430124750987,0.07968225393854332,-0.20939288968880468,-0.02000617641770473
-0.019257151108980665,-0.021984903190618073,0.0,0.010257329932126153,-0.06610314983952231,-0.0025508771056090736,-0.010068076044210138
-0.07341579294944395,-0.032896710722235344,0.0,-0.011786940590216104,-0.2010115928726352,-0.10981222857441592,0.25320090852369137
-0.007713490657375906,-0.01188013850616312,0.0,0.17053190569701018,1.1340124294996459,-1.0389705472172577,-0.3521239333017493
-0.04524994707529561,-0.03055759261302029,0.0,-0.009159871654786631,-0.193418744564905,-0.0771151295046417,0.18718688375919382
-0.03498453944481272,-0.030490734393755853,0.0,-0.011864043510023275,-0.19550548120816177,-0.04278809341632192,0.14731670861221824
-0.018604663385270483,-0.01727279184511604,0.0,-0.2369927271938486,1.0366836807257218,-0.42049748024652084,-0.34584363378472555
-0.00879074509781737,-0.012993544685548154,0.0,0.16160240935907608,1.2695655827263,-1.4550096431311472,-0.05257958918241552
-0.025936141997471726,-0.024624664452633806,0.0,0.02593078984675865,-0.070867972093188,-0.0025769478681045414,-0.050369909912497894
-0.02021968464027604,-0.018268939508915002,0.0,0.04271886347987241,-0.052919039217689416,0.015633309718728013,-0.02812352514907856
-0.017337704564467694,-0.0254295642719668,0.0,0.009037507318547414,-0.15187399177255606,0.06949627834000249,-0.04875799559623025
-0.045750980435581075,-0.03055759261302029,0.0,-0.008716211720641267,-0.1934143790466915,-0.07681264299778742,0.18811724803544153
-0.01062264212238462,-0.018905783296090696,0.0,-1.6324310596777096,4.559568378132989,-2.8808178087046263,2.2238180677567945
-0.01723117881451158,-0.021369932466108424,0.0,-0.0019502051822370562,-0.07615303939265124,-0.03200311992221853,-0.03756948009952663
-0.019257151108980665,-0.021959999091704985,0.0,0.006129863812144202,-0.05634275682899144,-0.013474908505282794,-0.053572328647662655
-0.009291937352883592,-0.013753503253105068,0.0,0.19867816355172005,1.4046240030109531,-1.3620627200540312,-0.0013960547582501938
-0.01729985422151399,-0.01912596385168385,0.0,0.008188528920327382,-0.06891415259316537,-0.02520512817894344,-0.035687796870713925
-0.017443730728962745,-0.021369932466108424,0.0,-0.05501706273858717,-0.48039816201609753,0.026214411140997523,0.44491261112290165
-0.01915741873197649,-0.0223193188370418,0.0,0.01082610595845464,-0.1474585785177016,-0.02970958945463946,0.036587132650984115
-0.007139675324537426,-0.012938821105455061,0.0,1.118349990542293,1.137086100206503,-2.198376143097219,-0.24157672832886898
-0.01582917002270262,-0.01944758706092332,0.0,0.005278075470038168,-0.027991908638506355,-0.09135039123181087,0.006719698787777968
-0.017666204594300676,-0.018859064112584274,0.0,-0.003445793415785334,-0.07104552663877706,-0.05197417003036659,0.0003400713665379458
-0.036087773917436096,-0.02728011771434746,0.0,0.007831147288154948,-0.09966770075028598,0.0029627408153090127,0.043345720565226446
-0.029690414642366995,-0.01433985961440658,0.0,0.00916920820816323,-0.1446499186673022,-0.06587899595667719,0.0729095929793403
-0.01863452535161186,-0.021981385453583305,0.0,0.0003582550653318802,-0.08571932787900513,-0.014706035036516378,-0.025418200382873648
-0.017659216068620514,-0.018891420858617045,0.0,0.008188528920327382,-0.06891415259316537,-0.018995803915877314,-0.037045530949507514
-0.0308995042385093,-0.020848618534621974,0.0,0.06794565669964045,-0.3869064294480132,-1.67346966913345,2.041324865972333
-0.01631533099698851,-0.015677120286777115,0.0,0.04322178384405732,-0.03283858203751959,-0.11277844436735575,0.06300723161206681
-0.032180515398218174,-0.02749294803586055,0.0,-0.011843712190705437,-0.16620033428596118,-0.04619236755965058,0.11898814625554051
-0.017477304070200865,-0.018136421132508067,0.0,0.01607915181404598,-0.02856578594229896,-0.08095523785799133,-0.04134326529620629
-0.017487218807104285,-0.016940569671239882,0.0,0.037823677355868064,-0.09433198738410589,-0.011060244710535277,-0.008477246716402093
-0.022839997062789687,-0.02482029515495252,0.0,0.07120991456424662,0.2189926658779549,-0.16328302065262995,0.10801123454382273
-0.02651418110663375,-0.021610472916389872,0.0,0.007605310385004962,-0.13492845337868617,-0.05623615912102723,0.0641168160306396
-0.00935367166237484,-0.019422682962010232,0.0,-0.027894950585804094,-0.04124119918549307,-0.013654285610513121,-0.04413475393469545
-0.01729985422151399,-0.01912596385168385,0.0,0.008188528920327382,-0.06891415259316537,-0.02520512817894344,-0.035687796870713925
-0.006947234319273789,-0.01257942231984001,0.0,-0.017867642935377223,1.0892677924653227,-0.7395013994634472,-0.4004151492293056
-0.01670507146582739,-0.01583098143544064,0.0,-0.02484813542119742,-0.6110152851030863,0.1278543403538689,0.44627343522789886
-0.026512483245636435,-0.021604369686401958,0.0,0.007320498766442275,-0.12463588677936038,-0.07461968349058466,0.06956898831337414
-0.016972341621376976,-0.019422682962010232,0.0,0.05065739478012638,0.07710238997220184,-0.2115328662588267,-0.015591051624632604
-0.017487218807104285,-0.016940569671239882,0.0,0.03788566090273549,-0.08970936694466616,-0.017197187353668535,-0.016146500458883738
-0.07341409508844662,-0.031342825297315975,0.0,-0.008710170701392964,-0.2001414822829256,-0.11104199395496914,0.2527610397235241
-0.017221629057259703,-0.01598343589090149,0.0,0.02938859414440983,-0.05361035813174788,-0.03756260521957254,-0.060670375768681166
-0.07341409508844662,-0.031342825297315975,0.0,-0.010657169682712696,-0.2001414310440581,-0.10926940149839073,0.2516283917896163
-0.017846580654210808,-0.016940569671239882,0.0,0.037823677355868064,-0.09433198738410589,-0.0034993653963159193,-0.009853727534996437
-0.018897789261874142,-0.021984903190618073,0.0,0.006748991786560851,-0.06894604163904358,-0.009847249311671103,-0.014018463753802092
-0.012060603930782128,-0.016249168537793426,0.0,0.0392931696820479,-0.09474656134513923,0.02609186968607595,-0.059961794384661496
-0.058301155558638046,-0.03834699506216368,0.0,0.011432963501219818,-0.24358015604443564,-0.06363540759602891,0.22192903168210912
-0.032178817537220857,-0.02419228492989219,0.0,-0.0004520554968047929,-0.15746272194761007,-0.05713751472584212,0.09997626424791327
-0.018228042630064466,-0.019087854030192655,0.0,0.0033657004006440337,-0.11316216142893679,-0.0022750957727162248,-0.02033168131399514
-0.02856130033551115,-0.024495973108776724,0.0,-0.31365521725218043,-0.432489812196749,0.10857081882168802,0.5185894007643255
-0.017659216068620514,-0.01912596385168385,0.0,0.008188528920327382,-0.06891415259316537,-0.017644248864724096,-0.03706427768930828
-0.017659216068620514,-0.018891420858617045,0.0,0.008188528920327382,-0.06891415259316537,-0.018995803915877314,-0.037045530949507514
-0.032016841346635246,-0.021889093831145075,0.0,0.006823069663034192,-0.013578323711263947,-0.12431532409975077,0.06212047890801904
-0.012418398278804447,-0.014436833356587781,0.0,0.12023164529261274,1.2229623054126042,-0.9351365350828411,-0.16068860507958302
-0.018604663385270483,-0.01727279184511604,0.0,-0.2369927271938486,1.0366836807257218,-0.42049748024652084,-0.34584363378472555
-0.030695628694052218,-0.021779825174646546,0.0,0.2280803831926923,0.12478181623640529,-1.9363127243408877,2.157664719946366
-0.010498116454214789,-0.019163475065106662,0.0,0.037182284905999216,0.08678447553458495,-0.22041086884754685,-0.06384744481538188
-0.017050305795971627,-0.01911354282969484,0.0,-1.46890783633215e-05,-0.10442751017304557,-0.009950859096840802,-0.02384268765141353
-0.017659216068620514,-0.018891420858617045,0.0,0.008188528920327382,-0.06891415259316537,-0.018995803915877314,-0.037045530949507514
-0.017666204594300676,-0.018859064112584274,0.0,-0.003445793415785334,-0.0697308477196289,-0.05689643399180481,0.0046677534422530035
-0.046323329531165164,-0.032093030154229554,0.0,0.01150693739282978,-0.26468217803627775,-0.05092810164035414,0.2188466863379611
-0.020201481298802025,-0.019345562444263442,0.0,0.045400167333644575,0.05958679148124238,-0.17739301477134414,-0.03521605820953228
-0.018897789261874142,-0.021959999091704985,0.0,0.010059911698858585,-0.06816260985603936,0.0027078850080186788,-0.018455235628976843
-0.01930105375138229,-0.01727279184511604,0.0,-0.2324143670609399,1.0284860444049648,-0.20226576241776137,-0.38194843076413926
-0.033250502132093095,-0.024861251598752562,0.0,0.00017624693800922527,-0.1785645458191759,-0.042948478146153816,0.11178498889488135
-0.014841168926232818,-0.01543127920693047,0.0,-0.01721692666311097,0.05522237923528666,-0.17549337063428785,-0.023381714236657476
-0.053713303156905666,-0.032093030154229554,0.0,0.011802789344217744,-0.2638090407742628,-0.05141336132010147,0.2216909332632584
-0.012675241721833045,-0.02386022056812259,0.0,0.030238365603702532,0.07626711672296478,-0.6280514561067467,0.5191434515839565
-0.006947234319273789,-0.01257942231984001,0.0,-0.017867642935377223,1.0892677924653227,-0.7395013994634472,-0.4004151492293056
-0.01596306857672667,-0.018370964125574873,0.0,0.01984753929669711,-0.026603429881998066,-0.08767896467634433,-0.03414222288387192
-0.017143121238382613,-0.018464504331969885,0.0,-0.6472535099266428,1.1582191412920038,-0.13691958218075756,-0.24009192115953928
-0.00929142248536991,-0.019422682962010232,0.0,-0.015817335281326925,-0.038683123566299105,-0.026730053720126212,-0.0706073777571265
-0.010496843261049188,-0.019422682962010232,0.0,0.028498335700448643,0.09026293943755291,-0.19566139811748498,-0.05982988680836128
-0.010103064241615684,-0.012005285486097446,0.0,0.6240436117495202,1.709043171068525,-0.6629702921796405,0.00043364797202423064
-0.02541334090106429,-0.023220423955245754,0.0,-0.08988284398962562,-0.07459433286118326,-0.08323036140692751,0.19645978217549198
-0.03498453944481272,-0.030490734393755853,0.0,-0.011864043510023275,-0.19550548120816177,-0.04278809341632192,0.14731670861221824
-0.016078457458585355,-0.01598343589090149,0.0,0.029490159581458647,-0.05099958587114916,-0.04365788746329005,-0.05653948445031275
-0.018897789261874142,-0.021984903190618073,0.0,0.008370013522659321,-0.06862122944311776,-0.005602396066339853,-0.014522792272083897
-0.017050305795971627,-0.01911354282969484,0.0,0.00022920768212936223,-0.10101429638239252,-0.01541272527751396,-0.02384268765141353
-0.012429790919111935,-0.014072488899618584,0.0,0.13375620951667835,1.258630349611746,-1.0795619528191394,-0.17109353202165029
-0.012060603930782128,-0.016249168537793426,0.0,0.039860106121215357,-0.09251750425920967,0.023577684537703987,-0.056098035690087054
-0.02756711700317631,-0.028057764427550053,0.0,0.08349513254420181,0.23905016841654467,-0.21409281181955755,0.05249295483940209
-0.01392870314499925,-0.01718139821921873,0.0,0.04522293258792897,-0.11205724640114499,0.03233325980757011,-0.058723192936786496
-0.006947234319273789,-0.01257942231984001,0.0,0.0041120779621751985,1.1374568309587891,-0.7036831945773269,-0.33434876781852946
-0.07448577968331888,-0.03208692692424164,0.0,0.01190536337122809,-0.26174450167492297,-0.10249032151279194,0.28926465637537924
-0.03451169511652668,-0.021779825174646546,0.0,0.22948436830827837,0.2082944106420969,-1.8542025004560834,2.1701673387478904
-0.017477304070200865,-0.018541943636469542,0.0,0.004833623223846899,-0.02162101668203068,-0.07490502782686942,-0.044529506754822486
-0.012424221144768606,-0.01685590516541849,0.0,0.11553839075942826,1.3280539771884399,-1.0376380941436094,-0.35478635837026995
-0.021293231699274252,-0.020183240914613976,0.0,0.007480775477942411,-0.18490609555555254,0.039606317841493724,0.09928554467908365
-0.0173317034684835,-0.019422682962010232,0.0,0.048428088210126445,0.08903702809314652,-0.2176006498639159,-0.05839115114080293
-0.018811166960372352,-0.020370575234164665,0.0,0.002945838009945872,-0.16527305058986053,-0.002856791065342766,0.032215704953774224
-0.00753719917052644,-0.012479443188068286,0.0,-0.15677004924545285,2.4441494852057684,4.118644537013642,-6.850512311013584
-0.018474269007141466,-0.017826491682828037,0.0,-0.5488085268966758,-0.46498188053716477,1.8518125410173452,-0.9756773499672055
-0.018498520464374706,-0.017418255858813174,0.0,0.04193687111872844,-0.1382754304099278,0.01795138645789728,-0.02744931876480026
-0.017477304070200865,-0.018136421132508067,0.0,0.015725453951898734,-0.031399479014840255,-0.07179314476397852,-0.04553250006088105
-0.01782458142834593,-0.025375097544386608,0.0,0.005829409077491621,-0.15423819769774463,0.07255015094676054,-0.054347060398210974
-0.01582917002270262,-0.01944758706092332,0.0,0.005278075470038168,-0.027991908638506355,-0.09135039123181087,0.006719698787777968
-0.017212394236886995,-0.017874162489059243,0.0,0.02810943315432923,-0.025670007176782424,-0.059324184320369254,-0.06279330345244227
-0.03325219999309041,-0.029043651137521123,0.0,0.010543335915181038,-0.22875369474230056,-0.03172619929613041,0.14851951974867025
-0.017666204594300676,-0.018859064112584274,0.0,-0.003445793415785334,-0.0697308477196289,-0.05689643399180481,0.0046677534422530035
-0.01930105375138229,-0.01727279184511604,0.0,-0.22872950427732675,1.0298131415708627,-0.21402565926105022,-0.39264290182463263
-0.02856130033551115,-0.024495973108776724,0.0,-0.31365521725218043,-0.432489812196749,0.10857081882168802,0.5185894007643255
-0.03451169511652668,-0.021779825174646546,0.0,0.23199899444362723,0.2083019599166557,-1.7370335065668991,2.269749829467802
-0.03325219999309041,-0.02486735482874048,0.0,-0.0001111324130095537,-0.17849332585658623,-0.04392712670896975,0.11174537670618882
-0.03325219999309041,-0.02486735482874048,0.0,0.0008820671772397583,-0.18165070224354884,-0.04179381196906914,0.11085664282965436
-0.010955428473700487,-0.016915665572326793,0.0,0.07795022899700314,-0.07190699272573968,0.059245428001917455,-0.004447217153120186
-0.016943683714795793,-0.01851544302787989,0.0,0.026205371567334417,-0.07025765703798749,-0.028497305476909932,-0.027413390931984333
-0.017666204594300676,-0.018859064112584274,0.0,-0.003445793415785334,-0.0697308477196289,-0.05689643399180481,0.0046677534422530035
-0.016322430423833197,-0.018346060026661785,0.0,0.030042627475529854,-0.026471439996127097,-0.07924570991299257,-0.04352500616775659
-0.04682266503045331,-0.03208692692424164,0.0,0.011609439751887404,-0.2543670381536811,-0.06856220820793602,0.22522922289694333
-0.016188531869809147,-0.019424739075178152,0.0,0.0007042324871418679,-0.043481914365148054,-0.09056538193635143,0.0032852771550515715
-0.01729985422151399,-0.01912596385168385,0.0,0.008188528920327382,-0.06891415259316537,-0.02520512817894344,-0.035687796870713925
-0.017487218807104285,-0.016940569671239882,0.0,0.037823677355868064,-0.09433198738410589,-0.011060244710535277,-0.008477246716402093
-0.012360041724541426,-0.021959999091704985,0.0,-0.009968484918915036,-0.057618132008940684,0.008522016978880413,-0.06940627410845095
-0.017487218807104285,-0.017176929582398283,0.0,0.03748594872486221,-0.0980979834559626,-0.007084931835826452,-0.007768178872108025
-0.07448577968331888,-0.03208692692424164,0.0,0.011517977725655054,-0.261750808858906,-0.10312934578418817,0.28926465637537924
-0.018604663385270483,-0.01727279184511604,0.0,-0.2317425014549435,1.0361383961426678,-0.24298768577150598,-0.3832553454291774
-0.017627156318749705,-0.017203064360769467,0.0,-0.20211882708518028,0.9419965793378842,-0.22710531620313767,-0.5476989415543608
-0.00935367166237484,-0.019422682962010232,0.0,-0.027894950585804094,-0.04124119918549307,-0.013654285610513121,-0.04413475393469545
-0.015590906223412637,-0.02208282988099353,0.0,0.05731273380325941,0.008060724379815906,-0.09320486229890312,-0.04464090930995729
-0.01930105375138229,-0.020685161074182397,0.0,-0.2312281514543894,1.038800921176025,-0.19040245364985234,-0.3812418329734822
-0.017661005566564105,-0.018859064112584274,0.0,0.05146103623641389,-0.1628255892274613,0.646495006039478,-0.664417149723193
-0.01571352015118431,-0.018248047894946735,0.0,0.009571948315053718,-0.05699872211327377,-0.06157709936685289,-0.016422930318109215
-0.017050305795971627,-0.01911354282969484,0.0,0.00022920768212936223,-0.10101429638239252,-0.01541272527751396,-0.02384268765141353
-0.022131083674985962,-0.022084866174505603,0.0,0.023606461865678822,-0.07623116744743295,-0.010497021515818734,-0.03594972671717093
-0.015267689287524106,-0.021629140363011994,0.0,0.015452476191965542,-0.13463456785234595,-0.017200083138300088,-0.0008297227778891554
-0.02215533565309544,-0.022414321119724568,0.0,0.277639642062634,-0.39544997621926603,0.1827266361410997,1.1094094366163347
-0.016188531869809147,-0.019422682962010232,0.0,0.0006494295428640806,-0.036436153098698146,-0.05246687602372717,-0.05796630391281034
-0.01760084182066261,-0.019641121867025203,0.0,0.009866127036664226,-0.13180511501308093,-0.04088813237937538,0.026912087319640194
-0.007266453744538808,-0.013203183579701868,0.0,0.07424350458951848,1.1175192180092959,-0.8560461150021544,-0.38339746037895406
-0.017679899738498296,-0.018859064112584274,0.0,-0.011477865077013783,-0.08795563433468793,-0.008820365360385418,-0.01533534530017336
-0.012418398278804447,-0.014436833356587781,0.0,0.10520098327806161,1.178024316931756,-0.8907306678841231,-0.3280978231658389
-0.017846580654210808,-0.016940569671239882,0.0,0.037823677355868064,-0.09433198738410589,-0.0034993653963159193,-0.009853727534996437
-0.017659216068620514,-0.018891420858617045,0.0,0.008188528920327382,-0.06891415259316537,-0.018995803915877314,-0.037045530949507514
